session_id,label,split,y,window_center_s,rx1_mean_profile_mean,rx1_mean_profile_std,rx1_mean_profile_median,rx1_temporal_std_mean,rx1_temporal_std_median,rx1_temporal_std_max,rx1_temporal_absdiff_mean,rx1_temporal_diff_std,rx1_baseline_abs_mean,rx1_baseline_abs_median,rx1_baseline_abs_max,rx1_baseline_rmse,rx1_baseline_corr,rx2_mean_profile_mean,rx2_mean_profile_std,rx2_mean_profile_median,rx2_temporal_std_mean,rx2_temporal_std_median,rx2_temporal_std_max,rx2_temporal_absdiff_mean,rx2_temporal_diff_std,rx2_baseline_abs_mean,rx2_baseline_abs_median,rx2_baseline_abs_max,rx2_baseline_rmse,rx2_baseline_corr,cross_baseline_absmean_difference,cross_baseline_absmean_average,cross_baseline_absmean_max,cross_motion_absdiff_average,cross_motion_absdiff_max
empty_01,empty,train,0,1.0348665999999997,1.0008588,0.077852964,0.999546,0.013450113,0.013282333,0.02281944,0.009618693,0.012370749,0.0054511456,0.0051095486,0.0137704015,0.006514963,0.9967258,0.9186227,0.18790379,1.0110403,0.022196483,0.02132995,0.038924526,0.013613535,0.01789282,0.012195027,0.0066478252,0.0436911,0.017262112,0.9993425,0.006743882,0.0088230865,0.012195027,0.0116161145,0.013613535
empty_01,empty,train,0,1.5148665999999997,1.0004284,0.07802273,1.0005352,0.013262942,0.013572659,0.022559337,0.009430465,0.012125733,0.00541874,0.005102873,0.015514612,0.006665784,0.9967038,0.92123693,0.18501465,1.0092931,0.020241065,0.019992363,0.034284465,0.011771053,0.014865757,0.009489207,0.0058395863,0.032921374,0.013007004,0.99965256,0.0040704664,0.0074539734,0.009489207,0.010600759,0.011771053
empty_01,empty,train,0,1.9948665999999995,1.0008572,0.0768575,0.9986256,0.013154161,0.013338094,0.019992579,0.009452083,0.012219393,0.00453935,0.0037174225,0.014010549,0.0056256563,0.99742144,0.92409796,0.18278247,1.0114747,0.019463608,0.019107047,0.033257674,0.011466878,0.014510466,0.00762932,0.006189227,0.025805056,0.009587093,0.9997716,0.00308997,0.006084335,0.00762932,0.010459481,0.011466878
empty_01,empty,train,0,2.4748665999999995,1.0010399,0.07629735,0.9969098,0.013070101,0.013108455,0.019715324,0.009676365,0.012540447,0.0039877864,0.0033251643,0.013492942,0.0048760627,0.99802023,0.9251019,0.18309708,1.0111414,0.01935056,0.019277373,0.031638555,0.011508979,0.014679015,0.008417902,0.007848859,0.021744251,0.009875731,0.9996692,0.004430115,0.006202844,0.008417902,0.010592672,0.011508979
empty_01,empty,train,0,2.954866599999999,1.0013113,0.07560971,0.99754685,0.013418608,0.013138381,0.021291995,0.010089038,0.013121602,0.0037909234,0.0034360886,0.0096741915,0.004499376,0.99831307,0.925238,0.17824951,1.0091698,0.017086446,0.01651529,0.028692368,0.010837327,0.013891328,0.0043069464,0.003540635,0.018027902,0.0058933264,0.9997337,0.000516023,0.004048935,0.0043069464,0.010463182,0.010837327
empty_01,empty,train,0,3.4348666,1.002008,0.07427904,0.99747735,0.013389852,0.013325044,0.022987125,0.010263934,0.013281881,0.004859363,0.004863858,0.012598753,0.0055629318,0.99762243,0.92667884,0.17730205,1.0087203,0.01743037,0.017016266,0.030451393,0.011040694,0.01418587,0.0039316607,0.0033911467,0.012726903,0.0048589525,0.99974024,0.0009277025,0.004395512,0.004859363,0.010652314,0.011040694
empty_01,empty,train,0,3.9148666,1.0022072,0.07447905,0.9968078,0.01305964,0.013057891,0.022100827,0.010196697,0.013175099,0.0047282116,0.004684329,0.01142019,0.0053525227,0.99777156,0.92847747,0.17556791,1.009256,0.017935527,0.017564096,0.028264742,0.011326365,0.0146368835,0.00398986,0.0036709309,0.01488626,0.0050257733,0.9996108,0.0007383516,0.0043590358,0.0047282116,0.010761531,0.011326365
empty_01,empty,train,0,4.394866599999999,1.0016235,0.07428396,0.99717414,0.0129405465,0.012007334,0.022354048,0.009943813,0.012944854,0.004635566,0.004372835,0.011434317,0.0054444945,0.9977413,0.92884165,0.17492585,1.0100001,0.016968135,0.016654516,0.02560519,0.0108755855,0.013929293,0.003863895,0.0029717684,0.013751268,0.0049872375,0.99961704,0.00077167084,0.0042497306,0.004635566,0.0104097,0.0108755855
empty_01,empty,train,0,4.874866599999999,1.0015568,0.07391062,0.9985212,0.01252942,0.012083498,0.020324301,0.009493561,0.012363764,0.005153635,0.0049209595,0.0135599375,0.0060400665,0.99727124,0.9276778,0.17761678,1.0110432,0.018659,0.017990906,0.031202778,0.01152398,0.014749926,0.0047774683,0.003995776,0.017382145,0.005876306,0.9995772,0.00037616678,0.0049655517,0.005153635,0.01050877,0.01152398
empty_01,empty,train,0,5.354866599999999,1.0012769,0.07434778,0.99637365,0.012088731,0.011961233,0.02257269,0.00934931,0.012157239,0.0046226294,0.0045962334,0.012329221,0.005354658,0.99783397,0.92501855,0.18172997,1.0116315,0.018299174,0.017900197,0.03334846,0.011914248,0.015204324,0.00765109,0.007631421,0.019963741,0.008859866,0.9996427,0.0030284608,0.0061368598,0.00765109,0.010631779,0.011914248
empty_01,empty,train,0,5.834866599999999,1.0013049,0.07433608,0.997231,0.012129564,0.011740011,0.022492088,0.009185882,0.011919264,0.0050024823,0.0047643185,0.013945699,0.0058799875,0.99731416,0.9235489,0.18158582,1.0098548,0.017527157,0.017247183,0.033654142,0.011804529,0.014997732,0.007126333,0.00578773,0.023175716,0.008849214,0.9997698,0.0021238509,0.0060644075,0.007126333,0.010495205,0.011804529
empty_01,empty,train,0,6.3148666,1.0021061,0.07397465,0.9980859,0.011779456,0.011665003,0.020130977,0.009161105,0.011808497,0.005846419,0.0056624413,0.014495015,0.0066225855,0.9965873,0.92210144,0.18707842,1.011182,0.019604526,0.019588495,0.03345947,0.012637278,0.01606696,0.012130738,0.011573911,0.027929783,0.014360871,0.9996455,0.0062843193,0.008988579,0.012130738,0.010899192,0.012637278
empty_01,empty,train,0,6.794866599999999,1.0026033,0.07399677,0.9985414,0.012337695,0.012389845,0.019889724,0.009390135,0.0121783335,0.005792153,0.005609274,0.0149053335,0.0066597266,0.9965761,0.9209369,0.189976,1.01081,0.019398484,0.019218389,0.03308175,0.012198419,0.015474856,0.014928512,0.01482296,0.031480014,0.017545331,0.99953926,0.009136359,0.010360332,0.014928512,0.010794277,0.012198419
empty_01,empty,train,0,7.274866599999999,1.0026908,0.07361701,0.999442,0.012888217,0.012246963,0.01996338,0.009415859,0.012329391,0.006105516,0.0060963035,0.015281856,0.0070988867,0.9961992,0.9214709,0.19529903,1.0084456,0.021507952,0.022517664,0.033685014,0.012127377,0.0153971445,0.020577906,0.0216403,0.037698805,0.023254946,0.99882984,0.01447239,0.013341711,0.020577906,0.010771618,0.012127377
empty_01,empty,train,0,7.754866599999998,1.0029466,0.07444047,0.99736845,0.013405537,0.012938145,0.021343028,0.009622643,0.012549006,0.0049170954,0.004391372,0.015496314,0.005799995,0.99743205,0.9225645,0.19556098,1.0082664,0.021136662,0.021332176,0.034069803,0.011906554,0.015172517,0.02144149,0.024177074,0.039135456,0.02382975,0.9984138,0.016524393,0.013179293,0.02144149,0.010764599,0.011906554
empty_01,empty,train,0,8.234866599999998,1.0027286,0.074941285,0.99792856,0.01339604,0.012933651,0.0218118,0.009510345,0.012476564,0.0040726913,0.003852129,0.012778461,0.004877427,0.998136,0.9227375,0.19070338,1.0123436,0.02426143,0.024285786,0.039561912,0.011385766,0.014494143,0.016644105,0.017099977,0.03132826,0.01855959,0.9990181,0.012571414,0.010358399,0.016644105,0.010448055,0.011385766
empty_01,empty,train,0,8.714866599999999,1.0025055,0.07466589,0.9956022,0.013163544,0.012496404,0.021976069,0.009329544,0.012097656,0.0043045687,0.0041594505,0.014526546,0.0051074508,0.99797046,0.9171122,0.19453417,1.0126348,0.02863869,0.027322792,0.052690554,0.01204469,0.01547724,0.020312425,0.019097567,0.043629706,0.02377971,0.99907964,0.016007856,0.012308497,0.020312425,0.0106871165,0.01204469
empty_01,empty,train,0,9.1948666,1.0022681,0.0749271,0.9962125,0.012427455,0.012253823,0.020818483,0.009025572,0.011681291,0.0041487957,0.003974557,0.010666132,0.0048750583,0.9980924,0.9141174,0.19608252,1.0113533,0.029019712,0.025709303,0.057331994,0.012620835,0.01626978,0.021411944,0.017522216,0.052164733,0.026382262,0.99916315,0.017263148,0.01278037,0.021411944,0.010823203,0.012620835
empty_01,empty,train,0,9.6748666,1.0014966,0.074500374,0.99652463,0.012325927,0.012031892,0.020836173,0.009065294,0.011827042,0.004616405,0.0042672157,0.014397979,0.0054452065,0.99768287,0.9114017,0.20095372,1.0115334,0.028572014,0.026780482,0.05835214,0.012413152,0.016011417,0.025435738,0.018332541,0.06506753,0.031955652,0.9990041,0.020819332,0.015026072,0.025435738,0.010739222,0.012413152
empty_01,empty,train,0,10.154866599999998,1.0011054,0.07381425,0.9968289,0.012921588,0.012521959,0.021157518,0.00935761,0.012317652,0.0061652353,0.005958557,0.013606608,0.0069932397,0.996251,0.9125287,0.20604075,1.0103081,0.025847057,0.023329187,0.05581206,0.013165786,0.016893083,0.03123114,0.029715538,0.066625,0.036550395,0.9982299,0.025065906,0.018698188,0.03123114,0.011261698,0.013165786
empty_01,empty,train,0,10.634866599999999,1.0006186,0.07347311,0.99893403,0.013067074,0.012865955,0.02191864,0.0094508175,0.012448757,0.006767851,0.006636977,0.016450405,0.0075783934,0.99572295,0.9181229,0.20103475,1.0106273,0.025555834,0.022481838,0.052291475,0.012886458,0.016539777,0.026947236,0.02933997,0.051356673,0.030470854,0.99791896,0.020179385,0.016857544,0.026947236,0.011168638,0.012886458
empty_01,empty,train,0,11.114866599999997,1.000273,0.07365984,0.9971069,0.0132033015,0.012844996,0.022050012,0.009610108,0.012571256,0.0062529547,0.005918145,0.014252663,0.0071475096,0.99629754,0.921536,0.1968396,1.0099989,0.023462508,0.02245216,0.041880514,0.012708258,0.016419666,0.023380494,0.025824308,0.042948842,0.026109453,0.99773437,0.01712754,0.014816724,0.023380494,0.011159183,0.012708258
empty_01,empty,train,0,11.594866599999996,1.0005866,0.07381733,0.9968081,0.013106554,0.013043082,0.02363154,0.009486513,0.012445805,0.006004743,0.005395055,0.016874433,0.006908523,0.9964511,0.92732453,0.18956318,1.0086576,0.021839252,0.021622043,0.03730009,0.012866986,0.016623355,0.016874315,0.015967965,0.042964697,0.019836264,0.99737984,0.010869572,0.011439529,0.016874315,0.01117675,0.012866986
empty_01,empty,train,0,12.074866599999996,1.0008972,0.07372874,0.9964516,0.012508224,0.012639159,0.021502627,0.0090290485,0.011712698,0.005958608,0.005536139,0.015511274,0.0068555735,0.9964874,0.92851716,0.19559275,1.0096695,0.025643261,0.023160739,0.0510412,0.012800235,0.016488975,0.023233507,0.021688223,0.060333967,0.02741834,0.9953759,0.0172749,0.014596057,0.023233507,0.010914642,0.012800235
empty_01,empty,train,0,12.5548666,1.0013194,0.07420268,0.9981118,0.011766821,0.011385699,0.01978612,0.009004787,0.011705797,0.0053066434,0.0049524307,0.01181376,0.006181037,0.9970344,0.93499935,0.2012729,1.0136845,0.028367061,0.02528314,0.060866654,0.013463032,0.017275656,0.029309193,0.024015605,0.09057164,0.03749625,0.9907902,0.024002548,0.017307919,0.029309193,0.011233909,0.013463032
empty_01,empty,train,0,13.0348666,1.0015917,0.0741967,0.9977336,0.011771168,0.011722934,0.0198669,0.008861177,0.0115654655,0.00572826,0.0053631067,0.014074087,0.0065890728,0.99655485,0.93857914,0.1983543,1.0130713,0.02696128,0.023562377,0.05834135,0.012910573,0.016547522,0.026874907,0.018618464,0.09382689,0.037057433,0.98995924,0.021146648,0.016301583,0.026874907,0.010885875,0.012910573
empty_01,empty,train,0,13.514866599999998,1.0016556,0.074379675,0.99743724,0.0118130995,0.011760837,0.019962708,0.0089303525,0.011537588,0.005791557,0.005739808,0.01323998,0.0065559796,0.99653447,0.93776655,0.19747625,1.0138718,0.02707959,0.02267791,0.06061938,0.0129332,0.01657834,0.025749002,0.017120242,0.0913198,0.03543676,0.9907794,0.019957446,0.015770279,0.025749002,0.010931777,0.0129332
empty_01,empty,train,0,13.994866599999998,1.0019842,0.07455311,0.9982872,0.012305313,0.012048928,0.020345055,0.009201285,0.01185963,0.0054275193,0.0053344965,0.013505876,0.0061451164,0.99694175,0.93773115,0.18972985,1.0127769,0.028802318,0.025096437,0.058943987,0.013317518,0.017168604,0.01767847,0.009774625,0.074453354,0.026343761,0.9944565,0.012250951,0.011552994,0.01767847,0.011259401,0.013317518
empty_01,empty,train,0,14.474866599999999,1.0023383,0.075045474,0.9986112,0.012136708,0.01246834,0.019251088,0.009195006,0.011873392,0.0049324404,0.00500983,0.011965334,0.005630611,0.9973804,0.93530613,0.18253292,1.0109469,0.022033771,0.022083366,0.03589562,0.013337036,0.01721733,0.010846433,0.0057029724,0.05049014,0.016997727,0.99734265,0.005913993,0.007889437,0.010846433,0.011266021,0.013337036
empty_01,empty,train,0,14.954866599999995,1.002882,0.07579425,0.9984324,0.012714626,0.01291398,0.021094028,0.009536121,0.012419333,0.004267037,0.0042405725,0.01123476,0.0050013997,0.997941,0.9350585,0.18765739,1.0147548,0.026180405,0.027117258,0.042959046,0.014227753,0.01819325,0.015671946,0.009773433,0.06174171,0.021958873,0.9960299,0.011404909,0.0099694915,0.015671946,0.011881936,0.014227753
empty_01,empty,train,0,15.434866599999998,1.0025475,0.07611154,0.99790484,0.012949643,0.013007825,0.022260256,0.0095031345,0.012431317,0.0036227235,0.0032026768,0.010999799,0.0044059614,0.99836713,0.9362216,0.18943459,1.0108124,0.026468685,0.027343208,0.039457124,0.014969469,0.018920567,0.018965116,0.0127180815,0.06905401,0.025741633,0.9943638,0.015342392,0.01129392,0.018965116,0.012236302,0.014969469
empty_01,empty,train,0,15.9148666,1.0022901,0.075789,0.9994308,0.012747459,0.012657971,0.022553094,0.0091489,0.012094907,0.0034685787,0.0029889345,0.011607289,0.0042252745,0.99849,0.9347824,0.19137165,1.0125914,0.027256873,0.028051676,0.041985042,0.014918666,0.018978624,0.02125195,0.01580429,0.0682981,0.027319465,0.9937385,0.017783372,0.012360265,0.02125195,0.012033783,0.014918666
empty_01,empty,train,0,16.394866599999997,1.0018388,0.07536963,0.99947,0.012883811,0.012799763,0.02068946,0.008796329,0.011590464,0.003990591,0.0037211776,0.012203932,0.0047328984,0.9981237,0.92694104,0.19660045,1.0134376,0.0284121,0.027680365,0.048246205,0.014495058,0.018513676,0.025182331,0.025469303,0.059699416,0.029012693,0.99471295,0.02119174,0.014586461,0.025182331,0.011645693,0.014495058
empty_01,empty,train,0,16.874866599999997,1.0005971,0.07432555,0.9981381,0.012551028,0.012350697,0.02013393,0.008485819,0.011051799,0.0055835014,0.005297661,0.015265346,0.0064463173,0.9968196,0.92172074,0.19484027,1.0079426,0.02667139,0.023866612,0.04937843,0.013783378,0.01771708,0.022592157,0.024609268,0.040665984,0.024948644,0.9973097,0.017008655,0.01408783,0.022592157,0.011134598,0.013783378
empty_01,empty,train,0,17.354866599999994,1.000333,0.074083015,0.997652,0.012078023,0.011423883,0.01927029,0.008637218,0.011258925,0.006324442,0.006221056,0.017837882,0.00725354,0.9959865,0.915534,0.19878651,1.0082695,0.025384514,0.021547997,0.050458618,0.013509026,0.0174649,0.024863105,0.023226619,0.05161977,0.028688077,0.9985906,0.018538663,0.015593774,0.024863105,0.011073122,0.013509026
empty_01,empty,train,0,17.834866599999994,1.0003567,0.07420132,0.9983005,0.0122352615,0.011813595,0.020092942,0.008844353,0.01149743,0.0060196826,0.0058861375,0.016045809,0.0069599473,0.9963104,0.908188,0.20742628,1.0082127,0.02095415,0.019928707,0.035977695,0.013140696,0.01716507,0.032541446,0.023121297,0.070513666,0.039355982,0.9985977,0.026521765,0.019280564,0.032541446,0.010992525,0.013140696
empty_01,empty,train,0,18.314866599999995,1.0003881,0.074240424,0.9975382,0.012354535,0.011812245,0.019790212,0.0092210565,0.0119851185,0.005329356,0.0053805113,0.0142252445,0.006204273,0.99716806,0.90904367,0.21054126,1.0095972,0.020459685,0.019875987,0.033414252,0.012825576,0.016561761,0.035147287,0.028378367,0.073951185,0.041687544,0.99850726,0.029817931,0.020238321,0.035147287,0.0110233165,0.012825576
empty_01,empty,train,0,18.7948666,1.0008044,0.07489442,0.9985005,0.012694176,0.011789393,0.020749912,0.0098468475,0.012749052,0.0044831787,0.0039750338,0.011631727,0.0053350707,0.99778026,0.9112459,0.20860337,1.0108086,0.022648044,0.022241626,0.03670374,0.0126208635,0.01632925,0.033026733,0.02965045,0.07012808,0.038895972,0.9986696,0.028543554,0.018754955,0.033026733,0.011233855,0.0126208635
empty_01,empty,train,0,19.2748666,1.0010068,0.07430582,0.9989363,0.012306173,0.011539343,0.0215917,0.009653973,0.01248943,0.004555816,0.004289627,0.01231575,0.005415937,0.99782485,0.9148285,0.20429514,1.0111655,0.024455529,0.025092188,0.040643655,0.012872801,0.016771877,0.028720152,0.027937174,0.05915582,0.033471696,0.99884623,0.024164336,0.016637985,0.028720152,0.011263387,0.012872801
empty_01,empty,train,0,19.7548666,1.0016212,0.073626466,0.9990523,0.0126911,0.012196393,0.020922309,0.009922828,0.012796855,0.005104071,0.0047076344,0.012458324,0.005852362,0.99758285,0.920675,0.19623157,1.01275,0.024715371,0.025578218,0.043222982,0.0124055995,0.015989674,0.020783076,0.021326303,0.042375445,0.023968395,0.99906856,0.015679006,0.012943573,0.020783076,0.0111642135,0.0124055995
empty_01,empty,train,0,20.234866599999997,1.0017629,0.07394851,1.0002874,0.012801528,0.012292328,0.020773768,0.009872887,0.012741312,0.005128273,0.0047963858,0.01392436,0.0059533385,0.99734044,0.92603636,0.18657573,1.0088279,0.02346297,0.023642432,0.037400283,0.013024502,0.01681255,0.011034235,0.009953499,0.026438355,0.013308251,0.9994728,0.0059059625,0.008081254,0.011034235,0.011448694,0.013024502
empty_01,empty,train,0,20.714866599999997,1.0019231,0.07375244,1.0001855,0.012381759,0.011539143,0.019770892,0.009407075,0.0122192865,0.0050149867,0.0049659014,0.013723969,0.00584282,0.99753237,0.92870396,0.18545061,1.0085955,0.022570452,0.023973668,0.034139507,0.013168147,0.016996179,0.009864563,0.0077847242,0.032391906,0.012818985,0.9992525,0.0048495764,0.007439775,0.009864563,0.011287611,0.013168147
empty_01,empty,train,0,21.1948666,1.0021938,0.07379356,1.0003372,0.012539041,0.012465357,0.020607444,0.009449467,0.012248049,0.005685996,0.0055599213,0.015054405,0.006525772,0.99677294,0.92985797,0.18453936,1.00672,0.020218704,0.021423388,0.03207657,0.012135115,0.015593873,0.009256548,0.006450832,0.035744786,0.013121944,0.9988955,0.0035705524,0.007471272,0.009256548,0.010792291,0.012135115
empty_01,empty,train,0,21.674866599999994,1.001807,0.07418353,0.99958783,0.012367458,0.012519661,0.019014467,0.009398929,0.012181877,0.005408637,0.005127847,0.012487292,0.0061495095,0.9970464,0.9313818,0.1822382,1.0080794,0.021322943,0.02324543,0.03536546,0.012154385,0.015552863,0.0075653093,0.0037320852,0.03952217,0.012247722,0.9987469,0.002156672,0.0064869733,0.0075653093,0.010776658,0.012154385
empty_01,empty,train,0,22.154866599999995,1.0020056,0.07384257,0.9983876,0.0120051075,0.011980549,0.019779978,0.009253338,0.011937402,0.005636698,0.005510807,0.014827013,0.0064027417,0.99688804,0.93072176,0.18271501,1.0077727,0.019130459,0.019821098,0.031236243,0.011266499,0.014325865,0.008068383,0.0048326254,0.035243273,0.0119613465,0.99890393,0.0024316846,0.00685254,0.008068383,0.010259919,0.011266499
empty_01,empty,train,0,22.634866599999995,1.0016698,0.074785106,0.99685854,0.012020478,0.011446253,0.019695988,0.009376213,0.012003266,0.004455574,0.004210353,0.013507843,0.005202881,0.9978268,0.9317766,0.17754562,1.0062572,0.018932665,0.019177167,0.029598385,0.012102097,0.015768854,0.005382148,0.0030223131,0.027567983,0.0084173605,0.9992599,0.0009265742,0.004918861,0.005382148,0.010739155,0.012102097
empty_01,empty,train,0,23.114866599999996,1.0015633,0.07498076,0.9960141,0.011868632,0.011343302,0.019088084,0.009199215,0.01177286,0.004028786,0.0040284395,0.01245141,0.0047297506,0.99820083,0.930836,0.17498475,1.0073372,0.01867027,0.01950705,0.03183089,0.012817847,0.016868062,0.004136529,0.0029468536,0.01941681,0.0055502234,0.9996634,0.000107742846,0.0040826574,0.004136529,0.011008531,0.012817847
empty_01,empty,train,0,23.594866599999996,1.0011842,0.075247385,0.99536777,0.012017891,0.0113620665,0.020168688,0.009099847,0.01161096,0.0033748718,0.0031591654,0.009271741,0.004059996,0.9987005,0.92821825,0.17807518,1.0073264,0.019317307,0.018715678,0.033381287,0.01431087,0.018997064,0.004051245,0.0029995441,0.019389033,0.005512741,0.9996959,0.000676373,0.0037130583,0.004051245,0.0117053585,0.01431087
empty_01,empty,train,0,24.074866599999996,1.0013372,0.075816974,0.997218,0.012154906,0.0116204815,0.020334618,0.009039012,0.011592999,0.0028926875,0.002701521,0.007383704,0.0034377603,0.99902344,0.9255438,0.17937812,1.0070595,0.021139273,0.02041084,0.036238257,0.015853826,0.020879235,0.005414684,0.005487621,0.016498744,0.006540103,0.99973184,0.0025219964,0.0041536856,0.005414684,0.012446418,0.015853826
empty_01,empty,train,0,24.554866599999997,1.001626,0.0757054,0.9989633,0.012424498,0.011979985,0.021098819,0.009270646,0.011979843,0.0025834525,0.0022722483,0.0070695877,0.0031568264,0.9991717,0.9241199,0.18066591,1.0082839,0.020609962,0.020011166,0.03392761,0.015529026,0.020277677,0.006419244,0.0054662228,0.019616306,0.007917052,0.99976104,0.0038357917,0.0045013484,0.006419244,0.0123998355,0.015529026
empty_01,empty,train,0,25.034866599999997,1.0013927,0.07557045,0.9997896,0.012743117,0.012240876,0.022283671,0.009503043,0.012357981,0.0028387464,0.0023319721,0.0103574395,0.003511692,0.99899554,0.92345876,0.1819003,1.007151,0.02008875,0.020083005,0.033493448,0.015271967,0.019880544,0.007583124,0.0069543123,0.021846414,0.00946186,0.9996748,0.004744378,0.005210935,0.007583124,0.012387505,0.015271967
empty_01,empty,train,0,25.514866599999994,1.0015461,0.07469151,0.99756026,0.012769938,0.012578786,0.022684053,0.009531135,0.012428244,0.0037965567,0.0033487082,0.011572182,0.00469219,0.9982991,0.9236534,0.18784352,1.0131015,0.023456402,0.023248894,0.037794117,0.014769313,0.019017722,0.013651433,0.0141958,0.02920878,0.015614015,0.99914575,0.009854876,0.008723995,0.013651433,0.012150224,0.014769313
empty_01,empty,train,0,25.9948666,1.0013003,0.07341903,1.0003096,0.012766897,0.0121892085,0.021370973,0.009334536,0.0122622,0.0057752663,0.005384207,0.014113605,0.006694841,0.9967592,0.9244136,0.18918826,1.0127707,0.022553831,0.022827204,0.03639299,0.013623146,0.017448893,0.015687399,0.016498446,0.03125763,0.017672572,0.9985928,0.009912132,0.010731332,0.015687399,0.011478841,0.013623146
empty_01,empty,train,0,26.4748666,1.001977,0.07340208,1.0002584,0.012670346,0.012015807,0.023020744,0.0091614425,0.012057128,0.005668646,0.005516112,0.0142890215,0.0063899755,0.9970923,0.9266947,0.18799974,1.0119094,0.02355713,0.023989532,0.034811627,0.0139806755,0.017922578,0.015502247,0.0153231025,0.03270781,0.017811589,0.9978621,0.0098336,0.010585447,0.015502247,0.011571059,0.0139806755
empty_01,empty,train,0,26.954866599999995,1.0020332,0.07354541,1.0006001,0.012434958,0.011477903,0.022278007,0.0089590745,0.011696109,0.0051435214,0.0050233006,0.012269378,0.0058905114,0.99757415,0.9323143,0.18726467,1.0096675,0.024496144,0.025103364,0.040668804,0.013829888,0.017727694,0.017617468,0.015133858,0.04974854,0.021767672,0.99549025,0.012473946,0.011380495,0.017617468,0.011394481,0.013829888
empty_01,empty,train,0,27.434866599999996,1.0023146,0.07483088,0.9991256,0.0127337845,0.012097514,0.022375025,0.009045321,0.011701432,0.004121256,0.0037395358,0.010203183,0.0048733163,0.9981182,0.93207926,0.1922675,1.0113807,0.027434535,0.028245194,0.045935564,0.0135313505,0.017283743,0.022031184,0.019119382,0.064118505,0.027264806,0.99380225,0.01790993,0.01307622,0.022031184,0.011288336,0.0135313505
empty_01,empty,train,0,27.914866599999996,1.0022135,0.07639179,0.9983534,0.012358301,0.0122285,0.020869816,0.009235901,0.011951216,0.003288679,0.003148079,0.013431311,0.004099524,0.9985677,0.9341754,0.19673136,1.0110693,0.028956767,0.02980799,0.045307707,0.01360432,0.017450033,0.02546833,0.02047348,0.08402407,0.033011522,0.9918049,0.022179652,0.014378505,0.02546833,0.01142011,0.01360432
empty_01,empty,train,0,28.394866599999997,1.0012784,0.077009335,0.9982905,0.012663428,0.012846316,0.02303897,0.009410133,0.01219486,0.003749705,0.0034700632,0.012227774,0.0047067576,0.9981923,0.93643874,0.20082572,1.0089339,0.028400863,0.02768943,0.051689778,0.012843171,0.016613508,0.027854508,0.020100951,0.10122812,0.03796554,0.9902609,0.024104804,0.015802106,0.027854508,0.011126652,0.012843171
empty_01,empty,train,0,28.874866599999997,1.0006305,0.07761186,0.99827635,0.012854215,0.013096509,0.023516448,0.009525889,0.012319206,0.004618415,0.0042533875,0.0144639015,0.0056911614,0.99755,0.9336053,0.20687763,1.012093,0.025649033,0.024694817,0.0434076,0.012968566,0.016661655,0.03297263,0.02591014,0.1020478,0.041829687,0.9905771,0.028354215,0.018795522,0.03297263,0.011247227,0.012968566
empty_01,empty,train,0,29.354866599999994,1.0006137,0.0773234,0.9983918,0.012810514,0.0132652335,0.021738252,0.009497474,0.012313517,0.0047017965,0.0040587187,0.013758898,0.005769092,0.99741054,0.93143713,0.20629428,1.0107298,0.026053803,0.024644827,0.045708258,0.012415733,0.015904343,0.03136517,0.025927782,0.09261954,0.039023504,0.99288905,0.026663374,0.018033484,0.03136517,0.010956604,0.012415733
empty_01,empty,train,0,29.834866599999994,1.0002899,0.075996935,0.9958817,0.013474039,0.013563193,0.02380399,0.009666932,0.012573382,0.00486899,0.0047087073,0.014881015,0.0059126955,0.99721366,0.9342779,0.1981959,1.0130502,0.026725717,0.02413124,0.050024573,0.012272767,0.015568603,0.023726532,0.016995907,0.083165884,0.03207248,0.9937283,0.018857542,0.014297761,0.023726532,0.010969849,0.012272767
empty_01,empty,train,0,30.314866599999995,1.0016023,0.07489621,0.9978653,0.0136563815,0.0138344895,0.022746779,0.009584866,0.012448469,0.005427953,0.0054093003,0.014146864,0.006328926,0.9966687,0.9310096,0.19741024,1.014092,0.02737802,0.02626138,0.04788186,0.012318102,0.015545804,0.023375195,0.019953668,0.07025123,0.029397313,0.9950883,0.017947242,0.014401574,0.023375195,0.010951484,0.012318102
empty_01,empty,train,0,30.794866599999995,1.0020552,0.07450075,0.9975937,0.01343704,0.013458205,0.021481246,0.009382989,0.012215571,0.004543874,0.0049751997,0.010412395,0.0053015593,0.9978069,0.924111,0.20092288,1.0129467,0.025359005,0.025170377,0.04232735,0.012426719,0.015709793,0.026927581,0.02733171,0.061113596,0.030805424,0.9964282,0.022383707,0.015735727,0.026927581,0.010904854,0.012426719
empty_01,empty,train,0,31.274866599999996,1.0020611,0.073463716,0.9973228,0.01293343,0.012312944,0.020925771,0.009350331,0.01226176,0.0058229417,0.0063881874,0.012150168,0.0065744617,0.9968519,0.9237556,0.19699539,1.0106912,0.02366827,0.022060916,0.04102457,0.012469406,0.015833905,0.023873387,0.02463454,0.052465796,0.027167356,0.99669534,0.018050445,0.014848164,0.023873387,0.010909868,0.012469406
empty_01,empty,train,0,31.754866599999996,1.0014629,0.074039005,0.9976385,0.013330662,0.012897916,0.021325974,0.009601217,0.01257055,0.0048277383,0.004504919,0.01057601,0.0054922085,0.9977894,0.9184669,0.19876032,1.0118775,0.020261053,0.019382156,0.034746807,0.012055496,0.015427545,0.02594631,0.028123975,0.048634827,0.029038014,0.99738234,0.021118572,0.015387024,0.02594631,0.010828356,0.012055496
empty_01,empty,train,0,32.2348666,1.0014355,0.074762225,0.997719,0.01247728,0.011965652,0.021360567,0.009377719,0.012238102,0.003597602,0.0037363172,0.009285688,0.0043008276,0.9985979,0.9205067,0.19390269,1.0093287,0.020258106,0.019372039,0.035331696,0.011638694,0.014918493,0.02147655,0.022981048,0.03948188,0.023825815,0.9977957,0.017878948,0.012537076,0.02147655,0.010508207,0.011638694
empty_01,empty,train,0,32.71486659999999,1.0017154,0.074483916,0.9985239,0.01251545,0.012185714,0.021659197,0.009444574,0.012309636,0.0036606344,0.0035512447,0.008948803,0.004243128,0.99870133,0.92503756,0.1888774,1.0081742,0.01994673,0.019676294,0.03524227,0.011765876,0.015083468,0.016233554,0.017336428,0.03836155,0.018587014,0.9978982,0.01257292,0.009947094,0.016233554,0.010605225,0.011765876
empty_01,empty,train,0,33.19486659999999,1.0018063,0.07444746,0.99830145,0.012506182,0.01202189,0.019603362,0.009320881,0.012071769,0.0034622417,0.00329566,0.0117429495,0.0040594535,0.99884444,0.9262509,0.18300128,1.0086131,0.017160993,0.017165769,0.027464515,0.011725067,0.015075225,0.009678786,0.008648157,0.029052496,0.011655587,0.998974,0.0062165437,0.006570514,0.009678786,0.010522975,0.011725067
empty_01,empty,train,0,33.67486659999999,1.0031523,0.074452706,0.99886924,0.011570943,0.011055366,0.01793887,0.008996617,0.011576266,0.0036391655,0.0036611557,0.008752584,0.004182847,0.9988917,0.92928123,0.17983647,1.0078715,0.017005026,0.017976029,0.024639202,0.012090673,0.015477056,0.0068853362,0.0049453974,0.029193401,0.009656599,0.99897236,0.0032461707,0.005262251,0.0068853362,0.010543644,0.012090673
empty_01,empty,train,0,34.15486659999999,1.0030371,0.07475972,0.9977784,0.011891185,0.0116250655,0.01875682,0.009121885,0.011814736,0.0030221043,0.0026882887,0.01049149,0.0036892032,0.9991228,0.9296505,0.17984709,1.0074487,0.017279334,0.017663551,0.025965016,0.012474539,0.01584393,0.00665894,0.004986763,0.028894067,0.009473317,0.9990513,0.0036368358,0.004840522,0.00665894,0.010798212,0.012474539
empty_01,empty,train,0,34.63486659999999,1.0034474,0.074932106,0.9996201,0.0121847065,0.011650414,0.019984758,0.009245121,0.011972355,0.0033098208,0.0026798248,0.011465311,0.0041145906,0.99888796,0.9286416,0.18205447,1.0100565,0.017986901,0.018757071,0.025482891,0.0123817725,0.015744723,0.008421771,0.006578326,0.034312606,0.010996709,0.99895626,0.0051119504,0.005865796,0.008421771,0.010813447,0.0123817725
empty_01,empty,train,0,35.11486659999999,1.0030824,0.07498133,0.99936295,0.012085739,0.012304235,0.020024277,0.009141935,0.0118652545,0.0030084609,0.0024033189,0.01208961,0.0039082337,0.9989346,0.9272453,0.18301322,1.0099766,0.017901309,0.018324055,0.027034923,0.011787368,0.01496758,0.009509274,0.008279085,0.033075213,0.011434749,0.9990289,0.006500813,0.006258867,0.009509274,0.0104646515,0.011787368
empty_01,empty,train,0,35.59486659999999,1.0015923,0.074534975,0.99611163,0.012463099,0.012413418,0.019037599,0.009069945,0.011776289,0.0034898855,0.0032345653,0.012629151,0.0041858978,0.998734,0.9259018,0.18570846,1.0090196,0.016741514,0.016800502,0.026829034,0.011643282,0.014839769,0.011948845,0.0111144185,0.03818941,0.014011218,0.99887663,0.00845896,0.0077193654,0.011948845,0.010356613,0.011643282
empty_01,empty,train,0,36.07486659999999,1.0011724,0.07323915,0.99892163,0.012566517,0.012794988,0.020192035,0.009234799,0.011945412,0.00492761,0.0049934387,0.011686325,0.0056454954,0.99802023,0.9236392,0.18907024,1.0086946,0.017989697,0.017726813,0.03292438,0.012852572,0.017312624,0.014746486,0.0148797035,0.040980816,0.017190576,0.99887973,0.009818876,0.009837048,0.014746486,0.0110436855,0.012852572
empty_01,empty,train,0,36.55486659999999,1.000674,0.07284072,0.99842316,0.012231894,0.011746572,0.02096383,0.009403769,0.012111642,0.0054439562,0.0054528713,0.014039636,0.0061594388,0.9977827,0.92247903,0.18855077,1.0089755,0.017427165,0.017440371,0.031457573,0.012374878,0.016853703,0.013588852,0.012736082,0.033975005,0.016409177,0.99921477,0.0081448965,0.009516404,0.013588852,0.010889323,0.012374878
empty_01,empty,train,0,37.034866599999994,1.0010691,0.073640525,0.9984318,0.012973353,0.012589763,0.019593475,0.009464828,0.012220978,0.0045505785,0.004699707,0.013284326,0.0053259125,0.99815464,0.92256635,0.18877067,1.0088402,0.017614571,0.018042013,0.029543055,0.012721186,0.017250706,0.013489545,0.011781931,0.03353727,0.01655978,0.99921966,0.008938966,0.009020062,0.013489545,0.011093007,0.012721186
empty_01,empty,train,0,37.51486659999999,1.0015266,0.073122814,0.99926114,0.012995126,0.012758466,0.020043623,0.0092756655,0.012009791,0.0051309476,0.0054775476,0.013092995,0.006023683,0.99765134,0.9233004,0.19059223,1.0067309,0.019408256,0.01993478,0.030982623,0.013245655,0.017748892,0.01526929,0.013369441,0.037421346,0.018303286,0.99902797,0.010138342,0.010200119,0.01526929,0.01126066,0.013245655
empty_01,empty,train,0,37.994866599999995,1.0015886,0.073929496,0.9989269,0.012694451,0.012189617,0.021046087,0.008996527,0.01169199,0.004584041,0.0042532086,0.012490928,0.0053896396,0.9979214,0.9208711,0.19539282,1.0046281,0.023229504,0.02396805,0.03508732,0.01192985,0.015227074,0.020231893,0.019577563,0.03994322,0.023378627,0.9989163,0.015647853,0.012407967,0.020231893,0.010463188,0.01192985
empty_01,empty,train,0,38.4748666,1.0013301,0.074850745,0.9966646,0.012964094,0.012037782,0.022173949,0.0090090595,0.011736887,0.0036402422,0.0032878518,0.011462152,0.004414404,0.9984996,0.92349374,0.19460961,1.0091524,0.024585024,0.024114411,0.040861025,0.012772445,0.016164493,0.020002149,0.020695567,0.04120338,0.022422824,0.99866736,0.016361907,0.0118211955,0.020002149,0.010890752,0.012772445
empty_01,empty,train,0,38.95486659999999,1.0016395,0.07428933,0.9971894,0.013206176,0.012369441,0.02156547,0.009465885,0.012344159,0.004005295,0.0037971735,0.011906505,0.00486704,0.99826425,0.9257976,0.19232593,1.0080552,0.025801465,0.024105197,0.045407623,0.01299757,0.0165537,0.018268745,0.018771946,0.04316008,0.020695789,0.9982809,0.01426345,0.01113702,0.018268745,0.011231728,0.01299757
empty_01,empty,train,0,39.43486659999999,1.0015454,0.07504524,0.99701834,0.013063928,0.012432114,0.02013292,0.009599895,0.012435443,0.002865977,0.0026452541,0.008619428,0.0034402693,0.99910945,0.9286579,0.19574085,1.0129989,0.028691486,0.029045722,0.04681885,0.013213899,0.016754521,0.023334984,0.021116555,0.060765743,0.02723146,0.9956232,0.020469006,0.013100481,0.023334984,0.011406897,0.013213899
empty_01,empty,train,0,39.91486659999999,1.0015544,0.07587743,0.9987062,0.012714153,0.012217473,0.020718813,0.009703377,0.012495645,0.002384895,0.0020650625,0.0063865185,0.002904096,0.99929523,0.9364337,0.18871762,1.0114923,0.0266872,0.025995465,0.046735037,0.014500163,0.019156776,0.018572168,0.012476921,0.06489217,0.025877776,0.99397993,0.016187273,0.010478532,0.018572168,0.012101769,0.014500163
empty_01,empty,train,0,40.394866599999986,1.0015917,0.07560178,0.9987784,0.012564317,0.012433461,0.021677557,0.009511001,0.012269605,0.0024480263,0.0019581914,0.008114457,0.0030939693,0.9992175,0.9355087,0.18639271,1.0092148,0.028055249,0.027321871,0.053408835,0.014692307,0.019346682,0.016499778,0.0111967325,0.0578655,0.023081914,0.9948549,0.014051752,0.009473902,0.016499778,0.012101654,0.014692307
empty_01,empty,train,0,40.87486659999999,1.0013303,0.07581488,0.9981475,0.011931205,0.011791077,0.018724872,0.009223625,0.011822969,0.0022919578,0.0018185377,0.006764412,0.0029286912,0.9993045,0.93534863,0.1836283,1.0097827,0.03105718,0.029605037,0.05779915,0.015249039,0.020139458,0.0124063715,0.005953014,0.051446795,0.019029668,0.9965128,0.010114414,0.0073491647,0.0124063715,0.0122363325,0.015249039
empty_01,empty,train,0,41.35486659999999,1.0020659,0.07625827,0.9996434,0.012564171,0.012126851,0.022143759,0.009320204,0.011972958,0.0023468565,0.0020763874,0.006945789,0.002856863,0.99930096,0.93661547,0.1820388,1.0085762,0.030437002,0.027272193,0.07341889,0.015176242,0.020158296,0.011152137,0.004497707,0.054285526,0.01832732,0.99682206,0.008805281,0.006749497,0.011152137,0.012248224,0.015176242
empty_01,empty,train,0,41.8348666,1.0022627,0.075048804,0.9985107,0.013130155,0.01275085,0.020896198,0.009306476,0.011960239,0.0038059382,0.003916621,0.010376155,0.004386708,0.9984628,0.9322649,0.18745527,1.0088536,0.031153623,0.029481782,0.07715063,0.014527051,0.018882807,0.013693462,0.0079910755,0.059345484,0.01999069,0.996694,0.009887524,0.0087497,0.013693462,0.011916764,0.014527051
empty_01,empty,train,0,42.314866599999995,1.0022649,0.07512899,1.0014154,0.013316603,0.01247558,0.0223044,0.009336844,0.012063349,0.0047479733,0.0045764446,0.011258602,0.005406445,0.9975766,0.93551517,0.18456286,1.0072417,0.031089047,0.02896743,0.074442975,0.0140344715,0.01825222,0.011973133,0.004877746,0.06707597,0.020328797,0.99604905,0.00722516,0.0083605535,0.011973133,0.011685658,0.0140344715
empty_01,empty,train,0,42.794866599999985,1.002558,0.07494609,1.0009766,0.012786791,0.012259795,0.023017626,0.00932249,0.012148401,0.005299143,0.0048401356,0.013309181,0.0061933096,0.9968385,0.93422997,0.19364975,1.0110552,0.026812913,0.025839843,0.06083813,0.013738183,0.01761208,0.019940425,0.013160348,0.08375585,0.028256249,0.99412745,0.014641281,0.012619784,0.019940425,0.011530336,0.013738183
empty_01,empty,train,0,43.27486659999999,1.0022984,0.07424301,0.99821466,0.012483665,0.0120141925,0.022727158,0.009301623,0.012160304,0.005695911,0.005770147,0.013653517,0.006405697,0.99675673,0.9296373,0.19544873,1.0085037,0.027934045,0.026822306,0.061875686,0.014035918,0.01796257,0.021069335,0.01816088,0.06989527,0.02635584,0.9961682,0.015373424,0.013382623,0.021069335,0.011668771,0.014035918
empty_01,empty,train,0,43.754866599999986,1.0018247,0.07492184,0.99884605,0.012339616,0.011976405,0.022563143,0.009419619,0.012317984,0.004413925,0.004276991,0.009735227,0.0051828763,0.9978109,0.92737967,0.18917917,1.0092119,0.021977318,0.022733318,0.035915233,0.013265114,0.01700025,0.01401672,0.013186097,0.047745228,0.017539654,0.9985024,0.009602794,0.009215322,0.01401672,0.011342367,0.013265114
empty_01,empty,train,0,44.23486659999999,1.0018412,0.074726224,0.998922,0.012099336,0.011765686,0.02033905,0.009392409,0.012245494,0.0038702327,0.0037629604,0.009655833,0.0045436234,0.9984003,0.92621326,0.18991643,1.0104446,0.019750863,0.019026548,0.032792035,0.013149028,0.016874358,0.0148271015,0.015057743,0.040798545,0.01761019,0.9988298,0.0109568685,0.009348667,0.0148271015,0.011270719,0.013149028
empty_01,empty,train,0,44.714866599999986,1.0014043,0.07467294,0.9973777,0.012353371,0.012563233,0.020384753,0.009609396,0.012450622,0.004281002,0.004161358,0.011109352,0.004956653,0.9980903,0.92726284,0.1836562,1.0082101,0.019422611,0.01826005,0.03454492,0.012029545,0.015527452,0.008965781,0.0077717304,0.032184124,0.011365564,0.99922895,0.004684779,0.0066233915,0.008965781,0.0108194705,0.012029545
empty_01,empty,train,0,45.19486659999998,1.0014371,0.07465926,0.99859244,0.012359336,0.012047203,0.020813199,0.009369284,0.0121534355,0.0038992935,0.0036559105,0.010583818,0.004582436,0.99840456,0.9299574,0.17773765,1.0078925,0.018239874,0.017870983,0.02818939,0.011144543,0.014204996,0.0045216,0.002239406,0.033581614,0.0077955015,0.9992524,0.0006223065,0.004210447,0.0045216,0.0102569135,0.011144543
empty_01,empty,train,0,45.67486659999999,1.0009241,0.074861184,0.99932426,0.012316808,0.011980244,0.02126887,0.009330055,0.012104137,0.0034782386,0.0033187866,0.010941744,0.0042291256,0.99869204,0.93062687,0.1751354,1.0088977,0.016383532,0.016315123,0.028830742,0.010730143,0.013640343,0.0045526815,0.0030596852,0.02633214,0.0065334626,0.9994501,0.0010744429,0.00401546,0.0045526815,0.010030098,0.010730143
empty_01,empty,train,0,46.154866599999984,1.00097,0.074967735,0.99850893,0.012019865,0.01142153,0.020702273,0.009210581,0.0119459,0.0030970422,0.0029681325,0.0096107125,0.0038624783,0.9989203,0.9306184,0.17224512,1.0088165,0.015079544,0.014575404,0.026097063,0.010315485,0.013163779,0.0049732327,0.005110979,0.016067028,0.0060081123,0.9996501,0.0018761905,0.0040351376,0.0049732327,0.009763033,0.010315485
empty_01,empty,train,0,46.63486659999999,1.0008708,0.07492334,0.99925566,0.011863729,0.012618578,0.021330977,0.008976336,0.011659445,0.002963066,0.0024046302,0.009681702,0.0037342638,0.99903214,0.93033344,0.17638473,1.0090566,0.017377462,0.01632668,0.032451894,0.011109565,0.014295108,0.0045002527,0.002793789,0.023369312,0.0065902,0.9994564,0.0015371866,0.0037316594,0.0045002527,0.0100429505,0.011109565
empty_01,empty,train,0,47.114866599999985,1.0004631,0.07486962,0.99652284,0.012045469,0.0126869185,0.021585813,0.009159971,0.011846925,0.0034846647,0.0031642318,0.01076287,0.004175277,0.9988267,0.92971903,0.1827416,1.0094565,0.019434746,0.018362708,0.033688135,0.011871594,0.015245571,0.007792671,0.0048497915,0.036196113,0.011343271,0.9990555,0.0043080067,0.005638668,0.007792671,0.010515783,0.011871594
empty_01,empty,train,0,47.59486659999999,1.0009012,0.07412867,0.9987608,0.012528499,0.012634115,0.020042432,0.009336064,0.012060758,0.00457869,0.0042027235,0.011379123,0.005393661,0.997923,0.9300291,0.18660434,1.0096388,0.019683551,0.018705666,0.030952863,0.012875068,0.016457742,0.011046791,0.006968975,0.04670918,0.015618194,0.9985058,0.0064681014,0.00781274,0.011046791,0.011105565,0.012875068
empty_01,empty,train,0,48.074866599999986,1.0009423,0.074103616,0.9983362,0.012642181,0.012943311,0.021265056,0.00951137,0.012282838,0.004500145,0.004313767,0.011920452,0.005307848,0.99800605,0.9281121,0.19184525,1.0114522,0.019751774,0.019345783,0.02818347,0.014123921,0.017825572,0.015526999,0.011036098,0.058194518,0.020826908,0.99789876,0.011026854,0.010013572,0.015526999,0.011817645,0.014123921
empty_01,empty,train,0,48.55486659999999,1.001832,0.07511196,0.99643457,0.012628703,0.012450059,0.021850947,0.009234617,0.011970194,0.003913802,0.0036321878,0.0111986995,0.004575516,0.9982918,0.92264336,0.19863091,1.0141021,0.023924597,0.024453994,0.03789157,0.0148247285,0.018761143,0.022590283,0.021280766,0.056291938,0.027219255,0.9979118,0.018676482,0.013252042,0.022590283,0.012029673,0.0148247285
empty_01,empty,train,0,49.03486659999999,1.0016599,0.075248,0.99837196,0.013035008,0.01254231,0.022442829,0.009409702,0.012216721,0.0030851753,0.0029643774,0.0091843605,0.0036742329,0.99892104,0.9209982,0.19894743,1.0155562,0.024471156,0.024331078,0.03857361,0.015440634,0.01957261,0.023236021,0.024023294,0.04806626,0.027231513,0.9984003,0.020150846,0.013160598,0.023236021,0.012425168,0.015440634
empty_01,empty,train,0,49.51486659999998,1.0012898,0.076187804,0.9984419,0.0126315905,0.012331261,0.021261437,0.009504545,0.012426519,0.0026771578,0.0023983717,0.010725617,0.0033847613,0.9990465,0.9228189,0.19630316,1.0151111,0.027514733,0.025580648,0.04944424,0.016223565,0.020425232,0.021395482,0.021994948,0.04663217,0.024534244,0.99834496,0.018718325,0.01203632,0.021395482,0.012864055,0.016223565
empty_01,empty,train,0,49.99486659999999,1.0020801,0.07611907,0.9991262,0.012432461,0.012302779,0.021954687,0.009303081,0.012124312,0.0025354445,0.0020961761,0.008241832,0.0031748796,0.99913704,0.9237643,0.1964271,1.0153728,0.028428202,0.026629891,0.051428903,0.01622869,0.020403259,0.022480953,0.02452302,0.046309352,0.025013879,0.9979579,0.01994551,0.012508199,0.022480953,0.012765886,0.01622869
empty_01,empty,train,0,50.474866599999984,1.0012879,0.07527472,0.9979199,0.012476094,0.012541657,0.020944957,0.0095039,0.012321499,0.0028373136,0.0022656322,0.009786785,0.003589867,0.9989974,0.9304178,0.19423428,1.013124,0.028422471,0.028777871,0.049536433,0.016277367,0.020414058,0.020971155,0.017463207,0.061061144,0.025250014,0.9963203,0.018133841,0.011904234,0.020971155,0.012890633,0.016277367
empty_01,empty,train,0,50.954866599999995,1.0016605,0.07493598,0.9982567,0.01272811,0.012293604,0.019761952,0.009719226,0.012673458,0.0027831045,0.0025458336,0.0071980953,0.003376842,0.99916464,0.9360101,0.18716778,1.0144776,0.025626602,0.026976522,0.038291726,0.015631402,0.01961853,0.015003283,0.008548856,0.061345577,0.02209691,0.9959663,0.012220178,0.008893194,0.015003283,0.012675313,0.015631402
empty_01,empty,train,0,51.434866599999985,1.0016917,0.07524411,0.9983089,0.012768053,0.012957177,0.019164331,0.0097590955,0.0126633085,0.0026135216,0.002276957,0.0076642036,0.0032004912,0.9992042,0.9347081,0.18529713,1.0124665,0.027001044,0.026842691,0.045087885,0.014685591,0.018546537,0.011451507,0.0044466853,0.051937222,0.018349804,0.99729186,0.008837985,0.0070325145,0.011451507,0.012222343,0.014685591
empty_01,empty,train,0,51.914866599999996,1.0013089,0.07524295,1.0004396,0.013273892,0.013657212,0.020122,0.010092717,0.013108958,0.0027465592,0.0024068952,0.0075855255,0.0033410145,0.9991507,0.9344731,0.18406901,1.0096976,0.025000388,0.024309514,0.044228956,0.013599126,0.017340943,0.009614377,0.004131198,0.047344565,0.016009513,0.9980933,0.006867818,0.006180468,0.009614377,0.011845921,0.013599126
empty_01,empty,train,0,52.39486659999999,1.0015533,0.075159915,1.0005419,0.013061609,0.013179122,0.019895816,0.009922208,0.012932551,0.0033292826,0.0025826097,0.010180354,0.0041887052,0.99858886,0.93569463,0.18107668,1.007722,0.02608822,0.02647769,0.044930097,0.015087354,0.019587353,0.008823303,0.0044656396,0.041274548,0.01402765,0.99854857,0.00549402,0.0060762926,0.008823303,0.012504781,0.015087354
empty_01,empty,train,0,52.8748666,1.0016547,0.07514788,0.999296,0.012763126,0.013444506,0.020205598,0.009648747,0.012559908,0.003991953,0.003836751,0.010272145,0.004755251,0.9981438,0.9341536,0.18831858,1.0103171,0.029174646,0.029290281,0.05170924,0.014802856,0.019245181,0.0129222805,0.0067334175,0.05526471,0.019731907,0.9975295,0.008930327,0.008457117,0.0129222805,0.012225801,0.014802856
empty_01,empty,train,0,53.354866599999994,1.0016762,0.075380966,1.000296,0.012502927,0.012809326,0.020084674,0.009139963,0.011915,0.0035297747,0.0033451319,0.0085526705,0.004102644,0.9986103,0.9365095,0.18664072,1.0106168,0.029336728,0.029925385,0.04879283,0.015398551,0.020036023,0.012036972,0.004204273,0.059406042,0.020451229,0.9969636,0.008507197,0.0077833734,0.012036972,0.012269257,0.015398551
empty_01,empty,train,0,53.8348666,1.0018218,0.07525821,1.0013155,0.012255306,0.012629503,0.01927854,0.008964001,0.011695178,0.0028990307,0.002735436,0.008070111,0.0035524098,0.9989917,0.9330063,0.19263054,1.0110334,0.029645534,0.030982263,0.047840063,0.01608149,0.020728637,0.018991172,0.014106393,0.06174302,0.024834082,0.9960209,0.016092142,0.010945101,0.018991172,0.012522746,0.01608149
empty_01,empty,train,0,54.31486659999999,1.0019795,0.075453274,1.0010557,0.012641789,0.012410761,0.019790616,0.00936356,0.012261388,0.0024357438,0.0022668839,0.007321477,0.002928285,0.9993146,0.92742735,0.19592157,1.0110145,0.02611148,0.02630747,0.04489786,0.014565856,0.018504357,0.023106415,0.021427512,0.056845307,0.026780369,0.9960802,0.020670671,0.012771079,0.023106415,0.011964709,0.014565856
empty_01,empty,train,0,54.794866599999985,1.0016242,0.07586766,0.99844986,0.012792378,0.012160652,0.020355549,0.0096048275,0.012582307,0.0023096176,0.0018649101,0.009579062,0.002849956,0.9993191,0.92519534,0.1934755,1.0087175,0.024655497,0.025749348,0.03760108,0.01475127,0.01889013,0.020662889,0.021663785,0.043086648,0.023185033,0.99733156,0.018353272,0.011486253,0.020662889,0.0121780485,0.01475127
empty_01,empty,train,0,55.27486659999999,1.0012593,0.07505493,0.9989863,0.012657019,0.012174417,0.021421902,0.009670681,0.012633391,0.0025835137,0.0026359558,0.008685827,0.0030967458,0.99932826,0.9249352,0.19600067,1.0085597,0.0226874,0.021661535,0.03411501,0.014643496,0.018683575,0.023610119,0.025321543,0.045527935,0.02613226,0.9967382,0.021026606,0.013096816,0.023610119,0.012157088,0.014643496
empty_01,empty,train,0,55.754866599999986,1.0010613,0.07447884,0.99968874,0.012072173,0.0117710475,0.018666076,0.009309917,0.012144339,0.0035939952,0.003207326,0.01255095,0.004401905,0.9986404,0.9280484,0.19283985,1.0107962,0.023225993,0.02265189,0.037613645,0.01436793,0.018368242,0.020224795,0.019448102,0.05061686,0.023375532,0.9967568,0.016630799,0.011909395,0.020224795,0.011838923,0.01436793
empty_01,empty,train,0,56.23486659999999,1.0004615,0.07440974,0.99700075,0.011885404,0.011585389,0.01899916,0.009102037,0.011825548,0.0038183748,0.0036823153,0.011309385,0.0046558827,0.9985787,0.93171793,0.18800709,1.010648,0.024013631,0.023480456,0.03970573,0.013982828,0.017872877,0.014646994,0.010317624,0.04895246,0.018921161,0.9974831,0.010828619,0.009232684,0.014646994,0.011542432,0.013982828
empty_01,empty,train,0,56.714866599999986,1.0008425,0.074785225,0.9992831,0.011972198,0.011358505,0.020801172,0.009161012,0.0118579175,0.003625785,0.00321877,0.009763479,0.004372608,0.99861634,0.9346703,0.18020105,1.0089531,0.021869114,0.02236685,0.033966318,0.013209781,0.016883366,0.008589387,0.0045111775,0.039726257,0.0134102,0.9984014,0.004963602,0.006107586,0.008589387,0.011185396,0.013209781
empty_01,empty,train,0,57.19486659999998,1.0006944,0.07516649,0.99809474,0.012157612,0.0115425,0.021816595,0.009296219,0.012044119,0.0033814518,0.0029179454,0.009201407,0.00407642,0.9987842,0.93402714,0.1791587,1.0100874,0.019521028,0.019840771,0.028920019,0.012879942,0.016391112,0.0070753554,0.00333786,0.034421563,0.011269017,0.9989338,0.0036939036,0.0052284035,0.0070753554,0.011088081,0.012879942
empty_01,empty,train,0,57.67486659999999,1.0007075,0.07558783,0.9989402,0.012251741,0.011738147,0.021691848,0.009468166,0.012307052,0.0028962048,0.002508998,0.008258462,0.0035473362,0.9990723,0.93169045,0.17850685,1.0079614,0.019595718,0.018416254,0.032703023,0.01274415,0.016222527,0.005308522,0.002579391,0.026869655,0.008436288,0.9993488,0.002412317,0.0041023633,0.005308522,0.011106158,0.01274415
empty_01,empty,train,0,58.154866599999984,1.0006809,0.076200485,1.0000409,0.012096399,0.011535273,0.0220575,0.009448769,0.01223094,0.0027581449,0.002174139,0.010852039,0.0034855786,0.99908227,0.932456,0.17756,1.0077264,0.02042666,0.019008314,0.03576753,0.012850785,0.016465373,0.005737412,0.0035133362,0.027087688,0.008617925,0.999304,0.002979267,0.004247778,0.005737412,0.011149777,0.012850785
empty_01,empty,train,0,58.63486659999999,1.0005713,0.07664899,1.0010638,0.011880103,0.011245329,0.019460967,0.009102445,0.011709684,0.0027290678,0.002425909,0.011979222,0.0034552887,0.99914074,0.9325074,0.18039526,1.0096829,0.020961672,0.020115592,0.03709321,0.01417704,0.018108426,0.0076362323,0.0042324066,0.0344069,0.011369861,0.9988317,0.0049071647,0.00518265,0.0076362323,0.011639742,0.01417704
empty_03,empty,train,0,1.0085483000000002,1.0019075,0.07675226,0.9977918,0.012684914,0.012271186,0.021453824,0.009296092,0.011992915,0.0043324027,0.003247261,0.01282388,0.005286154,0.9976328,0.9145929,0.20310508,1.0131015,0.024089895,0.024525363,0.03733274,0.013796844,0.018043028,0.026958382,0.023525834,0.06125325,0.03238407,0.9989633,0.022625979,0.015645392,0.026958382,0.011546468,0.013796844
empty_03,empty,train,0,1.4885483000000002,1.0018514,0.07650187,0.9966517,0.012508898,0.01283966,0.019505288,0.009140239,0.01187129,0.003009014,0.0024592876,0.0078523755,0.0037083535,0.99882615,0.91551477,0.20087177,1.0117661,0.024334969,0.02457571,0.04056511,0.012969399,0.016871296,0.024542663,0.019437969,0.059390366,0.02988948,0.9991001,0.02153365,0.013775839,0.024542663,0.011054819,0.012969399
empty_03,empty,train,0,1.9685483000000006,1.0019014,0.07546926,0.9986238,0.011946702,0.0117633,0.020114603,0.008962498,0.011698375,0.0029617476,0.0027650595,0.008676529,0.0035656309,0.9989524,0.91963124,0.19559139,1.011502,0.02462976,0.022691077,0.04191071,0.012548921,0.016344715,0.019079298,0.016940355,0.050887525,0.023540119,0.99919546,0.01611755,0.011020523,0.019079298,0.010755709,0.012548921
empty_03,empty,train,0,2.4485483000000006,1.0020354,0.07455995,0.9993423,0.0123422295,0.012195553,0.021253979,0.009035654,0.011823296,0.0036381823,0.003419757,0.011204183,0.004345737,0.9986006,0.923042,0.18787642,1.0077764,0.020439552,0.018979585,0.037234873,0.01092995,0.014204582,0.011618954,0.0069155693,0.039578557,0.015572183,0.999259,0.007980771,0.0076285684,0.011618954,0.009982802,0.01092995
empty_03,empty,train,0,2.928548300000001,1.0017526,0.07426766,0.99954176,0.012238617,0.012059622,0.021960746,0.009078674,0.011959085,0.0036451956,0.0030819178,0.010849714,0.0044112145,0.9986407,0.92510617,0.18599148,1.0071393,0.020389818,0.017871717,0.038224317,0.011418089,0.014836458,0.010070285,0.006851554,0.032263994,0.013471546,0.9992558,0.006425089,0.00685774,0.010070285,0.010248382,0.011418089
empty_03,empty,train,0,3.408548300000001,1.001443,0.074037924,0.99939275,0.011555626,0.011005617,0.019718181,0.008738449,0.0114198355,0.0037289222,0.0036671162,0.011299491,0.0044861767,0.9986802,0.9283303,0.18380637,1.0083842,0.017273072,0.01777869,0.025945842,0.011942496,0.015575845,0.009047099,0.0067828894,0.02861464,0.011576929,0.99920106,0.005318177,0.006388011,0.009047099,0.010340473,0.011942496
empty_03,empty,train,0,3.888548300000001,1.000742,0.07343757,0.99805444,0.011527746,0.010723122,0.019992955,0.008548163,0.011107907,0.0049555963,0.004889488,0.012940884,0.005781885,0.9978544,0.927358,0.18507591,1.007976,0.017061198,0.017354738,0.025717549,0.011626517,0.015298672,0.0096014105,0.0077284575,0.027569354,0.012495319,0.99923974,0.004645814,0.0072785034,0.0096014105,0.01008734,0.011626517
empty_03,empty,train,0,4.368548300000001,1.000499,0.07349026,0.9984022,0.011910098,0.011798388,0.019377837,0.0089528365,0.011609072,0.004540013,0.0045735836,0.012124896,0.0051808334,0.9984725,0.9252144,0.18780908,1.0091397,0.017436855,0.01719747,0.02548252,0.011861563,0.01552985,0.011405325,0.008858919,0.0368461,0.014950617,0.9992879,0.0068653114,0.007972669,0.011405325,0.0104072,0.011861563
empty_03,empty,train,0,4.848548300000001,1.0004119,0.07342705,0.9971614,0.01187191,0.011573838,0.020268887,0.008801613,0.011373187,0.004313739,0.0043951273,0.010822415,0.0049828114,0.99870515,0.923939,0.18819647,1.0089773,0.017121183,0.016558303,0.02545227,0.011902314,0.015524545,0.011772251,0.00954926,0.039171636,0.015269254,0.9994183,0.0074585117,0.008042995,0.011772251,0.010351963,0.011902314
empty_03,empty,train,0,5.328548300000001,1.0007758,0.07350723,0.99822265,0.011923256,0.0116178645,0.020887546,0.008881914,0.011514258,0.004220315,0.0040020943,0.011668682,0.005036448,0.9985339,0.920682,0.18561448,1.0062433,0.016773958,0.016177332,0.0243772,0.011009577,0.014105095,0.00947148,0.0045856237,0.037509024,0.014211006,0.99945855,0.005251165,0.006845897,0.00947148,0.009945746,0.011009577
empty_03,empty,train,0,5.808548300000001,1.0010073,0.07465924,1.0001779,0.0116450675,0.011686143,0.019489974,0.008837555,0.011582253,0.003079546,0.0024095178,0.011242509,0.0038615463,0.9989898,0.92058927,0.18588996,1.0048271,0.016680881,0.01624314,0.026801594,0.0116069745,0.014897366,0.010091943,0.0055983067,0.034270346,0.014234279,0.9995626,0.007012397,0.006585744,0.010091943,0.010222265,0.0116069745
empty_03,empty,train,0,6.288548300000001,1.000813,0.07503102,0.9985038,0.011205149,0.010917028,0.017838478,0.008701987,0.011374041,0.002824102,0.002540946,0.008835316,0.0034045214,0.9992254,0.92266995,0.18486708,1.0075606,0.017200135,0.016823959,0.028171113,0.011918956,0.015280166,0.009365124,0.006959915,0.026768804,0.012315472,0.99962413,0.0065410216,0.006094613,0.009365124,0.010310471,0.011918956
empty_03,empty,train,0,6.768548300000001,1.0008402,0.07460357,1.0002385,0.011468672,0.011196533,0.018369073,0.008681591,0.011355192,0.0030712637,0.0027768612,0.0089633465,0.0036798278,0.9991541,0.9240298,0.18478681,1.0079607,0.01707578,0.016187785,0.028879773,0.0119358925,0.015328028,0.009105646,0.0059854984,0.026717544,0.011848985,0.99959236,0.0060343826,0.0060884547,0.009105646,0.010308742,0.0119358925
empty_03,empty,train,0,7.248548300000001,1.0008833,0.07474691,0.99822754,0.011613402,0.011536009,0.019090034,0.008701437,0.011343309,0.002920295,0.0026550293,0.009386778,0.0035018711,0.9992197,0.9253718,0.18572414,1.0107963,0.015562454,0.015169593,0.025454463,0.011078123,0.01428071,0.010121741,0.008306742,0.023893416,0.012336312,0.99959475,0.007201446,0.006521018,0.010121741,0.00988978,0.011078123
empty_03,empty,train,0,7.728548300000001,1.0006856,0.07454893,0.99674433,0.01222666,0.012230428,0.019982,0.009139358,0.011864896,0.003306746,0.0027298331,0.00889045,0.0039006567,0.9990534,0.9253173,0.18469015,1.0092418,0.013999248,0.013635609,0.023199707,0.010229036,0.013146444,0.009138741,0.008066535,0.024632215,0.011253338,0.99965674,0.0058319946,0.0062227435,0.009138741,0.009684198,0.010229036
empty_03,empty,train,0,8.208548300000002,1.0006386,0.07427718,0.99827677,0.012412706,0.012912976,0.020602923,0.009336927,0.012215037,0.00374006,0.0035517216,0.010617852,0.004373828,0.9988041,0.92449194,0.18493995,1.0070096,0.013688725,0.013182262,0.021308541,0.010042086,0.012907354,0.0097709885,0.009702086,0.0252496,0.011706685,0.99964416,0.0060309283,0.0067555243,0.0097709885,0.009689506,0.010042086
empty_03,empty,train,0,8.6885483,1.000656,0.07420142,0.99597955,0.012353479,0.012163476,0.019646041,0.009356237,0.0121485535,0.0034824181,0.0033692718,0.009696424,0.0041732313,0.9989778,0.9243879,0.18481848,1.0072209,0.013073916,0.012471418,0.01965544,0.009767754,0.012524773,0.010221931,0.0102933645,0.022702992,0.011953142,0.9995258,0.006739513,0.0068521746,0.010221931,0.009561995,0.009767754
empty_03,empty,train,0,9.168548300000003,1.0007205,0.07351551,0.9982258,0.012290813,0.012703516,0.019448722,0.009450995,0.012302161,0.00403082,0.0038526058,0.0111326575,0.0047617746,0.99878126,0.92461026,0.18549362,1.0078102,0.013769787,0.013478619,0.020528939,0.010113023,0.0129946275,0.010608721,0.009952068,0.024173677,0.012517798,0.9995098,0.0065779006,0.0073197703,0.010608721,0.009782009,0.010113023
empty_03,empty,train,0,9.648548300000002,1.0012351,0.07298124,0.99948716,0.01160124,0.011780868,0.018326953,0.00905932,0.011758422,0.004463334,0.0041741133,0.013945699,0.0052463184,0.99854267,0.9252918,0.1863803,1.00992,0.014256456,0.014125713,0.022952339,0.010495331,0.013478672,0.011085239,0.010903537,0.025954306,0.013165595,0.99950516,0.006621905,0.007774287,0.011085239,0.009777326,0.010495331
empty_03,empty,train,0,10.1285483,1.0020798,0.073378436,0.99864787,0.011595056,0.011100438,0.019340342,0.009036501,0.011673843,0.003919396,0.0035135746,0.0137268305,0.004792952,0.99870145,0.9236583,0.18833974,1.011879,0.01505502,0.014575432,0.023153502,0.010318085,0.013128035,0.0132982265,0.012892842,0.027242303,0.015413835,0.9994431,0.00937883,0.008608812,0.0132982265,0.009677293,0.010318085
empty_03,empty,train,0,10.608548300000002,1.0019733,0.07377173,1.0000535,0.011861437,0.01108642,0.020892503,0.009193498,0.01188955,0.003933844,0.0034489632,0.012306511,0.004781013,0.99852717,0.925434,0.18952765,1.0113935,0.016966991,0.016907575,0.024505014,0.011727508,0.015133451,0.014098773,0.014350235,0.028487086,0.016256,0.9993868,0.010164929,0.009016309,0.014098773,0.010460503,0.011727508
empty_03,empty,train,0,11.088548300000003,1.0017718,0.07424576,0.9986335,0.012137959,0.011223949,0.020328758,0.009300082,0.012018454,0.0036973876,0.003296852,0.01038146,0.0044083544,0.9986499,0.9269027,0.19205576,1.0126319,0.018709548,0.018736826,0.02721394,0.013010264,0.016724627,0.017233584,0.018579543,0.038535833,0.01924979,0.9989558,0.013536196,0.010465486,0.017233584,0.011155173,0.013010264
empty_03,empty,train,0,11.568548300000002,1.0018996,0.07496499,0.9987498,0.012500036,0.0123578925,0.020209417,0.009448025,0.01225452,0.0031540298,0.0027700067,0.009192884,0.0038007703,0.99888736,0.9255893,0.19289348,1.0151803,0.01926132,0.019090572,0.02830042,0.014119269,0.018030807,0.018522376,0.020397007,0.03763783,0.020503445,0.99871653,0.015368346,0.010838203,0.018522376,0.011783647,0.014119269
empty_03,empty,train,0,12.048548300000004,1.0021466,0.075393744,0.9997895,0.01241886,0.01248015,0.020061838,0.009264038,0.01202861,0.0032359913,0.002763033,0.012367368,0.003887212,0.99875957,0.9265065,0.1936352,1.0156556,0.019322762,0.018986968,0.027139897,0.0147005115,0.018664839,0.019065732,0.019965053,0.038552403,0.021257529,0.9986188,0.01582974,0.011150862,0.019065732,0.011982275,0.0147005115
empty_03,empty,train,0,12.528548300000002,1.0019636,0.07541692,1.0001776,0.012365864,0.01224651,0.020465624,0.009426311,0.012255556,0.0028183952,0.0024325848,0.011262655,0.003468833,0.99901885,0.92508614,0.1929292,1.0126109,0.017855546,0.017825626,0.025492381,0.013543737,0.017336002,0.018810797,0.019521773,0.03467965,0.020845205,0.9985609,0.015992403,0.010814596,0.018810797,0.011485023,0.013543737
empty_03,empty,train,0,13.008548300000005,1.0020863,0.07532494,1.0014256,0.01232042,0.011668743,0.020310769,0.009518343,0.012327176,0.002731244,0.0025281906,0.0069384575,0.0033105288,0.99912834,0.92285377,0.19197802,1.0115058,0.016043227,0.015992321,0.022786653,0.012608082,0.016107108,0.018038854,0.019372523,0.03400439,0.019970149,0.9988286,0.01530761,0.0103850495,0.018038854,0.0110632125,0.012608082
empty_03,empty,train,0,13.488548300000001,1.0016407,0.07549158,0.99949956,0.0127603235,0.012467998,0.021650858,0.009787714,0.012632986,0.0029692617,0.0023275614,0.010006547,0.003620233,0.9989212,0.9245976,0.1906371,1.0115438,0.014505192,0.014813832,0.02200976,0.011029426,0.014116492,0.016043369,0.01714772,0.0318377,0.017931515,0.9991077,0.0130741075,0.009506315,0.016043369,0.01040857,0.011029426
empty_03,empty,train,0,13.968548300000002,1.0012625,0.07476145,1.0008501,0.012719064,0.012605968,0.023195842,0.0097362315,0.01264063,0.0031752663,0.0028276443,0.011127353,0.003907751,0.9988976,0.92461026,0.1892464,1.0113294,0.013893194,0.013291277,0.021870798,0.01054461,0.013460736,0.014199508,0.013992369,0.031672776,0.016188229,0.99935997,0.011024242,0.008687387,0.014199508,0.010140421,0.01054461
empty_03,empty,train,0,14.448548300000002,1.0016857,0.07494989,0.99943054,0.012737732,0.01195454,0.024879579,0.009721305,0.012595497,0.0031453387,0.002780795,0.011864364,0.0037926172,0.9988999,0.92428076,0.1888301,1.010505,0.013940903,0.013179412,0.020815983,0.0102176145,0.013120534,0.013271747,0.012035489,0.0316301,0.015623977,0.99948215,0.010126408,0.008208543,0.013271747,0.00996946,0.0102176145
empty_03,empty,train,0,14.928548300000005,1.0016837,0.07478209,0.99820036,0.012659508,0.01201303,0.024513785,0.009504094,0.012387009,0.003531861,0.0032058954,0.009717703,0.0042003808,0.9986533,0.9234579,0.18792117,1.0115324,0.014136667,0.014314074,0.02247322,0.010045801,0.012964869,0.012121497,0.010740101,0.03200072,0.014626906,0.9996561,0.008589636,0.007826678,0.012121497,0.009774948,0.010045801
empty_03,empty,train,0,15.408548300000005,1.0020664,0.07409351,1.0000168,0.012259764,0.011619126,0.02465229,0.009124532,0.011831352,0.0036280695,0.003504753,0.00937134,0.0043774,0.99872917,0.92161655,0.18656848,1.0108969,0.014026852,0.013854848,0.020673707,0.010357756,0.013328548,0.010857892,0.007400632,0.031782806,0.013972331,0.99971044,0.0072298227,0.007242981,0.010857892,0.009741144,0.010357756
empty_03,empty,train,0,15.888548300000004,1.0023977,0.07463824,0.99789786,0.011923476,0.011373832,0.019355645,0.009003032,0.011667229,0.0033935197,0.0033157468,0.010224462,0.0041421303,0.9987512,0.9214177,0.18684407,1.0113373,0.013843302,0.013639409,0.020947937,0.01033863,0.01324121,0.011219829,0.007479787,0.031123757,0.01423616,0.99973524,0.00782631,0.0073066745,0.011219829,0.009670831,0.01033863
empty_03,empty,train,0,16.3685483,1.001938,0.07484253,0.99699867,0.01167332,0.011367965,0.018985093,0.008990381,0.011601487,0.0034148593,0.0029720068,0.011475325,0.0041684085,0.99865854,0.9229809,0.1856203,1.0114684,0.0140014095,0.013639414,0.020408895,0.0105196675,0.013440186,0.010038896,0.008001149,0.028375804,0.012587364,0.99971896,0.0066240374,0.0067268778,0.010038896,0.009755025,0.0105196675
empty_03,empty,train,0,16.8485483,1.0018181,0.075106986,0.9975482,0.01188738,0.0116638625,0.018894283,0.009084302,0.011772147,0.0032368186,0.0028909445,0.010590076,0.0039471025,0.9987603,0.9229577,0.18529947,1.0099591,0.014072978,0.013906516,0.023899917,0.010529824,0.013340502,0.009606906,0.0066874027,0.028965414,0.012414425,0.99968237,0.0063700876,0.006421862,0.009606906,0.009807063,0.010529824
empty_03,empty,train,0,17.3285483,1.0017875,0.07549566,0.99725616,0.011855285,0.011898794,0.018387876,0.009175622,0.011917966,0.0033506032,0.0030151606,0.009251237,0.0040004207,0.9986645,0.9220677,0.18595317,1.009537,0.01412135,0.013577499,0.021825645,0.010218758,0.012942745,0.009979738,0.0062075257,0.032835126,0.013521577,0.99960136,0.0066291345,0.0066651707,0.009979738,0.00969719,0.010218758
empty_03,empty,train,0,17.808548300000005,1.0020543,0.07545889,0.99856985,0.012712503,0.012492436,0.020063672,0.009655666,0.012494474,0.0034750148,0.0030881166,0.009973228,0.004102843,0.99859804,0.9209474,0.18750958,1.007956,0.014925739,0.0148917455,0.024652464,0.01055181,0.013287688,0.011692125,0.008603811,0.036270976,0.015354027,0.99957687,0.00821711,0.00758357,0.011692125,0.010103738,0.01055181
empty_03,empty,train,0,18.288548300000006,1.0026772,0.07509653,0.9989126,0.012386866,0.012135537,0.020537576,0.009449993,0.012262523,0.003596884,0.0031653643,0.0129160285,0.0043277196,0.99854016,0.92002463,0.18926525,1.007884,0.015007808,0.014840209,0.02563416,0.010705192,0.01355503,0.013023787,0.008496523,0.04346633,0.017370855,0.9995074,0.009426903,0.008310336,0.013023787,0.010077592,0.010705192
empty_03,empty,train,0,18.768548300000006,1.0025642,0.07506738,0.9991054,0.012170742,0.012146353,0.020902501,0.009375467,0.0122089535,0.0033947018,0.002850771,0.009259582,0.004042474,0.99873984,0.92072004,0.18934166,1.0066521,0.015260136,0.0148250135,0.024218593,0.010530392,0.013377437,0.012532566,0.00874126,0.042051196,0.017357122,0.99939555,0.009137864,0.007963634,0.012532566,0.009952929,0.010530392
empty_03,empty,train,0,19.248548300000003,1.0025461,0.0748208,0.99820256,0.012346399,0.011912428,0.021197915,0.009485554,0.012351515,0.0035617491,0.0029278994,0.0102751255,0.0043630376,0.9985551,0.9218101,0.18994983,1.0060306,0.014868997,0.014597361,0.022965431,0.010434124,0.013215987,0.012786843,0.010035515,0.040063143,0.017503174,0.9993843,0.009225094,0.0081742965,0.012786843,0.009959839,0.010434124
empty_03,empty,train,0,19.728548300000003,1.002019,0.07421056,0.99744385,0.011800387,0.011512961,0.021075588,0.009177003,0.011981597,0.0042051366,0.0040439367,0.009350598,0.0047876714,0.99835384,0.92172873,0.18919158,1.0068194,0.01437806,0.014251387,0.021175034,0.010200097,0.012950578,0.012223178,0.008046865,0.040831566,0.017078811,0.99927807,0.008018041,0.008214157,0.012223178,0.009688551,0.010200097
empty_03,empty,train,0,20.208548300000004,1.0018514,0.074458994,0.99819976,0.012207461,0.012119425,0.020655947,0.009360927,0.0122011,0.003892517,0.0038653016,0.0096257925,0.004540172,0.99847645,0.9219258,0.18864278,1.0084872,0.014886697,0.014085868,0.022746125,0.010406245,0.01316516,0.011785139,0.007762909,0.0392223,0.016386602,0.99935645,0.007892623,0.0078388285,0.011785139,0.009883586,0.010406245
empty_03,empty,train,0,20.688548300000008,1.0022632,0.07414086,0.9974627,0.012436317,0.012406549,0.020424008,0.009600229,0.012410671,0.0041504246,0.0041365027,0.01105392,0.00476595,0.9984072,0.92289406,0.18846355,1.0088243,0.015640726,0.015225541,0.023675948,0.011173865,0.014263769,0.012344447,0.010315359,0.034831464,0.015536694,0.9995386,0.008194022,0.008247436,0.012344447,0.010387046,0.011173865
empty_03,empty,train,0,21.1685483,1.001822,0.07435763,0.9988459,0.012416879,0.012329851,0.021801358,0.0094339205,0.012183583,0.0033421905,0.0030109882,0.010489881,0.004030087,0.9988935,0.92264205,0.18779291,1.0098128,0.015363005,0.015159566,0.021643206,0.011097824,0.014182622,0.012578109,0.010698676,0.0299083,0.014962239,0.9995677,0.0092359185,0.00796015,0.012578109,0.010265872,0.011097824
empty_03,empty,train,0,21.6485483,1.0011848,0.07430638,0.9988794,0.012399388,0.012346187,0.020420179,0.009401953,0.01214009,0.0030861513,0.0027178526,0.008240342,0.0036916675,0.9991849,0.9234176,0.1878125,1.0116805,0.014832016,0.014788055,0.021300862,0.0108972285,0.013961375,0.0134025775,0.0127930045,0.027502716,0.0149113415,0.9994896,0.010316426,0.0082443645,0.0134025775,0.010149591,0.0108972285
empty_03,empty,train,0,22.128548300000002,1.0013678,0.07447121,1.0003548,0.0126687735,0.012542021,0.019937633,0.009456779,0.012197114,0.002935326,0.0023761988,0.010054648,0.0036483654,0.9991399,0.9232607,0.18811645,1.0114199,0.014856723,0.0145555325,0.021134572,0.010782507,0.01389278,0.013778125,0.013196349,0.028407395,0.015243179,0.9994811,0.010842799,0.008356726,0.013778125,0.010119643,0.010782507
empty_03,empty,train,0,22.608548300000002,1.0011214,0.0746683,1.0003941,0.01226652,0.011768156,0.020141771,0.009262463,0.012041917,0.0030342308,0.002998829,0.0091667175,0.0035766806,0.9991567,0.9218942,0.18836236,1.0096381,0.013205079,0.013297726,0.02034047,0.009680056,0.012377525,0.013545657,0.012518287,0.030987322,0.015736762,0.9995609,0.010511426,0.008289943,0.013545657,0.00947126,0.009680056
empty_03,empty,train,0,23.088548300000003,1.0014459,0.074411966,0.9992291,0.012068313,0.012195389,0.01950049,0.009122013,0.011828133,0.0029313932,0.002581954,0.01033324,0.003613765,0.9991738,0.9230195,0.1882843,1.00917,0.013233755,0.013197007,0.01978679,0.009946112,0.012637292,0.013051754,0.012190163,0.03207302,0.015333559,0.9995412,0.01012036,0.007991574,0.013051754,0.009534063,0.009946112
empty_03,empty,train,0,23.568548300000007,1.0020325,0.07456292,0.99867356,0.011914912,0.011594442,0.019632397,0.009068245,0.011730396,0.0027849367,0.0025273561,0.010911107,0.0034531632,0.99921167,0.92266625,0.18808672,1.0079925,0.013315841,0.0128525,0.02194833,0.010312113,0.013148722,0.012467129,0.01058358,0.033219576,0.015157228,0.9995934,0.0096821925,0.007626033,0.012467129,0.009690179,0.010312113
empty_03,empty,train,0,24.048548300000007,1.0016863,0.07423104,0.9985155,0.011518718,0.011033638,0.019314988,0.008819694,0.011397455,0.0031204924,0.0026301742,0.007953763,0.0038190524,0.99908555,0.9231381,0.1875584,1.0077989,0.013014424,0.012150208,0.021452244,0.010365357,0.013106819,0.011807309,0.010637522,0.032061815,0.01454041,0.9995925,0.008686817,0.007463901,0.011807309,0.009592526,0.010365357
empty_03,empty,train,0,24.528548300000008,1.0015085,0.07401874,0.99764407,0.011470442,0.010987056,0.019326149,0.008747268,0.011300601,0.0034220591,0.0031169057,0.010373473,0.0041499417,0.99893975,0.92463964,0.18616544,1.0083711,0.013565295,0.012849099,0.021953642,0.010720601,0.013529843,0.010267018,0.0088534355,0.02986437,0.012820054,0.9996202,0.006844959,0.0068445387,0.010267018,0.009733934,0.010720601
empty_03,empty,train,0,25.008548300000008,1.0015357,0.07405726,0.9979978,0.0117294155,0.01152074,0.020052228,0.008887163,0.011513874,0.0035470764,0.003266871,0.011223555,0.004209332,0.9988793,0.9240408,0.18540883,1.0052803,0.014088266,0.013435205,0.02205677,0.010916686,0.013844659,0.009452805,0.008067131,0.02866298,0.012138458,0.9996843,0.005905729,0.0064999405,0.009452805,0.009901924,0.010916686
empty_03,empty,train,0,25.488548300000005,1.0016367,0.07431312,0.99721503,0.011936385,0.011444143,0.020015834,0.009020165,0.011673514,0.0033322028,0.0027530193,0.0107373595,0.0040883124,0.9988718,0.9242099,0.18593538,1.0057361,0.014589293,0.014213856,0.024008393,0.011036753,0.014017361,0.009640376,0.008054018,0.029626131,0.01266423,0.9996434,0.0063081733,0.006486289,0.009640376,0.010028459,0.011036753
empty_03,empty,train,0,25.968548300000005,1.0015799,0.07442418,0.9975736,0.0117452,0.011396184,0.019358223,0.008964406,0.011654824,0.0033204071,0.0030512214,0.010185242,0.0039392468,0.9989444,0.9245919,0.18599755,1.0063685,0.014444582,0.013740332,0.023405405,0.011207244,0.014271542,0.010054044,0.008757651,0.028524876,0.012661433,0.9996279,0.0067336373,0.006687226,0.010054044,0.010085825,0.011207244
empty_03,empty,train,0,26.448548300000006,1.0021269,0.074513726,0.99932253,0.011610996,0.01157815,0.019559974,0.008933267,0.0115752425,0.0032721525,0.0026779175,0.01276052,0.0039520413,0.9989043,0.92259604,0.1873003,1.006636,0.015477781,0.014714186,0.024020197,0.01188226,0.015239714,0.011707567,0.010374427,0.030818224,0.014359642,0.9996508,0.008435414,0.0074898596,0.011707567,0.0104077635,0.01188226
empty_03,empty,train,0,26.928548300000003,1.0016594,0.07522272,1.0007828,0.011493382,0.011256108,0.01882272,0.008969356,0.011594142,0.0026503562,0.0023081303,0.0085788965,0.0033487899,0.99912447,0.9201448,0.18880068,1.0098034,0.015950272,0.016403709,0.02267111,0.012575601,0.016071202,0.013991365,0.011373162,0.03452331,0.016702872,0.9996223,0.011341009,0.008320861,0.013991365,0.010772479,0.012575601
empty_03,empty,train,0,27.408548300000003,1.0025685,0.075218625,1.0009397,0.011331785,0.010993436,0.018893087,0.008899741,0.011549794,0.002992162,0.0026894212,0.010589957,0.003748435,0.99891263,0.9197856,0.19067033,1.009983,0.018515391,0.019264743,0.028198,0.012938679,0.016673831,0.01684976,0.017017603,0.035549283,0.019021349,0.9993075,0.0138575975,0.009920961,0.01684976,0.01091921,0.012938679
empty_03,empty,train,0,27.888548300000004,1.0026361,0.0751604,1.0000869,0.012085705,0.01149012,0.019499637,0.009188558,0.011939666,0.003934476,0.00379318,0.013625741,0.0046392763,0.9982795,0.9192351,0.19398373,1.0123737,0.019784983,0.020528348,0.029478267,0.014041501,0.017934943,0.020011257,0.020472407,0.03940326,0.022373071,0.9991243,0.01607678,0.011972867,0.020011257,0.01161503,0.014041501
empty_03,empty,train,0,28.3685483,1.0016147,0.07482244,0.9962433,0.012597006,0.011773608,0.019786129,0.009373106,0.012242227,0.004093712,0.0041342378,0.011944115,0.004823248,0.99815416,0.9195317,0.19265479,1.0136225,0.021449542,0.022192469,0.030662334,0.014672679,0.01863674,0.01873044,0.018823624,0.037804067,0.020953014,0.9992257,0.014636727,0.011412076,0.01873044,0.012022892,0.014672679
empty_03,empty,train,0,28.848548300000008,1.0020765,0.07459964,0.99732965,0.01221147,0.011504005,0.019652944,0.009052185,0.011903247,0.004271672,0.004008174,0.015286565,0.005099899,0.99796474,0.9210736,0.1932866,1.0147303,0.021624994,0.022392102,0.03174757,0.014194668,0.018097578,0.01970251,0.021615565,0.03794056,0.021464176,0.998913,0.015430839,0.011987092,0.01970251,0.011623427,0.014194668
empty_03,empty,train,0,29.32854830000001,1.0011588,0.07504453,0.99692446,0.012706114,0.011874087,0.021464277,0.009424057,0.012340941,0.0036819377,0.003440857,0.012666345,0.004487809,0.99842083,0.9262796,0.18644229,1.0114431,0.027923075,0.027286893,0.047927108,0.015385421,0.01976896,0.012853016,0.012955129,0.025699377,0.014004507,0.99912125,0.009171078,0.008267477,0.012853016,0.012404739,0.015385421
empty_03,empty,train,0,29.808548300000005,1.0009345,0.07577411,0.99925077,0.012409987,0.01191983,0.020127192,0.009176222,0.012067021,0.002789523,0.0022690296,0.010595262,0.0034426597,0.9990765,0.9308934,0.1797509,1.0120889,0.026730172,0.026213357,0.04799096,0.015104001,0.019530667,0.007056971,0.0051687956,0.024875522,0.009357285,0.9991739,0.004267448,0.004923247,0.007056971,0.012140112,0.015104001
empty_03,empty,train,0,30.288548300000006,1.0013232,0.07645829,1.000956,0.012118579,0.011982659,0.01932704,0.009117474,0.011970374,0.0022462434,0.00192523,0.0068604946,0.0027444847,0.9993851,0.93285567,0.18388689,1.0104473,0.028715098,0.029716544,0.049554028,0.014191276,0.018463995,0.0115574105,0.0075962543,0.039990783,0.01610159,0.9976902,0.0093111675,0.0069018267,0.0115574105,0.011654375,0.014191276
empty_03,empty,train,0,30.768548300000006,1.0014231,0.076661006,1.000279,0.012228271,0.0121046435,0.020498345,0.009315002,0.012183377,0.0020896336,0.0017671585,0.0069376826,0.002641289,0.9994351,0.93739825,0.18501498,1.013221,0.029865535,0.0317751,0.04938197,0.0148563385,0.019291867,0.012946756,0.005356908,0.052680016,0.020281525,0.996742,0.010857122,0.0075181946,0.012946756,0.012085671,0.0148563385
empty_03,empty,train,0,31.24854830000001,1.0016885,0.07548788,1.0014023,0.012174256,0.011638631,0.020388769,0.009058198,0.011873948,0.0022071477,0.0017300844,0.006621957,0.002752351,0.99939996,0.9345066,0.19176067,1.0143826,0.025420599,0.025765788,0.04307249,0.012910545,0.01660024,0.017189072,0.009873271,0.057777762,0.023716424,0.9966329,0.014981925,0.00969811,0.017189072,0.010984371,0.012910545
empty_03,empty,train,0,31.728548300000007,1.0016078,0.075028755,1.0015581,0.012347135,0.012014872,0.019893331,0.009247926,0.012054588,0.0025118818,0.0020589828,0.006888211,0.0030838933,0.99931246,0.93124,0.19609138,1.0135794,0.022510706,0.022171495,0.04218428,0.012014108,0.015545218,0.02060426,0.017430663,0.06018901,0.026087852,0.99691087,0.018092379,0.011558071,0.02060426,0.010631017,0.012014108
empty_03,empty,train,0,32.208548300000004,1.0013057,0.074775204,1.0010791,0.012374408,0.011484984,0.018985594,0.009156838,0.011904693,0.0029242043,0.002685666,0.008384466,0.0035203116,0.9991418,0.9324035,0.18957993,1.0063791,0.020473007,0.020277997,0.037956268,0.011470237,0.014897764,0.013994582,0.008852482,0.047251344,0.019504385,0.9979244,0.011070378,0.008459393,0.013994582,0.010313537,0.011470237
empty_03,empty,train,0,32.68854830000001,1.0008993,0.07491549,1.0007766,0.0124887,0.011820582,0.019879974,0.009200578,0.011895442,0.0031599875,0.0028237104,0.009301186,0.0038851984,0.99892825,0.9295153,0.18637052,1.0067886,0.015915755,0.016209709,0.024179451,0.010423608,0.013251931,0.011147142,0.008443058,0.0353117,0.01473018,0.9987998,0.007987155,0.007153565,0.011147142,0.009812092,0.010423608
empty_03,empty,train,0,33.168548300000005,1.0006998,0.07495016,1.0028139,0.012423824,0.012054997,0.020371463,0.009430698,0.012221381,0.0033223769,0.0032223463,0.010957122,0.0040585687,0.99883837,0.9286423,0.1896752,1.0098951,0.0179962,0.018111547,0.026691308,0.010563097,0.013437465,0.014064995,0.011372089,0.041861773,0.01793229,0.99852985,0.010742618,0.008693686,0.014064995,0.009996898,0.010563097
empty_03,empty,train,0,33.6485483,1.0001494,0.075146765,1.0014412,0.012275518,0.011910587,0.02042017,0.00933725,0.012116519,0.0033055148,0.0027564168,0.01028347,0.0040110364,0.99897397,0.9279822,0.18979426,1.0113177,0.017953575,0.01820119,0.02561394,0.01077144,0.013735061,0.014692576,0.013530374,0.041867256,0.018260207,0.99839246,0.011387061,0.008999045,0.014692576,0.010054345,0.01077144
empty_03,empty,train,0,34.128548300000006,1.0003867,0.075156026,0.9993498,0.012365314,0.011753814,0.020309357,0.009414565,0.01219058,0.0032524362,0.0029461384,0.009955883,0.0039243633,0.99896485,0.92938113,0.1889245,1.0109625,0.018374924,0.018975742,0.027755048,0.010933842,0.013906005,0.014067648,0.012638748,0.044014454,0.017822767,0.9982827,0.010815212,0.008660042,0.014067648,0.010174204,0.010933842
empty_03,empty,train,0,34.6085483,1.0006534,0.075329915,0.99880904,0.012321267,0.012240478,0.020641427,0.009327823,0.01203128,0.002605959,0.0022945404,0.011823893,0.003284381,0.9992736,0.929416,0.19138353,1.0119584,0.01832205,0.018966464,0.025902776,0.010964689,0.013931761,0.016551396,0.0138601065,0.046567798,0.020440057,0.99794286,0.013945437,0.009578678,0.016551396,0.010146257,0.010964689
empty_03,empty,train,0,35.0885483,1.0007911,0.07471946,0.99785936,0.012228857,0.011857655,0.021416886,0.00920515,0.0117830355,0.0026366855,0.002041638,0.009204626,0.0032610293,0.99938685,0.9321579,0.18931954,1.0122361,0.01745494,0.017783348,0.025313722,0.011172264,0.014256838,0.014151483,0.010157764,0.048157692,0.019356968,0.99785787,0.011514798,0.008394084,0.014151483,0.010188707,0.011172264
empty_03,empty,train,0,35.5685483,1.0006542,0.07471438,0.9979914,0.012008425,0.01203425,0.01965879,0.00892997,0.0114629865,0.0028785416,0.0025170445,0.009833455,0.003559903,0.99923754,0.9336919,0.18885373,1.0111524,0.017092504,0.017682003,0.02484445,0.011202217,0.014255587,0.013429924,0.0075683,0.05003643,0.019560272,0.9977755,0.010551382,0.008154233,0.013429924,0.010066094,0.011202217
empty_03,empty,train,0,36.0485483,1.0009595,0.074778326,0.9983455,0.011714067,0.011645173,0.018596746,0.008743384,0.01121708,0.0028335808,0.0023037195,0.008960962,0.003509288,0.99919415,0.9327046,0.1916573,1.012496,0.018484557,0.018948492,0.025472786,0.0123056965,0.015813591,0.016847683,0.012033641,0.053322792,0.02235665,0.99719346,0.0140141025,0.009840632,0.016847683,0.01052454,0.0123056965
empty_03,empty,train,0,36.528548300000004,1.0008659,0.07444115,0.9991747,0.011421158,0.011159048,0.020311076,0.008544784,0.010992136,0.0030454553,0.0027029514,0.012843728,0.0037762693,0.9991344,0.93293065,0.18908592,1.0115718,0.018653253,0.019052127,0.030244522,0.012733868,0.016381225,0.014320843,0.009420216,0.048378706,0.019532327,0.9977643,0.011275387,0.008683149,0.014320843,0.010639327,0.012733868
empty_03,empty,train,0,37.00854830000001,1.0007184,0.075220644,1.0009017,0.011325821,0.011292143,0.018759146,0.008443065,0.010872533,0.0029066328,0.0024528503,0.008532524,0.0035057205,0.999147,0.93346745,0.18558475,1.0093558,0.018039022,0.018495519,0.027746394,0.012248692,0.015827052,0.010809352,0.005418718,0.04267478,0.016247166,0.9982662,0.007902719,0.006857992,0.010809352,0.010345878,0.012248692
empty_03,empty,train,0,37.48854830000001,1.0010867,0.075297736,1.0011581,0.01162195,0.010976474,0.019377748,0.008720357,0.011222906,0.002580284,0.0021042824,0.008884132,0.0032377453,0.9992278,0.93498933,0.1845368,1.0096889,0.018521685,0.0190836,0.027404398,0.012365481,0.016003553,0.010605773,0.0037744045,0.044902086,0.017023228,0.9978311,0.008025489,0.0065930285,0.010605773,0.010542919,0.012365481
empty_03,empty,train,0,37.96854830000001,1.0013335,0.074956484,1.0008041,0.011793482,0.011237859,0.02007099,0.009044119,0.011680951,0.0028394824,0.0026168823,0.009359956,0.0034441145,0.99914277,0.93591017,0.18287647,1.0080655,0.016437216,0.016755877,0.0259865,0.0114124715,0.014812943,0.010376742,0.003921151,0.045336366,0.016718844,0.9977309,0.0075372597,0.0066081122,0.010376742,0.010228295,0.0114124715
empty_03,empty,train,0,38.448548300000006,1.0012249,0.07476868,1.0008361,0.012028636,0.012084052,0.021290518,0.009163723,0.011870682,0.0028370735,0.002507031,0.008437157,0.0034866154,0.9991731,0.9353786,0.18321362,1.0095285,0.015888812,0.015654212,0.024320206,0.011078857,0.014244356,0.011634419,0.0063068867,0.048205376,0.017639713,0.99719566,0.008797346,0.007235746,0.011634419,0.01012129,0.011078857
empty_03,empty,train,0,38.9285483,1.0011342,0.074186616,0.99829346,0.012078755,0.011765357,0.022272903,0.009383858,0.012130897,0.0032392852,0.002737403,0.011015058,0.003917217,0.9990815,0.9338658,0.18514368,1.0110512,0.016368283,0.016313681,0.025139047,0.011476609,0.014812075,0.014017439,0.008983135,0.049753428,0.019468136,0.99641335,0.010778154,0.008628363,0.014017439,0.010430234,0.011476609
empty_03,empty,train,0,39.4085483,1.0010536,0.07422003,0.9984558,0.011949994,0.01185762,0.021889329,0.009121466,0.01183833,0.0030022096,0.0027825832,0.009346962,0.003659317,0.99925363,0.93182164,0.18746407,1.0105711,0.015229672,0.015012834,0.02300442,0.01106717,0.014237979,0.01577094,0.0119252205,0.048627615,0.020345854,0.9964194,0.0127687305,0.009386575,0.01577094,0.010094319,0.01106717
empty_03,empty,train,0,39.888548300000004,1.0012478,0.07422268,0.9974886,0.011496829,0.011289804,0.018855806,0.008828844,0.011407096,0.0030985838,0.002767861,0.0087862015,0.0037015246,0.99919975,0.9311684,0.18809742,1.0095693,0.015402301,0.015041093,0.023642512,0.011339183,0.014586836,0.015946072,0.012447119,0.049889445,0.020444477,0.9965452,0.012847488,0.009522328,0.015946072,0.010084013,0.011339183
empty_03,empty,train,0,40.3685483,1.001171,0.074133836,0.99616575,0.011828091,0.01164111,0.019046256,0.008751469,0.011293995,0.003461367,0.0031445622,0.01029551,0.0040579443,0.9989965,0.9314365,0.18952367,1.0108731,0.015206612,0.014748371,0.023269622,0.01102421,0.01412871,0.016530575,0.0127030015,0.051669598,0.021257315,0.99669504,0.013069209,0.009995971,0.016530575,0.009887839,0.01102421
empty_03,empty,train,0,40.848548300000004,1.0011474,0.07480158,0.9980066,0.0116994,0.011511357,0.019412946,0.008642649,0.011144575,0.0029317173,0.002619803,0.011572003,0.0036591147,0.9990665,0.9333384,0.19110946,1.0125536,0.016903553,0.017005833,0.02756785,0.011972791,0.015543786,0.016402757,0.011300623,0.055363297,0.022339277,0.9970259,0.013471039,0.009667237,0.016402757,0.01030772,0.011972791
empty_03,empty,train,0,41.3285483,1.0012132,0.074805066,0.99799454,0.011698125,0.011554054,0.020189214,0.008686579,0.01122133,0.0031013768,0.0028717518,0.009782672,0.0037252414,0.9990146,0.9362224,0.19279146,1.0122626,0.018782942,0.018472102,0.028242618,0.0131871905,0.016944844,0.017183745,0.00986588,0.0636729,0.024671717,0.9968944,0.014082368,0.010142561,0.017183745,0.010936884,0.0131871905
empty_03,empty,train,0,41.808548300000005,1.0008733,0.07476742,0.998628,0.011653764,0.011285902,0.01979436,0.008622972,0.011123353,0.0033545478,0.0031108856,0.013528824,0.0041161026,0.998806,0.93844837,0.19225138,1.0112921,0.0198729,0.019521175,0.02941876,0.014087896,0.018094525,0.016710846,0.007750392,0.066610456,0.025269592,0.9967973,0.013356298,0.010032697,0.016710846,0.011355434,0.014087896
empty_03,empty,train,0,42.2885483,1.0010382,0.074675746,1.0003388,0.011502039,0.011144288,0.018270792,0.008931965,0.011498012,0.0034388555,0.0030938387,0.011086464,0.004140598,0.99878466,0.93883634,0.19201896,1.0121138,0.020147903,0.019854506,0.02910165,0.014669706,0.018625788,0.016341286,0.00795877,0.06836462,0.024956552,0.9970344,0.01290243,0.00989007,0.016341286,0.011800835,0.014669706
empty_03,empty,train,0,42.7685483,1.001244,0.074398786,0.99758196,0.011537217,0.011110513,0.018922487,0.009012749,0.011594228,0.0035314776,0.0032164454,0.011014938,0.0043062367,0.9987144,0.9375853,0.18894668,1.0107286,0.019241303,0.018538564,0.03006005,0.013316484,0.017008457,0.01392264,0.006915331,0.06007254,0.02122934,0.9977277,0.010391163,0.008727059,0.01392264,0.011164617,0.013316484
empty_03,empty,train,0,43.2485483,1.0007864,0.07389107,0.99710727,0.011973832,0.011809354,0.020441154,0.009270661,0.0119477715,0.0040587108,0.003558755,0.013227403,0.004910384,0.9984751,0.9371784,0.18599236,1.0132583,0.01843555,0.01824317,0.028355777,0.012474674,0.016117295,0.0120368665,0.0055013895,0.056821108,0.018866414,0.99786997,0.007978156,0.008047788,0.0120368665,0.010872668,0.012474674
empty_03,empty,train,0,43.7285483,1.000741,0.0741307,0.9983213,0.0123066595,0.012577456,0.021312758,0.009591146,0.012334576,0.003956294,0.003384173,0.011811674,0.0047911117,0.9984954,0.9358936,0.18412608,1.0106331,0.015996598,0.015674982,0.02616372,0.011194008,0.014308446,0.010496786,0.005065143,0.05258584,0.016617702,0.9981348,0.0065404917,0.00722654,0.010496786,0.010392577,0.011194008
empty_03,empty,train,0,44.20854830000001,1.000286,0.07411595,0.9990288,0.012272508,0.012304698,0.019915788,0.009480882,0.012237789,0.0040780352,0.0038044453,0.012310445,0.0048927115,0.99852496,0.9351601,0.18155977,1.008234,0.014940807,0.014716653,0.024654595,0.010617892,0.013691865,0.009111185,0.004473269,0.046568632,0.014548067,0.9982872,0.0050331494,0.00659461,0.009111185,0.010049388,0.010617892
empty_03,empty,train,0,44.6885483,1.0000979,0.07449096,0.9995144,0.012668096,0.012556988,0.021853447,0.0096945,0.012561281,0.0035702894,0.003068328,0.010030806,0.0042421618,0.9989814,0.9352963,0.18140931,1.0077931,0.015190994,0.014935634,0.021343544,0.0106915375,0.013861144,0.009147693,0.0042595863,0.04431975,0.014813555,0.9981634,0.005577404,0.0063589914,0.009147693,0.010193018,0.0106915375
empty_03,empty,train,0,45.16854830000001,1.0005978,0.07509787,0.99979234,0.012458652,0.012166999,0.020093754,0.0097671645,0.012568107,0.0028780627,0.0024850368,0.009795368,0.0035371156,0.9991762,0.93173975,0.18247113,1.005613,0.016173128,0.015846673,0.02495582,0.010710411,0.013875144,0.008401749,0.0046899915,0.037385345,0.012828893,0.9986195,0.0055236863,0.0056399056,0.008401749,0.010238787,0.010710411
empty_03,empty,train,0,45.64854830000002,1.000532,0.07534762,1.0008949,0.012510999,0.01176532,0.020698925,0.009839474,0.012696681,0.003006666,0.0025380254,0.009936094,0.0037006305,0.9990455,0.930375,0.18699025,1.0099592,0.021324374,0.02159094,0.03548817,0.012250164,0.016302729,0.012906862,0.009548306,0.04209876,0.016659804,0.9981639,0.009900196,0.007956764,0.012906862,0.011044819,0.012250164
empty_03,empty,train,0,46.12854830000001,1.0012721,0.075296625,1.0011066,0.012329314,0.011945484,0.020531805,0.009612543,0.012440716,0.0027529742,0.002547741,0.00916785,0.0032673066,0.9991881,0.93029726,0.19218643,1.0105934,0.023946673,0.023924258,0.03892656,0.013892835,0.018534038,0.018478455,0.014303327,0.05126047,0.022576211,0.99704885,0.01572548,0.010615715,0.018478455,0.011752689,0.013892835
empty_03,empty,train,0,46.608548300000024,1.0011175,0.07506202,1.0007794,0.012313557,0.012185187,0.021923859,0.009547128,0.012288949,0.0029233226,0.0026948452,0.009336233,0.0034762942,0.99912643,0.9285779,0.19628811,1.011419,0.023426065,0.021892102,0.038930707,0.014577118,0.0192712,0.023122707,0.02081573,0.05647266,0.027015828,0.99614316,0.020199385,0.013023015,0.023122707,0.012062123,0.014577118
empty_03,empty,train,0,47.088548300000014,1.0012523,0.07478199,1.0012307,0.012438345,0.01175799,0.020490153,0.009548721,0.0124018835,0.002691137,0.0021611452,0.00862366,0.00335924,0.999243,0.9313889,0.19914448,1.0122974,0.021588748,0.020103293,0.03722678,0.015040277,0.01967882,0.025956502,0.02144891,0.07100904,0.031418048,0.9945771,0.023265366,0.014323819,0.025956502,0.012294499,0.015040277
empty_03,empty,train,0,47.56854830000001,1.0007085,0.074827604,0.99979866,0.012425408,0.011725881,0.020093847,0.009315732,0.012204296,0.002609147,0.0022617579,0.011424899,0.0034380907,0.9992719,0.93143684,0.20187283,1.0142944,0.02221769,0.022691835,0.036279112,0.014577593,0.01901176,0.029106537,0.025296867,0.08007419,0.035086516,0.99319065,0.02649739,0.015857842,0.029106537,0.011946662,0.014577593
empty_03,empty,train,0,48.0485483,1.0001085,0.0751034,0.9999617,0.012119437,0.011149075,0.020751107,0.009380455,0.012263898,0.0027466828,0.0021162033,0.011992931,0.0036749311,0.99922013,0.9301604,0.20275111,1.0139005,0.020627331,0.020736957,0.036795426,0.013279052,0.01713851,0.029683158,0.02613312,0.07596493,0.03492794,0.9939469,0.026936475,0.01621492,0.029683158,0.011329753,0.013279052
empty_03,empty,train,0,48.528548300000004,1.0002404,0.075317584,0.9997393,0.01209548,0.011390978,0.022198966,0.009198801,0.012048071,0.0029674324,0.002426982,0.0125056505,0.0037738062,0.999079,0.93274826,0.19707297,1.0116092,0.025427127,0.026204463,0.04079945,0.013597346,0.017497433,0.0233938,0.017277658,0.06921196,0.028994815,0.9954143,0.020426368,0.013180616,0.0233938,0.011398073,0.013597346
empty_03,empty,train,0,49.0085483,1.000779,0.07484962,0.9991351,0.012520516,0.012053381,0.019732697,0.009303261,0.012134762,0.003447854,0.002890706,0.012012482,0.004233624,0.9987179,0.93441564,0.18968177,1.0097116,0.029237706,0.030579662,0.04586666,0.012958548,0.016766692,0.015703205,0.009272277,0.057266474,0.021897655,0.99682623,0.012255351,0.009575529,0.015703205,0.011130905,0.012958548
empty_03,empty,train,0,49.488548300000005,1.0011411,0.073910795,0.9979261,0.01271501,0.012397618,0.019533943,0.009378499,0.012178317,0.005165599,0.005168736,0.011530638,0.0058115073,0.99755174,0.9343452,0.18885809,1.0083088,0.028888308,0.030813804,0.043907896,0.012886779,0.016512584,0.014340716,0.008000791,0.050340652,0.020294858,0.99745995,0.009175118,0.009753157,0.014340716,0.011132639,0.012886779
empty_03,empty,train,0,49.9685483,1.001324,0.0731986,0.9992027,0.012788494,0.012767487,0.020213535,0.009465046,0.012313691,0.0063803014,0.006765783,0.014561892,0.007089324,0.99637717,0.92963487,0.18916875,1.010454,0.030020786,0.031207519,0.05117914,0.013620444,0.017492602,0.014571339,0.013380945,0.036796212,0.017732937,0.99845326,0.008191038,0.01047582,0.014571339,0.011542745,0.013620444
empty_03,empty,train,0,50.4485483,1.0014476,0.07323038,0.99917585,0.012969505,0.0127566205,0.022034792,0.009700334,0.012664027,0.006573541,0.00702852,0.013844013,0.0072571067,0.9961346,0.92631835,0.19308765,1.0140126,0.029284205,0.030499516,0.05068586,0.013035166,0.016830605,0.018415503,0.018033147,0.037241697,0.020893693,0.99854684,0.011841962,0.012494522,0.018415503,0.011367749,0.013035166
empty_03,empty,train,0,50.9285483,1.0011789,0.0740981,0.99682456,0.0132150445,0.012469031,0.02345222,0.009400092,0.012269256,0.0047689783,0.004552245,0.011193275,0.0054038893,0.99788207,0.9226195,0.20029593,1.0157481,0.023565765,0.02448929,0.03956515,0.012664818,0.016449288,0.025825683,0.026905417,0.043858886,0.028608076,0.99800116,0.021056704,0.015297331,0.025825683,0.011032455,0.012664818
empty_03,empty,train,0,51.4085483,1.0009782,0.07496003,0.9969272,0.012462655,0.011943418,0.02319324,0.009084354,0.011791722,0.0035148598,0.0031629205,0.009112835,0.0042473786,0.9986477,0.91820705,0.20357178,1.0170674,0.020812072,0.021063711,0.03292525,0.011974902,0.015524344,0.029255038,0.030366302,0.05317509,0.032489754,0.9981017,0.025740178,0.016384948,0.029255038,0.010529628,0.011974902
empty_03,empty,train,0,51.888548300000004,1.0014414,0.07593499,0.9995101,0.011905743,0.011494252,0.02188082,0.00896762,0.011658004,0.0023577677,0.0019336939,0.008813381,0.00295816,0.99927247,0.9184015,0.2020957,1.0138181,0.01876148,0.018730706,0.028311903,0.010761908,0.013717366,0.027240267,0.028281331,0.052558303,0.030672565,0.9984871,0.0248825,0.014799017,0.027240267,0.009864764,0.010761908
empty_03,empty,train,0,52.3685483,1.0018098,0.07558542,0.9992648,0.011804824,0.0114010535,0.021462603,0.008895552,0.011523261,0.0025254912,0.0022807121,0.0091251135,0.0030548759,0.99923277,0.91928476,0.19855154,1.0118308,0.021449188,0.022004887,0.036184795,0.010949836,0.013926712,0.023901507,0.023584962,0.047758043,0.026925279,0.9987328,0.021376016,0.013213499,0.023901507,0.009922694,0.010949836
empty_03,empty,train,0,52.848548300000004,1.0018874,0.074564874,0.99784905,0.011550714,0.0111583145,0.019880049,0.0088437935,0.011505136,0.002994923,0.0025764108,0.0095697045,0.0036414468,0.99909204,0.9180815,0.19634418,1.0105256,0.022775933,0.023113139,0.038652424,0.011128308,0.014143189,0.022153016,0.021627724,0.044814408,0.025121598,0.99893993,0.019158093,0.01257397,0.022153016,0.00998605,0.011128308
empty_03,empty,train,0,53.3285483,1.0024078,0.07421447,1.0001565,0.011887549,0.011474298,0.020110121,0.0090372,0.011912177,0.0034720257,0.0029857159,0.0113892555,0.004243647,0.9988083,0.92066133,0.18990394,1.0070019,0.020666922,0.021457924,0.03533901,0.011243964,0.01440713,0.01520263,0.013877094,0.036955655,0.017805863,0.9994241,0.011730605,0.009337328,0.01520263,0.010140582,0.011243964
empty_03,empty,train,0,53.808548300000005,1.0025274,0.07422798,0.9988959,0.012183538,0.012346365,0.02014083,0.009090748,0.011916273,0.0032962537,0.0029720068,0.011086464,0.0040977676,0.9989232,0.922627,0.18298633,1.0048496,0.018324565,0.018150827,0.032320186,0.011523233,0.014747216,0.0083780475,0.007235408,0.03030914,0.0109661,0.9995777,0.0050817938,0.005837151,0.0083780475,0.01030699,0.011523233
empty_03,empty,train,0,54.2885483,1.0016961,0.07416654,0.9979397,0.012129778,0.011869522,0.020014249,0.009033519,0.01180423,0.0033482926,0.003256321,0.010000825,0.003982857,0.9989952,0.92210066,0.18336882,1.0031956,0.01695059,0.017058898,0.02606857,0.011254123,0.014453882,0.00861126,0.006640196,0.03169316,0.011495433,0.9995806,0.005262967,0.0059797764,0.00861126,0.010143821,0.011254123
empty_03,empty,train,0,54.76854830000001,1.0017713,0.07474145,0.99836767,0.012133439,0.011796649,0.020493127,0.009090544,0.011817032,0.0028644877,0.0025764108,0.010710716,0.0034476512,0.9991657,0.9196856,0.18383662,1.0077206,0.01630519,0.01648704,0.02502955,0.011182825,0.014399012,0.008996012,0.0044412613,0.03531599,0.013371257,0.9994926,0.006131524,0.0059302496,0.008996012,0.010136684,0.011182825
empty_03,empty,train,0,55.2485483,1.0012261,0.07458401,0.9964916,0.012000514,0.011370375,0.019901901,0.009089517,0.011708421,0.003275014,0.0029344559,0.012610614,0.003973648,0.9989036,0.92055357,0.18269871,1.0085238,0.017197935,0.017885497,0.02746857,0.011416425,0.014678478,0.008111216,0.003965318,0.035412133,0.012056566,0.99950427,0.004836202,0.0056931153,0.008111216,0.010252971,0.011416425
empty_03,empty,train,0,55.728548300000014,1.0014876,0.07479225,0.99772054,0.01195542,0.011463827,0.018794373,0.009084759,0.011763372,0.0030354857,0.0024079084,0.012184322,0.003775835,0.9989583,0.9190542,0.185043,1.0054075,0.017958349,0.0182738,0.026626028,0.011737012,0.015120833,0.010218999,0.0051361322,0.034540176,0.014198858,0.99966675,0.0071835136,0.0066272425,0.010218999,0.010410886,0.011737012
empty_03,empty,train,0,56.20854830000002,1.0013463,0.074839786,0.9985357,0.012378975,0.012641576,0.019385617,0.009280138,0.01205111,0.002943065,0.0024356842,0.0095329285,0.0036358116,0.9990495,0.91971076,0.1851657,1.0065857,0.0184429,0.018804861,0.027386213,0.011747251,0.015064041,0.010249395,0.0051193237,0.029542029,0.013781066,0.99971914,0.00730633,0.00659623,0.010249395,0.010513695,0.011747251
empty_03,empty,train,0,56.68854830000001,1.0013562,0.07474993,0.9986536,0.012081625,0.012788956,0.018472003,0.009088731,0.011798966,0.0031637154,0.0028662086,0.010164142,0.0038942853,0.9989001,0.92177945,0.18622108,1.0074841,0.01901074,0.018677268,0.031197341,0.012035006,0.0153146675,0.011443214,0.009322643,0.027067482,0.013595689,0.9997152,0.008279499,0.007303464,0.011443214,0.010561869,0.012035006
empty_03,empty,train,0,57.16854830000002,1.0012032,0.07488443,0.99918115,0.012259427,0.012537253,0.020177456,0.009234038,0.011982105,0.0033605038,0.0031076074,0.009711623,0.0039580422,0.99884033,0.92164975,0.1883812,1.0095334,0.017833984,0.017356277,0.029822167,0.011700084,0.014960814,0.014185774,0.013645053,0.028537393,0.015957655,0.999506,0.010825271,0.008773139,0.014185774,0.010467062,0.011700084
empty_03,empty,train,0,57.64854830000002,1.001199,0.074769504,0.99972105,0.012124944,0.012293737,0.019148093,0.00923394,0.011945519,0.0033649558,0.0028614998,0.01157403,0.00411728,0.9987556,0.92262155,0.18645146,1.0086846,0.01689709,0.016257575,0.028487355,0.011503865,0.014671185,0.011708707,0.011692524,0.027361214,0.013684096,0.9996198,0.008343751,0.0075368313,0.011708707,0.010368902,0.011503865
empty_03,empty,train,0,58.12854830000002,1.0014417,0.07426815,0.9979773,0.011932538,0.012150877,0.019546943,0.009368462,0.0121041015,0.0036364878,0.0034534931,0.010277152,0.0044884975,0.9985962,0.9214947,0.18864508,1.0091373,0.017484954,0.017411957,0.027439112,0.011483266,0.014644739,0.013565751,0.012435496,0.0316692,0.016105453,0.99957365,0.009929263,0.00860112,0.013565751,0.010425864,0.011483266
empty_03,empty,train,0,58.608548300000024,1.0017262,0.07482831,0.9979245,0.012005024,0.011719258,0.020654429,0.009278633,0.011997266,0.002997176,0.002555132,0.009152055,0.0036904963,0.9989933,0.9219898,0.1874731,1.0086344,0.017126128,0.017053759,0.027044622,0.0114295175,0.014696954,0.012186471,0.010978699,0.030771911,0.014823638,0.99961025,0.009189296,0.0075918236,0.012186471,0.010354076,0.0114295175
empty_05,empty,train,0,1.0248247,1.0013682,0.07735066,0.9998545,0.012545207,0.011973494,0.020821393,0.009095536,0.011865457,0.0032961252,0.0032384992,0.009797215,0.003925077,0.99881566,0.93639904,0.16769779,1.0092002,0.049441814,0.047227107,0.09646141,0.02250206,0.033377927,0.00929667,0.00779742,0.025123239,0.0118600745,0.99975216,0.0060005444,0.006296397,0.00929667,0.015798798,0.02250206
empty_05,empty,train,0,1.5048247000000001,1.0011749,0.07771441,0.99882126,0.012621079,0.0123058045,0.02217012,0.009241655,0.012051727,0.0033145207,0.0031762123,0.009228647,0.003910011,0.99892855,0.92149746,0.1853101,1.0094941,0.038798906,0.039048996,0.067137286,0.02103353,0.032423403,0.010114567,0.00609529,0.026377082,0.012832046,0.99976754,0.0068000467,0.0067145443,0.010114567,0.015137592,0.02103353
empty_05,empty,train,0,1.9848246999999999,1.0016724,0.077183664,0.99848294,0.012388678,0.012422864,0.022842426,0.009254127,0.012074966,0.0037119077,0.0034545064,0.011288047,0.0044678445,0.99837875,0.92352086,0.18160771,1.008303,0.022724288,0.022941079,0.04165157,0.013058426,0.017310953,0.006940307,0.005333066,0.018829823,0.008694099,0.99982107,0.0032283994,0.005326107,0.006940307,0.011156276,0.013058426
empty_05,empty,train,0,2.4648247,1.0016898,0.077969074,0.99658644,0.012070987,0.012363285,0.020679608,0.0090343645,0.011727686,0.003470613,0.002937436,0.010944426,0.0041696853,0.9987825,0.9238413,0.1807466,1.0095204,0.021746032,0.0211257,0.038351607,0.011090204,0.014266511,0.0063029835,0.005154729,0.01808387,0.007943679,0.99980205,0.0028323706,0.004886798,0.0063029835,0.010062285,0.011090204
empty_05,empty,train,0,2.9448247,1.0021785,0.07700041,0.9968371,0.012272731,0.012445574,0.02033192,0.009216903,0.0120191295,0.0031533877,0.0028253198,0.012481868,0.00401392,0.9986798,0.9242536,0.17895563,1.0076337,0.021886745,0.021443713,0.038001757,0.010753095,0.0138202915,0.0051660906,0.0036257505,0.01553148,0.0066118543,0.9997697,0.0020127029,0.0041597392,0.0051660906,0.009984999,0.010753095
empty_05,empty,train,0,3.4248247000000003,1.0023679,0.076535836,0.9968608,0.012073376,0.011782357,0.022048762,0.009027528,0.011780879,0.0026798008,0.002134502,0.011635184,0.0034865332,0.99898374,0.9278643,0.17232461,1.0063119,0.017833583,0.017549185,0.029055009,0.010804211,0.013857756,0.0034698225,0.0025581121,0.0126248,0.0045349225,0.999756,0.0007900216,0.0030748118,0.0034698225,0.00991587,0.010804211
empty_05,empty,train,0,3.9048247000000003,1.0024539,0.07622186,0.99730307,0.012038011,0.011732093,0.021983039,0.009059605,0.011695737,0.0027717229,0.0021883845,0.01056695,0.0035094984,0.9989679,0.926353,0.1725245,1.005867,0.015849667,0.015010248,0.026688399,0.0102463905,0.01314529,0.004193142,0.0033125877,0.013633728,0.0051963665,0.9996612,0.0014214192,0.0034824326,0.004193142,0.009652998,0.0102463905
empty_05,empty,train,0,4.384824700000001,1.0026714,0.07528966,0.999025,0.011822259,0.011462142,0.02143225,0.009110103,0.011735338,0.0032271883,0.0030237436,0.009720266,0.0038605994,0.9988397,0.928032,0.17063248,1.0034034,0.015566727,0.015347614,0.023287388,0.010637668,0.01362733,0.004717242,0.0039135814,0.017556965,0.006328406,0.9996135,0.0014900537,0.003972215,0.004717242,0.009873886,0.010637668
empty_05,empty,train,0,4.864824700000001,1.0028077,0.075023174,1.0010996,0.011680385,0.011433252,0.02084805,0.009067025,0.011613916,0.0034658012,0.003356576,0.0096081495,0.0040098242,0.9988052,0.9287005,0.17121002,1.0068969,0.015109545,0.014777446,0.021976737,0.010486179,0.013421001,0.0038710805,0.0026402473,0.015775979,0.0054329205,0.9997332,0.00040527922,0.003668441,0.0038710805,0.009776602,0.010486179
empty_05,empty,train,0,5.3448247,1.0031002,0.0753724,1.001407,0.0116339745,0.011514747,0.021394601,0.009180505,0.011770168,0.0034438116,0.0031434298,0.010471344,0.004177414,0.9986797,0.92917705,0.17019142,1.0041394,0.015392716,0.015321725,0.022058217,0.010690723,0.013638845,0.0045187795,0.0036376715,0.016951382,0.005877475,0.999806,0.0010749679,0.0039812955,0.0045187795,0.009935614,0.010690723
empty_05,empty,train,0,5.824824700000001,1.0031049,0.07550485,1.0014387,0.012215908,0.01192916,0.021945888,0.0092990855,0.012001026,0.0031361384,0.0027270317,0.009951949,0.0038774228,0.99887353,0.93199366,0.16909675,1.0064745,0.016454535,0.016129367,0.024607247,0.011206182,0.014241478,0.0058162133,0.003906369,0.020915926,0.007941685,0.9997907,0.002680075,0.0044761756,0.0058162133,0.010252634,0.011206182
empty_05,empty,train,0,6.3048247,1.003005,0.07599426,1.0002937,0.012503393,0.01206019,0.020953218,0.009521496,0.012287615,0.0025730985,0.0022723079,0.009142101,0.003276081,0.99918735,0.9319882,0.169018,1.0077634,0.01662984,0.01636476,0.027125172,0.011332231,0.014505331,0.006179565,0.004631996,0.017639697,0.0078683775,0.9998246,0.0036064666,0.004376332,0.006179565,0.010426863,0.011332231
empty_05,empty,train,0,6.784824700000001,1.0026836,0.07579206,0.9979634,0.012571883,0.011967468,0.020906447,0.009461289,0.012224122,0.0025266954,0.0022494793,0.010202408,0.0032121763,0.9991817,0.93219453,0.16886754,1.0093557,0.016827453,0.017127141,0.02850824,0.011963305,0.0152270375,0.0069714496,0.005995512,0.019803822,0.00835525,0.9997512,0.004444754,0.0047490727,0.0069714496,0.010712298,0.011963305
empty_05,empty,train,0,7.2648247,1.0023221,0.07591947,0.9974263,0.012474924,0.011795757,0.020300731,0.009410914,0.01216365,0.0022687668,0.0020536184,0.0075475574,0.002868607,0.9993163,0.9333362,0.17123234,1.0115292,0.01755029,0.017233806,0.02730508,0.012181942,0.015559652,0.006107123,0.005397558,0.017579377,0.0073925117,0.99983275,0.0038383564,0.004187945,0.006107123,0.010796428,0.012181942
empty_05,empty,train,0,7.744824700000001,1.0020598,0.075852446,0.9977817,0.012138343,0.011377772,0.021711074,0.009214915,0.011960728,0.0024227032,0.0022101998,0.008630991,0.0030064727,0.99923676,0.92998624,0.17479563,1.0104057,0.01780822,0.017807337,0.027888076,0.0123844845,0.015900327,0.002995867,0.0025900602,0.008691788,0.0036757186,0.9998684,0.00057316385,0.0027092851,0.002995867,0.0107997,0.0123844845
empty_05,empty,train,0,8.224824700000001,1.0015827,0.07542348,0.99629515,0.012344286,0.012691878,0.021131065,0.009365047,0.012217277,0.0023722297,0.0018974543,0.007509947,0.0029768934,0.9993016,0.92926383,0.17765495,1.0094674,0.016895037,0.017071128,0.02993029,0.012248717,0.01575468,0.0036996664,0.0035152435,0.0120795965,0.0045375424,0.9998475,0.0013274367,0.0030359481,0.0036996664,0.010806883,0.012248717
empty_05,empty,train,0,8.7048247,1.0014844,0.0760315,0.99922806,0.012415627,0.01276834,0.022068877,0.009326222,0.012152927,0.0020470123,0.0016065836,0.008035779,0.0025547047,0.99945706,0.93123525,0.1778921,1.0105665,0.01666162,0.016821746,0.028765833,0.011672177,0.015123323,0.0044784923,0.0029013157,0.017709494,0.006180463,0.9997526,0.00243148,0.0032627522,0.0044784923,0.0104992,0.011672177
empty_05,empty,train,0,9.184824699999998,1.0020417,0.076288566,1.002489,0.0122854505,0.012650278,0.021560475,0.009114005,0.011926265,0.0022319816,0.0018140078,0.007298231,0.002795353,0.99933046,0.9314333,0.17682678,1.0073636,0.016907122,0.01685342,0.029103924,0.011213495,0.014517662,0.0041908394,0.0030286908,0.015997648,0.005718606,0.99977326,0.0019588578,0.0032114105,0.0041908394,0.0101637505,0.011213495
empty_05,empty,train,0,9.6648247,1.0022504,0.07654743,1.0014387,0.012395184,0.0125228735,0.020326052,0.00934173,0.012206453,0.0024456265,0.0020836592,0.010160983,0.0031299295,0.9991781,0.93344086,0.17315342,1.0081878,0.016371973,0.016461601,0.029533055,0.010610491,0.013678006,0.0059903804,0.0067144036,0.01467067,0.0070418976,0.99977654,0.0035447539,0.0042180037,0.0059903804,0.00997611,0.010610491
empty_05,empty,train,0,10.1448247,1.0023689,0.077037744,1.0019186,0.012225257,0.01204485,0.019908126,0.009232978,0.011964277,0.0026112862,0.0021919012,0.0121308565,0.003319553,0.99913067,0.93505067,0.1713849,1.0072608,0.015346608,0.015111581,0.024413334,0.010501216,0.013432729,0.0076302118,0.007711649,0.01969415,0.009126213,0.999712,0.0050189253,0.005120749,0.0076302118,0.009867097,0.010501216
empty_05,empty,train,0,10.6248247,1.002288,0.07722849,1.0018517,0.01265417,0.0123173045,0.020554235,0.009627562,0.012485654,0.0025039439,0.002131462,0.014236987,0.0033350864,0.9991458,0.9342499,0.17151932,1.0055496,0.015971616,0.015850134,0.026076656,0.01045037,0.013388768,0.006861394,0.006393969,0.019473791,0.00845864,0.99970627,0.0043574497,0.004682669,0.006861394,0.010038966,0.01045037
empty_05,empty,train,0,11.1048247,1.0023518,0.07632857,1.001445,0.013286405,0.01299408,0.020789873,0.009931977,0.012810476,0.0022227948,0.0017771721,0.007884979,0.0028420286,0.99932444,0.9315833,0.17291224,1.0075475,0.016024537,0.015854182,0.02635793,0.010327991,0.013280755,0.0040980605,0.0037915707,0.011318922,0.0050757066,0.9998851,0.0018752657,0.0031604278,0.0040980605,0.0101299845,0.010327991
empty_05,empty,train,0,11.584824699999999,1.001907,0.07620604,1.0004271,0.012741089,0.012440469,0.019806288,0.009634944,0.012410827,0.0021174962,0.0017739534,0.00630635,0.0026951001,0.99937564,0.9303695,0.17407772,1.0050838,0.015481207,0.015533825,0.026282027,0.010297814,0.013340409,0.0030156886,0.0025114417,0.008653164,0.0037701693,0.9998952,0.0008981924,0.0025665923,0.0030156886,0.009966379,0.010297814
empty_05,empty,train,0,12.0648247,1.0026042,0.076338634,1.0010533,0.012466516,0.012413767,0.020983413,0.009194919,0.011940965,0.0023941565,0.002039075,0.009409308,0.0030116406,0.99926466,0.9303789,0.17568779,1.0054154,0.014395547,0.014186003,0.02417357,0.009774634,0.012673072,0.003338573,0.0024579167,0.012144089,0.0043532443,0.9998275,0.0009444165,0.0028663648,0.003338573,0.009484776,0.009774634
empty_05,empty,train,0,12.5448247,1.0030268,0.07677722,1.0005854,0.012234132,0.0117137525,0.020442966,0.008922911,0.011592221,0.0024938947,0.0019964576,0.0109580755,0.003329946,0.99918395,0.9290498,0.17620961,1.0055364,0.013951143,0.013972605,0.022501245,0.009522462,0.012219291,0.0024097534,0.0018360019,0.01123035,0.0032806022,0.9998923,8.414127e-05,0.002451824,0.0024938947,0.009222686,0.009522462
empty_05,empty,train,0,13.0248247,1.0029246,0.07726172,1.0006887,0.011314507,0.011338598,0.018534472,0.008496344,0.01101371,0.0023096905,0.001788199,0.010609388,0.0030101861,0.99940336,0.9302353,0.17633592,1.0072018,0.0131397005,0.013349889,0.021452552,0.009395246,0.0120311715,0.0033926964,0.002276063,0.012814283,0.004658204,0.99979794,0.0010830059,0.0028511933,0.0033926964,0.008945795,0.009395246
empty_05,empty,train,0,13.504824699999999,1.0029792,0.07729592,1.0010592,0.011331287,0.01060339,0.019064492,0.0085166115,0.011067788,0.0022524868,0.0019642115,0.009097099,0.0029309706,0.99945915,0.92765766,0.17988588,1.0087619,0.014399243,0.0145268,0.024020363,0.009524041,0.012117611,0.005211172,0.004758239,0.0148335695,0.006363921,0.9997774,0.0029586854,0.0037318296,0.005211172,0.009020327,0.009524041
empty_05,empty,train,0,13.984824699999999,1.0024849,0.07638258,1.0001974,0.011812222,0.011449222,0.018487968,0.008733161,0.011314782,0.0019273028,0.0017553568,0.008087635,0.0024603314,0.9995113,0.9257583,0.17916651,1.0096865,0.015055837,0.015193411,0.024132049,0.009640988,0.012202771,0.0046265577,0.0035509467,0.014174461,0.005893244,0.99981564,0.002699255,0.0032769302,0.0046265577,0.009187074,0.009640988
empty_05,empty,train,0,14.4648247,1.0025252,0.075869374,1.0016474,0.011807132,0.011320503,0.01838859,0.008936559,0.011649649,0.0020224764,0.0015480518,0.009387195,0.0026347646,0.9994489,0.92536455,0.1787921,1.0087111,0.016698014,0.017062156,0.025237354,0.009843403,0.012538706,0.0046474184,0.0035150647,0.014127314,0.0059007793,0.9997893,0.002624942,0.0033349474,0.0046474184,0.009389981,0.009843403
empty_05,empty,train,0,14.944824700000002,1.0026408,0.07598487,1.0012642,0.01232773,0.011869388,0.019893443,0.00943399,0.01231809,0.0019765608,0.0015746355,0.0079633,0.0025697574,0.9994856,0.92391396,0.17828591,1.0079716,0.016451616,0.01694555,0.023990894,0.009886077,0.012584008,0.0051490716,0.0040239096,0.016032934,0.0065553263,0.9997362,0.0031725108,0.0035628162,0.0051490716,0.0096600335,0.009886077
empty_05,empty,train,0,15.424824699999999,1.0031357,0.07574484,1.0006763,0.01289274,0.012678941,0.020253038,0.009877155,0.012811029,0.002430081,0.0019751787,0.008403897,0.003107643,0.9993219,0.9243274,0.17520602,1.0060385,0.015276813,0.015510698,0.02139089,0.0097227,0.012432255,0.0049444637,0.0049364567,0.012256384,0.0057421355,0.9996452,0.0025143828,0.0036872723,0.0049444637,0.0097999275,0.009877155
empty_05,empty,train,0,15.904824699999999,1.0028911,0.07632218,0.9990705,0.012648744,0.012091137,0.020907357,0.009777565,0.012693723,0.0022393882,0.0017130375,0.008528233,0.0028135537,0.99940544,0.9240231,0.17666295,1.0086526,0.014816814,0.015101855,0.023035042,0.009789442,0.012569165,0.0054697203,0.004858494,0.015235007,0.006533324,0.9995815,0.0032303322,0.0038545541,0.0054697203,0.009783503,0.009789442
empty_05,empty,train,0,16.3848247,1.0027645,0.076547384,0.99853545,0.012752546,0.012493231,0.020327456,0.009874464,0.012766541,0.0019921265,0.0017048717,0.0064373016,0.0025304803,0.9995226,0.924978,0.17631088,1.008587,0.012850426,0.0127259875,0.020732151,0.009444962,0.012115518,0.005566085,0.005470991,0.01465255,0.006563681,0.9994567,0.0035739588,0.0037791058,0.005566085,0.009659713,0.009874464
empty_05,empty,train,0,16.8648247,1.0030036,0.07632496,0.9993307,0.012514331,0.012618055,0.020136388,0.009760724,0.012578543,0.002317291,0.001814723,0.007632494,0.0029716091,0.99934727,0.9248538,0.17629834,1.0069401,0.012172943,0.011698271,0.018923748,0.009170711,0.01180663,0.0053273896,0.0049559474,0.015746176,0.0063453526,0.99951273,0.0030100986,0.0038223402,0.0053273896,0.009465718,0.009760724
empty_05,empty,train,0,17.3448247,1.0023549,0.07636125,0.99928427,0.012245296,0.011688804,0.018758312,0.009643614,0.012510169,0.0019441753,0.0015323162,0.0062657595,0.0025482888,0.9994613,0.9255338,0.17675114,1.0059195,0.012321796,0.0118410215,0.019590886,0.009163064,0.011734217,0.0049579013,0.0040454865,0.017839074,0.006069072,0.9995417,0.0030137259,0.0034510384,0.0049579013,0.009403339,0.009643614
empty_05,empty,train,0,17.8248247,1.0025641,0.07628214,1.0011752,0.012634306,0.012527402,0.020058185,0.0097727105,0.012701986,0.0022383204,0.0018960834,0.008728981,0.0028484755,0.9993412,0.9264791,0.17630135,1.00612,0.013086887,0.012745101,0.019993057,0.009300563,0.011936316,0.003765821,0.003479302,0.012828112,0.0045426553,0.99972695,0.0015275006,0.0030020708,0.003765821,0.009536637,0.0097727105
empty_05,empty,train,0,18.304824699999998,1.0021596,0.076160185,0.99926084,0.012459392,0.012356378,0.020741621,0.009613782,0.012491165,0.0022115747,0.0018017292,0.009757757,0.0028615126,0.99930245,0.9279115,0.17624402,1.0047969,0.0136461295,0.013320493,0.021858461,0.009554364,0.01232766,0.0032473942,0.002713561,0.009223819,0.0040239473,0.99977505,0.0010358195,0.0027294843,0.0032473942,0.009584073,0.009613782
empty_05,empty,train,0,18.784824699999998,1.0024055,0.07673311,0.9995547,0.012616054,0.011888057,0.021674607,0.009536625,0.0123986425,0.0021215673,0.0016804934,0.008735061,0.0027433715,0.9993971,0.92838615,0.17728214,1.00633,0.013747149,0.013271467,0.021767646,0.009602225,0.012383786,0.0033680936,0.002443552,0.011772156,0.0044462807,0.9997942,0.0012465264,0.0027448304,0.0033680936,0.009569425,0.009602225
empty_05,empty,train,0,19.2648247,1.0023328,0.07710846,0.9999438,0.012426336,0.011591459,0.020564636,0.009355165,0.012145008,0.0024524247,0.0018131137,0.009527445,0.0031971952,0.99920607,0.9293523,0.17671302,1.005886,0.014003117,0.01368264,0.021299673,0.009930832,0.012766741,0.0033146266,0.0023141503,0.014688849,0.0047296183,0.999748,0.0008622019,0.0028835256,0.0033146266,0.009642999,0.009930832
empty_05,empty,train,0,19.744824700000002,1.0027326,0.07757069,0.9990183,0.012008346,0.01146331,0.02045002,0.009233787,0.011955044,0.0029384154,0.0023623705,0.011469603,0.0038235155,0.99896526,0.93123966,0.17639145,1.0069833,0.01482171,0.014189405,0.02419799,0.0099984,0.012794708,0.004407699,0.00326854,0.016945958,0.005861161,0.9996963,0.0014692838,0.0036730573,0.004407699,0.009616094,0.0099984
empty_05,empty,train,0,20.224824700000003,1.0026703,0.07763998,0.9998156,0.011734737,0.011074317,0.021232864,0.009101485,0.011763619,0.00295251,0.0024522543,0.009617329,0.0036596537,0.9990768,0.9334963,0.17515907,1.0061905,0.015126416,0.01512348,0.02560616,0.010086538,0.012924234,0.0065740556,0.006062031,0.020396233,0.00829677,0.9994371,0.0036215456,0.004763283,0.0065740556,0.009594012,0.010086538
empty_05,empty,train,0,20.7048247,1.0025364,0.07750584,1.0007111,0.011308789,0.01095846,0.019315165,0.008794495,0.0113547975,0.0026716702,0.001874268,0.011443138,0.0033945772,0.9991879,0.9354149,0.1730115,1.0065213,0.015390276,0.015835078,0.02537132,0.010779815,0.013778886,0.008800936,0.007320404,0.022922158,0.010717198,0.9991473,0.0061292658,0.005736303,0.008800936,0.009787155,0.010779815
empty_05,empty,train,0,21.184824700000004,1.0025401,0.07715064,1.0012487,0.011903969,0.011644998,0.018608425,0.009098751,0.011730545,0.0024553973,0.0019807816,0.010078907,0.0031527213,0.99925566,0.9364667,0.17275514,1.0088089,0.016004123,0.016469928,0.02485504,0.0111649325,0.014345732,0.009490131,0.0106604695,0.020993352,0.011283323,0.99924445,0.007034734,0.0059727645,0.009490131,0.0101318415,0.0111649325
empty_05,empty,train,0,21.664824700000004,1.002907,0.0767261,1.001279,0.0120215155,0.011904636,0.019478245,0.009240552,0.011949635,0.002354998,0.0019345284,0.008639336,0.0029423689,0.99936503,0.93419427,0.17238955,1.0068214,0.015524495,0.015392945,0.024456363,0.011104054,0.014250954,0.0076469206,0.007876277,0.017470062,0.008909227,0.99948525,0.005291923,0.005000959,0.0076469206,0.010172303,0.011104054
empty_05,empty,train,0,22.1448247,1.0028691,0.07654607,1.0009812,0.012253096,0.011586995,0.020861035,0.009255948,0.012049738,0.0025014393,0.0018539429,0.008328617,0.0032847205,0.99916345,0.93247116,0.17382236,1.0067306,0.015807126,0.016167829,0.02292744,0.011454531,0.01474201,0.005777842,0.005883634,0.013462663,0.006749643,0.9996467,0.0032764026,0.0041396404,0.005777842,0.01035524,0.011454531
empty_05,empty,train,0,22.624824699999998,1.0030838,0.07656509,0.9986366,0.012529442,0.011776771,0.021795515,0.009585973,0.012490969,0.0025610728,0.0019712448,0.0101162195,0.0034334678,0.99911875,0.93011224,0.17625657,1.0073284,0.015125832,0.014622405,0.024058541,0.011196525,0.014462054,0.0036179223,0.0029193163,0.011526704,0.004495127,0.99980795,0.0010568495,0.0030894976,0.0036179223,0.010391248,0.011196525
empty_05,empty,train,0,23.104824699999995,1.0024427,0.07651204,1.0005612,0.012312691,0.011860001,0.020427978,0.009524186,0.01238235,0.00238082,0.0020642877,0.008370876,0.0030756728,0.99921995,0.9262962,0.17896427,1.0072101,0.01551507,0.015351765,0.027008457,0.010480796,0.013594806,0.004187483,0.0030527115,0.013524592,0.005557758,0.99982095,0.0018066629,0.0032841514,0.004187483,0.010002491,0.010480796
empty_05,empty,train,0,23.5848247,1.0020635,0.076987125,0.9999206,0.012139972,0.011734417,0.019544598,0.00952374,0.012392556,0.0022546237,0.0019065142,0.007326603,0.0027866336,0.99938416,0.9244832,0.18007061,1.0071357,0.015531216,0.015428764,0.028023927,0.010347422,0.013436096,0.0049389144,0.0025128126,0.019389212,0.007638519,0.9996839,0.0026842908,0.0035967692,0.0049389144,0.009935581,0.010347422
empty_05,empty,train,0,24.064824699999996,1.001792,0.0774419,0.99885297,0.012285789,0.011937214,0.021402173,0.009608742,0.012445687,0.0024339745,0.0020542145,0.0065979958,0.0029723735,0.9993679,0.9231382,0.18164891,1.0063576,0.014527268,0.014508912,0.024438584,0.010236622,0.013162782,0.006105368,0.0026437044,0.027207315,0.009761435,0.9995718,0.0036713935,0.004269671,0.006105368,0.009922681,0.010236622
empty_05,empty,train,0,24.5448247,1.0023686,0.0781053,0.9997561,0.012256543,0.012114237,0.01958027,0.009552938,0.012295567,0.0026897665,0.0020756721,0.008016229,0.003315684,0.99937665,0.9221496,0.18307103,1.0053566,0.014201506,0.014216285,0.022503717,0.010073356,0.012828051,0.0070263897,0.0030363202,0.030385315,0.011067228,0.99964356,0.0043366235,0.004858078,0.0070263897,0.009813147,0.010073356
empty_05,empty,train,0,25.0248247,1.0028901,0.07831314,0.99659556,0.012280537,0.011754987,0.019575018,0.009610164,0.012344439,0.0026893816,0.0019999743,0.009767532,0.003555103,0.99937195,0.92386556,0.18351051,1.0056124,0.015044569,0.0149060935,0.022506202,0.010335839,0.013064829,0.007422989,0.004768014,0.028345048,0.010619475,0.9996647,0.004733607,0.005056185,0.007422989,0.009973002,0.010335839
empty_05,empty,train,0,25.5048247,1.0026398,0.0779331,0.99678034,0.012429139,0.011925421,0.021250576,0.009448323,0.012126117,0.00248019,0.0020174384,0.008641005,0.0031501483,0.99944264,0.92445445,0.18468116,1.0062469,0.016561111,0.01710223,0.024519362,0.010947289,0.0139786955,0.00902343,0.008287549,0.029040754,0.01156699,0.9996169,0.0065432396,0.00575181,0.00902343,0.010197806,0.010947289
empty_05,empty,train,0,25.9848247,1.0021724,0.07711241,0.99787885,0.012670012,0.012165987,0.02282934,0.009682994,0.012413447,0.0020845344,0.0017870069,0.006067276,0.0025591934,0.9995091,0.9274059,0.1820468,1.0091554,0.019007199,0.019191276,0.0308573,0.012002935,0.01545983,0.006849079,0.004706621,0.021896243,0.008843083,0.99961144,0.004764545,0.0044668065,0.006849079,0.010842964,0.012002935
empty_05,empty,train,0,26.464824699999998,1.001818,0.07693962,0.9985855,0.012829215,0.012517877,0.020196203,0.009972049,0.012777401,0.0017632776,0.0014850497,0.0072467327,0.0023057153,0.999585,0.92749286,0.1831367,1.0110645,0.020570766,0.020131232,0.032784823,0.0128706405,0.01645408,0.007829206,0.0062847137,0.021550417,0.009784283,0.9996068,0.0060659284,0.004796242,0.007829206,0.011421345,0.0128706405
empty_05,empty,train,0,26.944824700000005,1.0014633,0.07691299,0.9996415,0.012977035,0.012477403,0.022541968,0.009981584,0.0129212625,0.0019473656,0.0015522242,0.006972611,0.0025466066,0.99949765,0.9286939,0.18219551,1.0116009,0.021573046,0.021227881,0.03541716,0.014069237,0.018005678,0.0073414044,0.0065374374,0.01863575,0.008822739,0.9996682,0.0053940387,0.004644385,0.0073414044,0.01202541,0.014069237
empty_05,empty,train,0,27.424824700000002,1.0014228,0.07690015,0.99945235,0.012629664,0.01225863,0.021811701,0.009960871,0.012945024,0.002169814,0.0019044876,0.007899404,0.002724818,0.9994193,0.9278942,0.18139297,1.0109563,0.020293795,0.020267336,0.033118114,0.01366638,0.017553492,0.0065170308,0.005851805,0.02034539,0.007728753,0.99975735,0.004347217,0.004343422,0.0065170308,0.011813626,0.01366638
empty_05,empty,train,0,27.9048247,1.0017501,0.07692426,0.99986297,0.012176117,0.0117073525,0.019868258,0.009589414,0.012487422,0.0021803267,0.0016371012,0.009160757,0.0028415804,0.9993494,0.9250764,0.1816986,1.0091382,0.019082349,0.01923412,0.031858835,0.012780521,0.016445292,0.006576025,0.004651189,0.023410976,0.008532242,0.99972075,0.004395698,0.004378176,0.006576025,0.011184968,0.012780521
empty_05,empty,train,0,28.3848247,1.0026364,0.07689609,0.9990268,0.012553257,0.012243517,0.022145456,0.00961869,0.01253972,0.002245237,0.0018119812,0.008527279,0.0028961857,0.99936444,0.9275906,0.17901099,1.0093192,0.019008027,0.018931236,0.03176752,0.012141393,0.015823588,0.004484506,0.0036107302,0.015912414,0.0057318234,0.99976677,0.002239269,0.0033648713,0.004484506,0.010880042,0.012141393
empty_05,empty,train,0,28.8648247,1.0024197,0.07695532,0.9977344,0.012292249,0.011952213,0.019616723,0.0093332715,0.012163855,0.002277063,0.0017530918,0.0090841055,0.002979987,0.9993062,0.92961884,0.17491782,1.0107532,0.017196845,0.017029895,0.027719993,0.01080969,0.013939794,0.0032472298,0.0024660826,0.011285484,0.0042204247,0.99977267,0.0009701669,0.0027621463,0.0032472298,0.010071481,0.01080969
empty_05,empty,train,0,29.3448247,1.0025542,0.07772804,1.0001673,0.012266998,0.012142316,0.019735094,0.009125762,0.011920948,0.0022463715,0.0017757416,0.007725477,0.0029364822,0.9994869,0.9345007,0.17270645,1.0099407,0.017756583,0.016709523,0.028020754,0.010940376,0.0140931625,0.0071494654,0.006921172,0.018634677,0.008557918,0.99963295,0.004903094,0.0046979184,0.0071494654,0.010033069,0.010940376
empty_05,empty,train,0,29.8248247,1.0029793,0.07820458,1.0008162,0.012442169,0.012808614,0.021173935,0.009249942,0.012109084,0.0026801145,0.0023391247,0.008727193,0.003370732,0.99945754,0.93670654,0.1735355,1.0079523,0.016600627,0.01656305,0.026226383,0.01090953,0.014107525,0.009288966,0.008163929,0.025295734,0.011211809,0.9993041,0.0066088513,0.00598454,0.009288966,0.010079736,0.01090953
empty_05,empty,train,0,30.304824699999998,1.0021989,0.07822074,1.0004914,0.01178353,0.011374552,0.0213103,0.008974146,0.011769229,0.0032556937,0.0028837323,0.0094257,0.0038904194,0.9990559,0.9349917,0.17339009,1.0074048,0.017733397,0.01769574,0.028771117,0.011047889,0.01414388,0.007647716,0.0066821575,0.021476269,0.009597368,0.99939984,0.0043920223,0.005451705,0.007647716,0.010011017,0.011047889
empty_05,empty,train,0,30.784824699999998,1.0023626,0.078264005,1.0019853,0.011344838,0.011153958,0.019950353,0.008738151,0.011451271,0.0036700624,0.0033977032,0.0092788935,0.004336812,0.9987737,0.93392557,0.1736879,1.0075865,0.020754954,0.020851288,0.03488414,0.012027305,0.015585448,0.0065493523,0.005700052,0.01892531,0.008209119,0.99955714,0.00287929,0.0051097074,0.0065493523,0.010382728,0.012027305
empty_05,empty,train,0,31.2648247,1.0022744,0.07754161,0.9996563,0.011529268,0.011393727,0.01970667,0.008699888,0.011379723,0.0026059607,0.0018837452,0.009493351,0.0033552814,0.99919564,0.9285692,0.17609717,1.0056844,0.022169555,0.021588454,0.038440395,0.01276812,0.016575437,0.002728095,0.002271831,0.009031177,0.0034058173,0.99985534,0.00012213434,0.002667028,0.002728095,0.010734004,0.01276812
empty_05,empty,train,0,31.7448247,1.0018016,0.07731959,1.000119,0.011590034,0.01125199,0.019963985,0.008645349,0.011301716,0.0026411125,0.0023792982,0.008589923,0.00324632,0.99919945,0.9275134,0.1744754,1.0055915,0.021131163,0.020264702,0.036160007,0.0126357125,0.016379638,0.0024746712,0.0018516183,0.009542823,0.003179524,0.9998356,0.00016644131,0.002557892,0.0026411125,0.010640531,0.0126357125
empty_05,empty,train,0,32.224824700000006,1.0022025,0.076424696,0.9988474,0.012319923,0.012272424,0.02059944,0.008677773,0.011362592,0.0023210105,0.0016565323,0.008679271,0.0030185715,0.9992284,0.92777294,0.17334457,1.0052483,0.02087687,0.019398473,0.0354558,0.012631326,0.016457811,0.0031433734,0.002472043,0.009505391,0.003787618,0.9997955,0.00082236296,0.002732192,0.0031433734,0.01065455,0.012631326
empty_05,empty,train,0,32.7048247,1.0017838,0.07613489,0.9998146,0.012355169,0.012217569,0.020473026,0.008882253,0.0115811825,0.0022320275,0.0016779304,0.008686185,0.0029284381,0.9992645,0.92739207,0.17289054,1.0016949,0.018657917,0.018272515,0.03045425,0.012510036,0.01607907,0.0029952682,0.0023099184,0.008449197,0.0036242604,0.99984014,0.00076324074,0.0026136478,0.0029952682,0.010696145,0.012510036
empty_05,empty,train,0,33.18482470000001,1.002281,0.07631157,1.0003622,0.012349975,0.01253695,0.019446041,0.008996471,0.01163372,0.0019820565,0.0014132261,0.008657217,0.0026643665,0.9994031,0.9300086,0.17257413,1.003971,0.0176591,0.01775511,0.026389211,0.011849937,0.015085365,0.0032337275,0.0023676157,0.010463774,0.004096328,0.99989176,0.001251671,0.002607892,0.0032337275,0.010423204,0.011849937
empty_05,empty,train,0,33.664824700000004,1.0025337,0.07572594,0.99967,0.012172454,0.012144026,0.020112993,0.0091459425,0.011800662,0.0023296364,0.0017589331,0.009752989,0.0031272273,0.999215,0.9322665,0.17085847,1.002042,0.017461954,0.016922556,0.026489541,0.011819704,0.01515541,0.0055468236,0.003456831,0.01891154,0.007585322,0.9996456,0.0032171872,0.0039382298,0.0055468236,0.0104828235,0.011819704
empty_05,empty,train,0,34.1448247,1.0024686,0.07635158,0.9993589,0.011630188,0.01176649,0.01909809,0.0089865485,0.011655189,0.0020031573,0.0015296936,0.008958459,0.002621037,0.9994389,0.93306845,0.17135845,1.0043983,0.017300827,0.016984014,0.026541732,0.011777962,0.015063132,0.0074829324,0.0056540966,0.02289784,0.009560216,0.9991551,0.0054797754,0.0047430447,0.0074829324,0.010382256,0.011777962
empty_05,empty,train,0,34.6248247,1.0026593,0.07647786,0.9988273,0.011887594,0.012224073,0.01988611,0.009095567,0.011835574,0.0024376,0.0019181967,0.008161664,0.0030504616,0.9992559,0.93288785,0.1711415,1.0056244,0.017660351,0.018005993,0.026503384,0.011207389,0.014307162,0.0070973937,0.005199313,0.021068811,0.009219398,0.9992541,0.004659794,0.004767497,0.0070973937,0.0101514775,0.011207389
empty_05,empty,train,0,35.1048247,1.0026294,0.076666206,0.9983608,0.0120904455,0.011740495,0.019522322,0.009231536,0.012065391,0.0022583955,0.0017427206,0.0093663335,0.003003665,0.9992876,0.9327851,0.1686762,1.0042397,0.01834885,0.018464463,0.026282059,0.012318709,0.015871473,0.0062781284,0.0029901266,0.02376616,0.009302977,0.9996028,0.0040197326,0.004268262,0.0062781284,0.010775123,0.012318709
empty_05,empty,train,0,35.5848247,1.0030137,0.07703281,0.998789,0.012122176,0.011671673,0.019969327,0.009201211,0.012011647,0.0024395012,0.0018221736,0.010675311,0.0032450128,0.999259,0.9324828,0.16978873,1.0061297,0.01909736,0.01973316,0.028023673,0.012379456,0.015873212,0.0057492293,0.0032476187,0.019857109,0.007925537,0.9997481,0.003309728,0.004094365,0.0057492293,0.010790333,0.012379456
empty_05,empty,train,0,36.0648247,1.0030162,0.07706061,0.99804986,0.012076861,0.012056406,0.021261478,0.009175562,0.011926034,0.0023233846,0.001909554,0.011869192,0.0030893257,0.9993472,0.93047374,0.1703748,1.0048524,0.01910184,0.019070202,0.031929974,0.012376282,0.015832359,0.0047364635,0.0039047003,0.015202701,0.0058490946,0.99987924,0.002413079,0.003529924,0.0047364635,0.010775922,0.012376282
empty_05,empty,train,0,36.5448247,1.0029864,0.076936,0.9987531,0.011818051,0.011207179,0.01992499,0.009179698,0.011896173,0.0024434612,0.0021850467,0.009794593,0.002960994,0.99939144,0.92857647,0.1726447,1.00576,0.017632555,0.018209992,0.02774868,0.011823059,0.015260827,0.0028799032,0.0025730133,0.007057488,0.0034230992,0.9998927,0.00043644197,0.0026616822,0.0028799032,0.010501379,0.011823059
empty_05,empty,train,0,37.024824699999996,1.0029781,0.076455034,0.998725,0.011921099,0.0115000075,0.019306466,0.009125725,0.0117690945,0.0023565956,0.0018987656,0.010530949,0.0029697735,0.9993471,0.92900276,0.17344163,1.0051285,0.016876401,0.016712265,0.029575642,0.010873685,0.013900401,0.002260763,0.0018091798,0.0094662905,0.0028786212,0.99992126,9.583263e-05,0.0023086793,0.0023565956,0.0099997055,0.010873685
empty_05,empty,train,0,37.5048247,1.002291,0.076256335,0.99984825,0.012171535,0.011936311,0.022005029,0.009123482,0.0117888395,0.0021383015,0.001668334,0.0067836046,0.002623923,0.99942166,0.92694426,0.1739307,1.0056568,0.016330382,0.015738787,0.029061792,0.010458272,0.013351238,0.0025206096,0.0019344091,0.009253621,0.0032176366,0.99984854,0.00038230815,0.0023294557,0.0025206096,0.009790877,0.010458272
empty_05,empty,train,0,37.9848247,1.001687,0.07586791,1.0012271,0.012335554,0.012041473,0.021442143,0.009258326,0.011973484,0.0021927701,0.0019495487,0.0075782537,0.0027597258,0.99936014,0.92509925,0.17550604,1.0035088,0.01577259,0.015587939,0.028538138,0.009844381,0.012703434,0.003608972,0.00302279,0.010130048,0.0044378513,0.9997944,0.0014162019,0.002900871,0.003608972,0.009551354,0.009844381
empty_05,empty,train,0,38.4648247,1.0016932,0.07588595,1.0010751,0.012812349,0.01233947,0.023196492,0.009562127,0.012364823,0.0024477288,0.0022642612,0.008170366,0.003020712,0.99922854,0.92439044,0.17868742,1.0077214,0.016336542,0.0158973,0.029787146,0.009936215,0.012772772,0.0053175045,0.004459381,0.014191389,0.006446633,0.99975425,0.0028697758,0.0038826168,0.0053175045,0.009749171,0.009936215
empty_05,empty,train,0,38.944824700000005,1.0015801,0.07618676,1.0015868,0.013238337,0.012850825,0.023105707,0.0095121525,0.012318206,0.0024099706,0.0020558834,0.007883966,0.0030261218,0.9992214,0.92519337,0.17723484,1.0079188,0.018023942,0.017061893,0.033967566,0.009991305,0.012816328,0.0043670186,0.0036929846,0.012768388,0.005316157,0.9997417,0.001957048,0.0033884947,0.0043670186,0.009751729,0.009991305
empty_05,empty,train,0,39.42482470000001,1.0022577,0.0765616,1.0004882,0.0135680055,0.013492402,0.02080212,0.009794769,0.012660029,0.0023275258,0.0017848015,0.010352612,0.002989935,0.9992528,0.92479473,0.17625573,1.0085044,0.018191312,0.018473772,0.029795436,0.010212711,0.0131178545,0.0041654394,0.003520906,0.012332499,0.005086619,0.99974954,0.0018379136,0.0032464825,0.0041654394,0.01000374,0.010212711
empty_05,empty,train,0,39.9048247,1.0025238,0.07674144,0.99898267,0.013599074,0.013837178,0.022668393,0.009995394,0.012953258,0.0023198077,0.0019466877,0.0088124275,0.0029562474,0.99930567,0.92886156,0.17084716,1.0070939,0.019563096,0.01990875,0.03213816,0.01084132,0.013848774,0.0041165627,0.0037835836,0.011981428,0.0049512023,0.9998676,0.001796755,0.0032181852,0.0041165627,0.010418357,0.01084132
empty_05,empty,train,0,40.3848247,1.002848,0.0769116,0.9992959,0.012895507,0.013307246,0.023700945,0.009388602,0.012204109,0.0024258255,0.0020328164,0.009758532,0.0031053813,0.99928975,0.93120456,0.16721085,1.00852,0.01860843,0.018940505,0.029120909,0.011224612,0.014364129,0.007486522,0.0068095326,0.020063639,0.009085578,0.9997733,0.005060697,0.0049561737,0.007486522,0.010306607,0.011224612
empty_05,empty,train,0,40.8648247,1.0027308,0.07674771,0.9995188,0.012693328,0.0129348915,0.022831608,0.009518745,0.012377432,0.002519324,0.0019872189,0.0073099136,0.0031367107,0.9992382,0.92872876,0.16902258,1.008192,0.019415416,0.018818477,0.03226392,0.012048697,0.015510122,0.0061389427,0.005684018,0.015426099,0.0071751243,0.9997012,0.0036196187,0.0043291333,0.0061389427,0.010783721,0.012048697
empty_05,empty,train,0,41.3448247,1.0026876,0.07630024,1.0002527,0.012436687,0.012594493,0.019955862,0.009302019,0.012063732,0.0023230899,0.0021604896,0.008209825,0.002877379,0.9993427,0.9260268,0.17279021,1.006558,0.022355473,0.020359095,0.043732353,0.012342803,0.01577372,0.003487855,0.0025064945,0.011736035,0.0046784435,0.9997439,0.0011647651,0.0029054724,0.003487855,0.010822412,0.012342803
empty_05,empty,train,0,41.82482470000001,1.0022827,0.07675013,1.0011592,0.012233307,0.011939397,0.020462226,0.009161844,0.011852096,0.0021005764,0.0016759634,0.007954836,0.002759317,0.99938166,0.9234293,0.17987345,1.0090284,0.025028585,0.024432674,0.04332201,0.013534497,0.017316379,0.00614879,0.005078554,0.016856015,0.0076600467,0.9997693,0.0040482134,0.0041246833,0.00614879,0.01134817,0.013534497
empty_05,empty,train,0,42.30482470000001,1.0014334,0.07605928,1.0010734,0.012529668,0.0119988555,0.020252837,0.009313049,0.012069898,0.0023372893,0.0021172762,0.009549141,0.0029398692,0.9992776,0.92218155,0.18226226,1.0111424,0.023903562,0.02361799,0.04139746,0.013916706,0.017819177,0.007885458,0.006222844,0.022169828,0.010138989,0.9997441,0.005548169,0.0051113735,0.007885458,0.011614878,0.013916706
empty_05,empty,train,0,42.7848247,1.0013121,0.07592422,1.0010619,0.011919065,0.011311607,0.01999579,0.008910472,0.011560229,0.0021494098,0.0019909143,0.010023236,0.0026670753,0.99942595,0.9223563,0.18260548,1.0094572,0.024067422,0.024023121,0.040445447,0.013594887,0.017433897,0.00845598,0.0073930025,0.020224988,0.010436443,0.99970204,0.00630657,0.0053026946,0.00845598,0.011252679,0.013594887
empty_05,empty,train,0,43.2648247,1.0012691,0.076903805,0.99977946,0.012301634,0.012084592,0.02059086,0.009162272,0.011950378,0.0021927864,0.0016577244,0.012724459,0.0029019492,0.9993491,0.92224073,0.18119113,1.0107132,0.023308672,0.024504716,0.03578771,0.013159823,0.01701439,0.008030743,0.007038474,0.019733608,0.009639124,0.9996522,0.005837957,0.005111765,0.008030743,0.011161048,0.013159823
empty_05,empty,train,0,43.74482469999999,1.0015864,0.0771969,0.9994528,0.012588281,0.012476172,0.02142802,0.009261323,0.012140669,0.0023210072,0.0018582344,0.00989306,0.003001232,0.9993151,0.9226669,0.17777808,1.0094074,0.019863062,0.020126196,0.030042928,0.011899893,0.0153418435,0.006457317,0.0058578253,0.017633736,0.0075986125,0.9996188,0.00413631,0.004389162,0.006457317,0.010580609,0.011899893
empty_05,empty,train,0,44.22482469999999,1.002559,0.07817265,1.0014563,0.012260228,0.012191769,0.021299267,0.009322037,0.012207413,0.0032977602,0.0031120777,0.010957956,0.003955254,0.9990264,0.92387164,0.17343652,1.0061704,0.02137122,0.02106395,0.036400966,0.011343805,0.014619828,0.005092517,0.0031040907,0.021371245,0.0071961475,0.99940884,0.0017947569,0.004195139,0.005092517,0.0103329215,0.011343805
empty_05,empty,train,0,44.70482469999999,1.0026846,0.07790769,0.9999952,0.0129387155,0.013037051,0.022469023,0.009824943,0.012794686,0.0029127626,0.0025183558,0.010906339,0.003658383,0.99915004,0.92385435,0.1716438,1.0049416,0.020334186,0.018480755,0.037466425,0.010977168,0.01401967,0.0057669436,0.002916813,0.02565074,0.008922253,0.99907243,0.002854181,0.0043398533,0.0057669436,0.010401055,0.010977168
empty_05,empty,train,0,45.18482469999999,1.0024184,0.07737011,0.9999646,0.013251952,0.013376468,0.024473276,0.0098905675,0.012915573,0.0024919433,0.0020028353,0.008690536,0.0031582278,0.9992793,0.92319536,0.17650768,1.0097286,0.02309699,0.021367487,0.04360401,0.0113422265,0.014521056,0.006674618,0.006067395,0.017061234,0.00770874,0.99940884,0.004182675,0.0045832805,0.006674618,0.0106163975,0.0113422265
empty_05,empty,train,0,45.66482469999999,1.0023763,0.077577665,0.9975937,0.013017114,0.012998641,0.023763185,0.009635641,0.012576485,0.00271916,0.002449572,0.009133935,0.0032643874,0.9992621,0.923104,0.17805074,1.0101889,0.02360593,0.021326121,0.04530092,0.011596248,0.014801786,0.006773589,0.0069372654,0.0153057575,0.007703535,0.9995545,0.004054429,0.0047463747,0.006773589,0.010615945,0.011596248
empty_05,empty,train,0,46.14482469999999,1.0020182,0.07724208,0.9990169,0.012867682,0.012242532,0.022336131,0.009535885,0.012513127,0.0023688083,0.0020318031,0.009750903,0.002950196,0.99934167,0.91992694,0.18138058,1.0112679,0.023079531,0.022531161,0.044126987,0.011502146,0.014650808,0.009756587,0.008538485,0.028851211,0.012062589,0.9993412,0.007387779,0.0060626976,0.009756587,0.010519016,0.011502146
empty_05,empty,train,0,46.62482469999999,1.0021214,0.07760388,0.99864215,0.012857223,0.012710665,0.022907693,0.0095503405,0.012454725,0.0026880999,0.0024695396,0.009690642,0.003332766,0.9992148,0.918985,0.18029614,1.006306,0.022309758,0.02254951,0.040686645,0.010783683,0.01377657,0.0099395905,0.006921947,0.030251563,0.01288282,0.9990474,0.007251491,0.006313845,0.0099395905,0.010167012,0.010783683
empty_05,empty,train,0,47.10482469999999,1.0030555,0.07804418,0.99633574,0.012456989,0.011907609,0.022616938,0.009555453,0.012373668,0.003404527,0.0032063723,0.010401845,0.0040937015,0.99896777,0.92062956,0.17735684,1.0054225,0.019839263,0.019658368,0.035293017,0.0100864135,0.012858281,0.008967018,0.0063940287,0.025265038,0.011723732,0.9986879,0.005562491,0.0061857724,0.008967018,0.009820933,0.0100864135
empty_05,empty,train,0,47.5848247,1.0030826,0.07789684,0.9967221,0.012941247,0.012757197,0.021204628,0.009749528,0.012591323,0.0032961196,0.0030901432,0.009471536,0.0039087543,0.9990537,0.9186938,0.17752372,1.003839,0.02113792,0.021252401,0.038487222,0.010057709,0.012831257,0.010963894,0.007868528,0.028273046,0.014152899,0.9981889,0.007667775,0.0071300073,0.010963894,0.009903619,0.010057709
empty_05,empty,train,0,48.06482469999999,1.0034131,0.07832427,0.99701315,0.013122659,0.0127447,0.023944722,0.009750724,0.012600267,0.0036657485,0.0031577349,0.012291193,0.0043457993,0.99896294,0.9217903,0.17551549,1.0054215,0.023106629,0.022680918,0.0406239,0.011181445,0.014385433,0.007390381,0.0059161186,0.022084832,0.00943511,0.999118,0.0037246323,0.0055280644,0.007390381,0.010466084,0.011181445
empty_05,empty,train,0,48.5448247,1.0029515,0.07872281,0.99798346,0.012686339,0.012238838,0.023416396,0.00942945,0.012270754,0.004129205,0.0040613413,0.011775255,0.0047670435,0.9986987,0.92125124,0.17682263,1.0041031,0.022950543,0.022377502,0.039795738,0.012241245,0.015673509,0.007751598,0.0074366927,0.016569674,0.009034805,0.9994116,0.0036223931,0.0059404015,0.007751598,0.010835348,0.012241245
empty_05,empty,train,0,49.02482470000001,1.0026835,0.07877938,0.99894696,0.0123904655,0.012028859,0.021408698,0.009310038,0.012077116,0.004479082,0.0045285225,0.011395395,0.005214483,0.9983102,0.92005837,0.17751186,1.0049499,0.023141807,0.021865278,0.040111158,0.012970557,0.016548928,0.0089128055,0.009693086,0.018811882,0.010189072,0.99937916,0.0044337236,0.006695944,0.0089128055,0.011140298,0.012970557
empty_05,empty,train,0,49.5048247,1.0024842,0.07891119,0.9997355,0.012361279,0.011888536,0.023088153,0.009441623,0.012300329,0.004519137,0.0042817593,0.011451125,0.005355652,0.99822253,0.9227336,0.1746522,1.0059682,0.021541787,0.0214548,0.03587849,0.0127163,0.016274301,0.00610166,0.0056838393,0.017834783,0.007258163,0.9995327,0.0015825229,0.0053103985,0.00610166,0.011078961,0.0127163
empty_05,empty,train,0,49.98482470000001,1.0021214,0.07886183,0.9991575,0.012465842,0.012524721,0.020342376,0.009612992,0.012430137,0.00466421,0.0042990446,0.014240921,0.0055757985,0.9979754,0.9236094,0.17321432,1.0051068,0.017560275,0.01794826,0.029415328,0.011653168,0.014945963,0.0051759775,0.0037860274,0.017058015,0.006582073,0.9995921,0.00051176734,0.004920094,0.0051759775,0.01063308,0.011653168
empty_05,empty,train,0,50.46482470000001,1.0018393,0.077796936,1.0002419,0.012703271,0.012557621,0.021060942,0.009605714,0.012379615,0.0036035348,0.003208518,0.011420429,0.004408401,0.99855745,0.92382646,0.17569268,1.0058756,0.017113362,0.017045699,0.029403226,0.011277129,0.0143969795,0.0045883544,0.0044912696,0.0105006695,0.00547117,0.9997652,0.0009848196,0.0040959446,0.0045883544,0.0104414215,0.011277129
empty_05,empty,train,0,50.944824700000005,1.0014676,0.07671089,1.0006889,0.013027579,0.012734451,0.022615384,0.009482457,0.012291896,0.002237984,0.0019385815,0.008208215,0.0028494406,0.9993379,0.92501676,0.1763855,1.005766,0.0161408,0.015922166,0.027376737,0.010806265,0.013662323,0.0036211505,0.0031558275,0.009310126,0.0044605057,0.99983364,0.0013831665,0.0029295674,0.0036211505,0.010144361,0.010806265
empty_05,empty,train,0,51.42482470000001,1.0019374,0.075603664,0.99867034,0.012448971,0.012184202,0.0209914,0.009157803,0.011834634,0.002004657,0.0017700195,0.0064587593,0.0024794661,0.9995064,0.92733365,0.1751845,1.004724,0.015782045,0.015278573,0.02725054,0.010741035,0.013578013,0.003123533,0.0028198957,0.010108352,0.0037684413,0.9997729,0.001118876,0.002564095,0.003123533,0.00994942,0.010741035
empty_05,empty,train,0,51.904824700000006,1.0019238,0.07500285,0.9991586,0.011879236,0.011725152,0.019987524,0.009089404,0.011698682,0.0022444641,0.0018646121,0.009150863,0.0027595086,0.99947643,0.92845434,0.17360346,1.0041156,0.016686397,0.015829057,0.026852757,0.011010052,0.014272905,0.003918847,0.003396213,0.011948705,0.004763579,0.9996579,0.001674383,0.0030816556,0.003918847,0.010049728,0.011010052
empty_05,empty,train,0,52.38482470000001,1.001958,0.07496901,0.99912065,0.012132942,0.011508285,0.019844662,0.009081856,0.011725626,0.0023989605,0.002230525,0.008979261,0.0029213612,0.9994037,0.92989576,0.17210743,1.00516,0.015922617,0.015434719,0.023836952,0.01093547,0.014260145,0.004174291,0.0038477182,0.011594951,0.0050449613,0.9997759,0.0017753306,0.0032866257,0.004174291,0.010008663,0.01093547
empty_05,empty,train,0,52.86482470000001,1.0022196,0.07579487,1.0002776,0.012310891,0.011792898,0.021821432,0.009447809,0.012217235,0.0020288273,0.0014948845,0.0081774,0.0027036911,0.999397,0.932189,0.17019384,1.0070682,0.015321061,0.015332107,0.02252939,0.010936135,0.014302823,0.006445951,0.0062114,0.017064035,0.007671993,0.99970424,0.0044171233,0.004237389,0.006445951,0.010191972,0.010936135
empty_05,empty,train,0,53.34482470000001,1.0024052,0.076623835,1.0004642,0.012531951,0.011905722,0.023467703,0.00942704,0.012244747,0.0022220928,0.0015736818,0.008769631,0.0028573654,0.99933404,0.93285084,0.17184715,1.0074134,0.016343532,0.016447717,0.025370222,0.011569934,0.015077333,0.0061063147,0.005556822,0.015667021,0.0072071017,0.9997249,0.003884222,0.004164204,0.0061063147,0.010498486,0.011569934
empty_05,empty,train,0,53.82482470000001,1.0026785,0.07689398,0.9987461,0.012399859,0.011778961,0.021873139,0.009374554,0.012223878,0.002460749,0.0021755695,0.009008944,0.0030120425,0.9993113,0.9326776,0.17327143,1.0059222,0.016980935,0.016680567,0.025772108,0.0120726125,0.015513051,0.0058485693,0.0050835013,0.017676711,0.007246803,0.999586,0.0033878204,0.004154659,0.0058485693,0.010723583,0.0120726125
empty_05,empty,train,0,54.30482470000001,1.002793,0.07706459,0.99807256,0.012201621,0.012009269,0.020471072,0.009336482,0.012155075,0.0026339984,0.002320528,0.00821197,0.0032171225,0.99924093,0.933416,0.1724213,1.0059326,0.017658982,0.017273951,0.028461924,0.012657629,0.01617042,0.0065972907,0.0051836967,0.020547867,0.008222334,0.99951917,0.0039632926,0.0046156445,0.0065972907,0.010997055,0.012657629
empty_05,empty,train,0,54.7848247,1.0025495,0.077652924,0.99914914,0.012112401,0.011223156,0.021528212,0.00935319,0.012104256,0.0024827295,0.002155304,0.008101881,0.0030555928,0.99940777,0.93315387,0.17487791,1.0071391,0.01783922,0.017470518,0.02784529,0.012644809,0.01610674,0.006894327,0.0060327053,0.01869464,0.008470932,0.9993222,0.0044115973,0.0046885284,0.006894327,0.010999,0.012644809
empty_05,empty,train,0,55.2648247,1.0025295,0.07747801,1.0002843,0.0119101,0.011035256,0.020671155,0.00924332,0.012010935,0.002358347,0.0019122958,0.007909298,0.00300189,0.99939364,0.9325472,0.17507716,1.0092101,0.018317187,0.018648142,0.02744048,0.012620369,0.016081039,0.0072984467,0.0066589117,0.017123818,0.008581008,0.9991907,0.0049401,0.0048283967,0.0072984467,0.010931844,0.012620369
empty_05,empty,train,0,55.74482469999999,1.0024406,0.07766302,1.0002692,0.011641409,0.01135295,0.019635214,0.008980441,0.011662985,0.002521574,0.0022335052,0.008014381,0.0031507644,0.9993493,0.9320504,0.175991,1.010219,0.018118126,0.018093707,0.025556276,0.012551363,0.01588682,0.007363342,0.0073084235,0.016706467,0.008388951,0.9991964,0.004841768,0.004942458,0.007363342,0.010765902,0.012551363
empty_05,empty,train,0,56.22482469999999,1.0028806,0.07733517,0.99995685,0.011661184,0.011218499,0.019657245,0.00899193,0.011640931,0.002199275,0.0016989708,0.0074601173,0.0027859707,0.9995193,0.93002766,0.17649291,1.0101516,0.01725808,0.017068325,0.023544813,0.011877522,0.015148973,0.0071376096,0.0071382523,0.014966667,0.008025873,0.9990974,0.0049383347,0.0046684425,0.0071376096,0.010434726,0.011877522
empty_05,empty,train,0,56.70482469999999,1.0030961,0.07727566,0.9992308,0.011652659,0.011122424,0.018259715,0.008662414,0.011322169,0.0024011475,0.0020517707,0.008174539,0.0030025463,0.99944216,0.9274657,0.17497046,1.0110888,0.016917598,0.016910736,0.022267917,0.011484809,0.01476901,0.005981744,0.005568385,0.018502831,0.007005301,0.99919885,0.0035805963,0.0041914457,0.005981744,0.0100736115,0.011484809
empty_05,empty,train,0,57.18482469999999,1.0017412,0.07710042,1.0003163,0.011774091,0.011508752,0.018329823,0.008781215,0.011398216,0.0019415801,0.001609683,0.007187605,0.0024370519,0.9995547,0.92615485,0.17333427,1.0106562,0.016037263,0.01567181,0.024074161,0.011007802,0.014189824,0.005947928,0.0055102706,0.016609192,0.0070018237,0.99926,0.0040063476,0.003944754,0.005947928,0.009894509,0.011007802
empty_05,empty,train,0,57.66482469999999,1.0015805,0.07655237,0.99975014,0.011950279,0.011697013,0.018944595,0.008955923,0.011551344,0.0020540124,0.0015801191,0.009008646,0.0027451455,0.9993697,0.92539227,0.17316641,1.0080161,0.014729983,0.014847936,0.023109263,0.010299571,0.013241934,0.0055795405,0.0045490265,0.015549719,0.0068470156,0.9993502,0.0035255281,0.0038167764,0.0055795405,0.009627746,0.010299571
empty_05,empty,train,0,58.14482469999999,1.0008969,0.076814905,1.0015634,0.012202023,0.011582459,0.021038923,0.0091285575,0.011879486,0.0027264813,0.0023014545,0.01546663,0.0035245654,0.99904966,0.9261261,0.17209668,1.006397,0.015296659,0.015125833,0.023294704,0.010548492,0.013564253,0.004920963,0.0041148067,0.018058538,0.006015676,0.9995528,0.002194482,0.0038237222,0.004920963,0.009838525,0.010548492
empty_05,empty,train,0,58.62482469999999,1.0004463,0.07626481,1.0009322,0.011992811,0.0115195215,0.020474901,0.009244974,0.011975635,0.003462231,0.0030095577,0.015173972,0.0044190604,0.998502,0.92745274,0.17145301,1.0079652,0.01566596,0.015140966,0.02637691,0.010791411,0.013789896,0.0047442215,0.0040245056,0.015970707,0.006026446,0.9995746,0.0012819904,0.004103226,0.0047442215,0.010018192,0.010791411
empty_06,empty,train,0,1.0427591,0.9943655,0.08988424,0.99793506,0.015375655,0.014662639,0.028376032,0.010666233,0.013758398,0.020976668,0.020768166,0.045966506,0.024180759,0.9749964,0.93615663,0.1667665,1.0126855,0.0561917,0.05175855,0.11374475,0.02712302,0.038751792,0.011618917,0.011330485,0.029564857,0.013337438,0.9992802,0.009357751,0.016297793,0.020976668,0.018894626,0.02712302
empty_06,empty,train,0,1.5227590999999998,0.9955269,0.08983884,0.9988675,0.015346794,0.014699964,0.026220849,0.010533276,0.013586508,0.019172564,0.017974019,0.044970453,0.022468876,0.9795429,0.94792217,0.1503786,1.012846,0.042799305,0.04270313,0.07466628,0.02732952,0.039195236,0.025346275,0.017784476,0.07326329,0.03307429,0.9982969,0.0061737113,0.02225942,0.025346275,0.018931398,0.02732952
empty_06,empty,train,0,2.0027590999999996,0.99689376,0.08947759,0.99980575,0.015864505,0.015075648,0.027973894,0.010455091,0.013485995,0.01800845,0.016543567,0.04456848,0.021035582,0.9821815,0.9488067,0.15289614,1.01405,0.04058004,0.038823202,0.07413277,0.027937291,0.04011685,0.02254612,0.011631608,0.07482767,0.031871893,0.9982955,0.00453767,0.020277284,0.02254612,0.01919619,0.027937291
empty_06,empty,train,0,2.482759099999999,0.9992967,0.086215205,1.0028616,0.014599288,0.013998401,0.026703434,0.009841512,0.012793999,0.013051188,0.01261735,0.033635557,0.015241591,0.99036026,0.9482374,0.15670858,1.0095919,0.033311058,0.030642115,0.06327163,0.02156815,0.02950808,0.020713026,0.009738326,0.06803942,0.029556775,0.99772424,0.007661838,0.016882107,0.020713026,0.015704831,0.02156815
empty_06,empty,train,0,2.962759099999999,1.0011601,0.08303648,0.99941736,0.013418269,0.012954827,0.022872848,0.009682402,0.012531227,0.008600886,0.008350849,0.022791445,0.010134302,0.9955419,0.95335275,0.15037905,1.0095992,0.033489145,0.028308388,0.06763498,0.024407642,0.033789914,0.025883554,0.01109457,0.08239287,0.03756404,0.9970128,0.017282669,0.01724222,0.025883554,0.017045021,0.024407642
empty_06,empty,train,0,3.4427590999999995,1.0010026,0.082619764,1.0000844,0.014038737,0.013258284,0.024171198,0.0099079525,0.012795503,0.007865834,0.007060766,0.021607876,0.009316996,0.9963679,0.95111966,0.14947388,1.0071127,0.03858653,0.034447193,0.07866937,0.025622513,0.035378702,0.025004601,0.015285373,0.0748325,0.03564892,0.9984367,0.017138768,0.016435217,0.025004601,0.017765233,0.025622513
empty_06,empty,train,0,3.9227590999999995,1.0011017,0.08139142,1.0007783,0.013950478,0.0135225905,0.023812262,0.009966123,0.012848387,0.006485002,0.005875945,0.017235875,0.007800536,0.99725676,0.95180017,0.14842616,1.008341,0.043959167,0.04053922,0.087401725,0.032632302,0.046148375,0.025925884,0.014461398,0.075706124,0.036845658,0.9984195,0.019440882,0.016205443,0.025925884,0.021299213,0.032632302
empty_06,empty,train,0,4.402759099999999,1.0008166,0.08171529,0.9978867,0.014209424,0.014159965,0.023653345,0.010183857,0.01311925,0.006623446,0.0056651235,0.01902318,0.008081768,0.9972263,0.9508112,0.15057279,1.0095006,0.04386977,0.04294197,0.085903294,0.03141762,0.04526431,0.02376308,0.010579228,0.073804736,0.03469781,0.9984138,0.017139632,0.015193263,0.02376308,0.020800738,0.03141762
empty_06,empty,train,0,4.8827590999999995,1.0007927,0.08282139,0.9995434,0.013843924,0.013705892,0.022928841,0.010086452,0.013066023,0.007859141,0.0069147944,0.02333802,0.009498048,0.9963459,0.9490942,0.14983006,1.0068257,0.038853057,0.036459837,0.07642592,0.026161922,0.039961968,0.022908656,0.0074931383,0.07804966,0.034441106,0.99797815,0.015049515,0.015383898,0.022908656,0.018124187,0.026161922
empty_06,empty,train,0,5.3627591,1.0005563,0.08241578,0.9995602,0.013390267,0.013529669,0.020490078,0.010118172,0.013167644,0.007588728,0.0062975883,0.022176683,0.009246642,0.99633944,0.95396024,0.14735109,1.0091729,0.033688392,0.03441204,0.054896016,0.0238446,0.037648052,0.027051438,0.009536266,0.09945488,0.041688636,0.99426,0.01946271,0.017320083,0.027051438,0.016981386,0.0238446
empty_06,empty,train,0,5.8427590999999985,1.0001118,0.08281466,0.99743164,0.012875729,0.013027854,0.021241596,0.009734982,0.012732582,0.008163106,0.0072221756,0.02458322,0.009996883,0.99572444,0.9490032,0.15188974,1.0063916,0.022716412,0.023089174,0.036679383,0.013742107,0.017649164,0.022385182,0.0077035427,0.08683795,0.035011422,0.995333,0.014222076,0.015274144,0.022385182,0.011738544,0.013742107
empty_06,empty,train,0,6.322759099999998,1.0003486,0.082273185,0.9984139,0.01245124,0.012149548,0.020661108,0.009357513,0.012241218,0.008236396,0.007927179,0.021755755,0.009874072,0.9952872,0.9501579,0.1497456,1.0076767,0.023829598,0.022853507,0.041011,0.013418385,0.017155616,0.022941014,0.005321026,0.09171665,0.036840368,0.9956831,0.014704618,0.0155887045,0.022941014,0.011387949,0.013418385
empty_06,empty,train,0,6.802759099999999,1.0002922,0.082403965,0.99799544,0.012648565,0.012070176,0.021536047,0.0093621025,0.0122028515,0.009141007,0.008528948,0.021939516,0.010568989,0.99430484,0.9521676,0.1472357,1.0102874,0.025150165,0.02430087,0.043067597,0.013362648,0.017182596,0.025200572,0.0059996843,0.096441686,0.039940532,0.9953808,0.016059564,0.01717079,0.025200572,0.011362376,0.013362648
empty_06,empty,train,0,7.282759099999998,1.0013055,0.082048096,1.00071,0.012376948,0.012018824,0.020682357,0.009221975,0.011942012,0.009419869,0.009471178,0.020391166,0.010647306,0.99363154,0.9484612,0.1487745,1.0106674,0.02582472,0.022795891,0.047252208,0.012769734,0.016550662,0.022656338,0.005690694,0.08911377,0.03570567,0.99677604,0.01323647,0.016038103,0.022656338,0.010995854,0.012769734
empty_06,empty,train,0,7.7627590999999985,1.0019641,0.081567675,0.9988882,0.013058957,0.013148358,0.020909702,0.009542807,0.012433796,0.0088762045,0.009773552,0.020104349,0.009989307,0.9942306,0.94663954,0.15180832,1.009776,0.026774203,0.023276785,0.053723246,0.012834222,0.016671482,0.020154258,0.004851818,0.08031911,0.03212665,0.99725384,0.011278054,0.014515231,0.020154258,0.0111885145,0.012834222
empty_06,empty,train,0,8.242759099999999,1.0008118,0.08185583,0.9972167,0.013804195,0.013725937,0.028160593,0.009986501,0.013226329,0.009935652,0.010318935,0.019862652,0.011144522,0.9926403,0.94283086,0.15684439,1.0088828,0.023987068,0.022128137,0.047785316,0.011902885,0.015395473,0.016668396,0.0058363676,0.072301805,0.02641592,0.99731606,0.006732744,0.013302024,0.016668396,0.010944692,0.011902885
empty_06,empty,train,0,8.722759099999998,1.0018258,0.08147563,0.9991377,0.013969047,0.013666171,0.027834522,0.010272975,0.013542182,0.009561049,0.009867132,0.02001071,0.01073138,0.9929094,0.9398369,0.15861055,1.0049165,0.021026807,0.019670919,0.040310554,0.011967128,0.015516092,0.014606852,0.0050810575,0.06603229,0.022987219,0.99783945,0.0050458033,0.01208395,0.014606852,0.011120051,0.011967128
empty_06,empty,train,0,9.202759099999998,1.0022647,0.081335776,0.9992254,0.014209462,0.013736749,0.02795887,0.0105642,0.014071075,0.009520729,0.009154797,0.023150802,0.010860746,0.99256706,0.9458265,0.15361811,1.0064943,0.023127701,0.020688938,0.045359112,0.011975632,0.015459064,0.019573385,0.006839514,0.073123276,0.030280512,0.9973844,0.010052656,0.014547057,0.019573385,0.011269916,0.011975632
empty_06,empty,train,0,9.682759099999997,1.0023303,0.081472784,0.99966484,0.013826497,0.012520754,0.025195912,0.010261694,0.013694163,0.010119722,0.010782361,0.024796367,0.011537117,0.99147797,0.9520506,0.14679472,1.0073904,0.021465713,0.021537216,0.049249336,0.012509416,0.0185293,0.025414947,0.0062527657,0.09318757,0.039992493,0.99565107,0.015295225,0.017767334,0.025414947,0.011385554,0.012509416
empty_06,empty,train,0,10.162759099999997,1.0025786,0.081810944,0.9986197,0.013199504,0.012551542,0.022531003,0.009700135,0.012783217,0.009616313,0.010069609,0.021425724,0.011033176,0.9927375,0.9553522,0.14095281,1.0089915,0.022126654,0.020479167,0.09467292,0.013665819,0.021970639,0.030592192,0.009432554,0.10259187,0.046443358,0.9949645,0.02097588,0.020104252,0.030592192,0.011682977,0.013665819
empty_06,empty,train,0,10.6427591,1.0020205,0.08205177,0.99701303,0.012637663,0.0113143455,0.022444017,0.009613463,0.012670728,0.009904136,0.011105895,0.019577384,0.011309313,0.9924475,0.95761836,0.14186378,1.0094348,0.021963332,0.019965777,0.09551723,0.013635912,0.02186513,0.030848969,0.008439064,0.10446972,0.047712762,0.99399734,0.020944834,0.020376552,0.030848969,0.011624687,0.013635912
empty_06,empty,train,0,11.122759099999998,1.0018711,0.081706755,0.99946505,0.012263918,0.011204644,0.020296935,0.009318586,0.0122273965,0.009041526,0.0096895695,0.020181358,0.010333812,0.9937981,0.9559528,0.14438173,1.0093999,0.0213298,0.019492863,0.09576766,0.013475501,0.021658147,0.029258799,0.009581804,0.10035741,0.0447598,0.99443495,0.020217273,0.019150162,0.029258799,0.011397043,0.013475501
empty_06,empty,train,0,11.602759099999998,1.0018272,0.08199077,0.99880457,0.012849767,0.01239566,0.022013,0.00967506,0.012670105,0.009039474,0.009385467,0.019295096,0.01028762,0.994149,0.9549033,0.14488171,1.0102986,0.021716392,0.020384477,0.09721618,0.013730915,0.021881213,0.028529376,0.009823203,0.09961194,0.04356717,0.99478847,0.019489903,0.018784424,0.028529376,0.011702988,0.013730915
empty_06,empty,train,0,12.082759099999999,1.0027252,0.08090071,0.99876875,0.01304458,0.01228102,0.02506124,0.009943421,0.013267481,0.007915058,0.00846982,0.019085348,0.009096504,0.9950834,0.95367336,0.14515083,1.0093029,0.01826538,0.018910285,0.030331286,0.012559787,0.016267015,0.0273378,0.008173943,0.09621537,0.042195078,0.9955108,0.019422743,0.017626429,0.0273378,0.011251604,0.012559787
empty_06,empty,train,0,12.5627591,1.0035162,0.08060165,1.0012865,0.01295881,0.01243465,0.024527013,0.009760143,0.013094168,0.0074434765,0.0075074434,0.017289042,0.008649267,0.9956506,0.9535565,0.1432016,1.0082368,0.017873192,0.017890316,0.029329628,0.012270555,0.015938219,0.028437436,0.010635257,0.09503192,0.042935282,0.9964498,0.02099396,0.017940456,0.028437436,0.011015349,0.012270555
empty_06,empty,train,0,13.042759099999996,1.0030701,0.080725774,1.0010742,0.0127396425,0.01204389,0.023798274,0.009322186,0.012569817,0.00744265,0.0073696375,0.015756607,0.008550974,0.9957817,0.9555272,0.13877046,1.0064714,0.01715772,0.017422644,0.028823346,0.011712155,0.015409431,0.033154104,0.015652418,0.10161811,0.047371216,0.99642974,0.025711454,0.020298377,0.033154104,0.010517171,0.011712155
empty_06,empty,train,0,13.522759099999996,1.002847,0.07967166,0.99811625,0.012368057,0.012452552,0.021528473,0.008788442,0.011823669,0.006715159,0.006278038,0.014678121,0.007913437,0.99587023,0.9552671,0.137769,1.0026823,0.016719796,0.016207118,0.028050466,0.011349388,0.01489801,0.03461012,0.017088056,0.10075754,0.04799536,0.9963848,0.027894959,0.02066264,0.03461012,0.010068916,0.011349388
empty_06,empty,train,0,14.002759099999993,1.0030192,0.07935563,0.99674153,0.0119029,0.012244723,0.019942308,0.008773027,0.011532558,0.006214878,0.0055224895,0.01675409,0.00765003,0.996053,0.9547962,0.13902783,1.003923,0.01716232,0.016964115,0.027489949,0.011421574,0.014947777,0.033081565,0.015866876,0.096815884,0.046559438,0.9967981,0.026866687,0.019648222,0.033081565,0.010097301,0.011421574
empty_06,empty,train,0,14.482759099999999,1.0028775,0.07934065,0.9971009,0.012342611,0.01265956,0.024665747,0.009202147,0.012258867,0.006693,0.0061237216,0.016821325,0.007923101,0.99566865,0.9548301,0.13866019,1.0033846,0.018203817,0.018421499,0.028577715,0.012657007,0.016845914,0.033111528,0.014740348,0.10099113,0.047031213,0.99646115,0.026418528,0.019902263,0.033111528,0.010929577,0.012657007
empty_06,empty,train,0,14.962759099999998,1.0023032,0.07899034,0.9961216,0.012946945,0.012993766,0.025049636,0.009601522,0.012662223,0.006999998,0.0062440634,0.01880604,0.008295743,0.99491376,0.9537179,0.14023897,1.0046481,0.017583901,0.017586209,0.02727826,0.012845086,0.016967509,0.031282175,0.013173461,0.099496186,0.045107186,0.9966363,0.024282178,0.019141087,0.031282175,0.011223304,0.012845086
empty_06,empty,train,0,15.442759099999998,1.0015565,0.079705656,0.9959279,0.013323194,0.013147482,0.025875121,0.009756879,0.012883359,0.0078039286,0.0072593093,0.019288361,0.008991404,0.9943274,0.9559741,0.13985668,1.0067127,0.017896656,0.018377125,0.027430566,0.012676308,0.016655872,0.031351347,0.010528564,0.10178721,0.046967935,0.9961753,0.023547418,0.019577637,0.031351347,0.011216594,0.012676308
empty_06,empty,train,0,15.922759099999997,1.0016605,0.07969423,0.9957102,0.013331721,0.012684904,0.025122676,0.009956359,0.013118021,0.008106284,0.0075555444,0.021193206,0.009368185,0.9937463,0.95623404,0.13956238,1.0070215,0.01742345,0.017880416,0.028807644,0.012328307,0.01610635,0.03146952,0.010542512,0.10471547,0.047568437,0.9957294,0.023363236,0.019787902,0.03146952,0.011142333,0.012328307
empty_06,empty,train,0,16.402759099999997,1.0012697,0.080229394,0.9959439,0.013547867,0.012901758,0.02459091,0.010066455,0.013431238,0.008624553,0.007970393,0.02242291,0.010119621,0.99294126,0.9571439,0.13895284,1.0069685,0.015883029,0.015613291,0.025078649,0.011033879,0.014007446,0.032554645,0.0109888315,0.10435724,0.048503336,0.9958401,0.023930091,0.0205896,0.032554645,0.010550167,0.011033879
empty_06,empty,train,0,16.882759099999998,1.0016689,0.080210455,0.9958659,0.013432567,0.013311114,0.023672285,0.009951613,0.013302941,0.008527911,0.007953882,0.025063515,0.0101366835,0.99287134,0.9587899,0.13819502,1.0059352,0.016840158,0.016726755,0.02606659,0.01125887,0.01437991,0.033753086,0.011134744,0.10654849,0.050342605,0.9952543,0.025225174,0.021140499,0.033753086,0.010605242,0.01125887
empty_06,empty,train,0,17.362759099999998,1.0024369,0.08044278,0.9999398,0.0140259685,0.01333462,0.02380403,0.010334039,0.013750056,0.008317974,0.0072904825,0.023842394,0.009828449,0.99356645,0.9567547,0.1397087,1.0091797,0.017435094,0.017037021,0.026857771,0.011653396,0.014954333,0.032050274,0.013235688,0.10246241,0.04790728,0.99547595,0.0237323,0.020184124,0.032050274,0.010993717,0.011653396
empty_06,empty,train,0,17.8427591,1.0022547,0.08050522,0.9992987,0.013663323,0.013305785,0.023002865,0.010095267,0.013466656,0.008606223,0.008480787,0.02253449,0.0101960115,0.99300146,0.95578516,0.1392385,1.0077944,0.017836725,0.017745197,0.02805184,0.011804487,0.015231444,0.032471567,0.013448358,0.1016804,0.04748318,0.9958331,0.023865344,0.020538896,0.032471567,0.010949876,0.011804487
empty_06,empty,train,0,18.3227591,1.0024163,0.08022325,0.9974426,0.012983722,0.012244332,0.021157755,0.009606179,0.012501413,0.008240691,0.007701516,0.020091712,0.009655817,0.99367636,0.9544812,0.13839701,1.0080649,0.017770851,0.017232984,0.029334377,0.011565768,0.014932519,0.03288397,0.015445769,0.10184449,0.04741183,0.9957156,0.024643276,0.02056233,0.03288397,0.010585973,0.011565768
empty_06,empty,train,0,18.802759099999996,1.0023365,0.080459714,0.9974844,0.012685505,0.01181929,0.022052605,0.009464937,0.012305683,0.008434496,0.008612335,0.018214881,0.009737651,0.993716,0.9535618,0.13905486,1.0079116,0.016667651,0.016673818,0.02559261,0.01166211,0.015029473,0.032264907,0.014677644,0.10205132,0.04637949,0.99575543,0.02383041,0.020349702,0.032264907,0.0105635235,0.01166211
empty_06,empty,train,0,19.2827591,1.002034,0.079824045,0.99737257,0.011768908,0.010935875,0.019311717,0.008984988,0.01166766,0.008030334,0.007517934,0.01853633,0.009373963,0.9938189,0.9531577,0.13816051,1.0042427,0.015864255,0.015482618,0.025054812,0.011277803,0.014686181,0.033276573,0.016848683,0.10256398,0.046682514,0.99605197,0.02524624,0.020653453,0.033276573,0.010131395,0.011277803
empty_06,empty,train,0,19.762759099999997,1.0020323,0.08016331,0.9977869,0.011464637,0.010847366,0.018791027,0.008832512,0.011488233,0.00793852,0.0072773695,0.018275857,0.0093646785,0.9940654,0.95326763,0.13755776,1.0052854,0.015245074,0.014768729,0.023867898,0.010895202,0.014110802,0.033752263,0.016565084,0.10458565,0.047325548,0.99581885,0.025813743,0.02084539,0.033752263,0.009863857,0.010895202
empty_06,empty,train,0,20.242759099999997,1.0018471,0.08050361,0.99736726,0.011603027,0.010990923,0.019540552,0.008951397,0.011667722,0.008434045,0.007840872,0.0202955,0.009875979,0.9935129,0.9536742,0.13740523,1.0047333,0.014951972,0.014674152,0.023044316,0.010707006,0.013913188,0.034013994,0.017201066,0.1062327,0.047662638,0.99582136,0.025579948,0.02122402,0.034013994,0.009829201,0.010707006
empty_06,empty,train,0,20.722759099999998,1.0021111,0.08039629,0.996838,0.0117100235,0.011253357,0.019065624,0.009063164,0.01182309,0.00806829,0.0075213313,0.020809352,0.009638154,0.9938132,0.9516369,0.13810605,1.0042269,0.013489329,0.013332109,0.020951448,0.010027627,0.01311192,0.033285502,0.017539442,0.10416329,0.0459058,0.9960635,0.025217213,0.020676896,0.033285502,0.009545395,0.010027627
empty_06,empty,train,0,21.202759099999994,1.0024632,0.08062327,0.99778366,0.01176465,0.010997927,0.019043196,0.009098189,0.011797009,0.008300753,0.007964909,0.020455241,0.009860668,0.9936565,0.9520299,0.13872932,1.0080091,0.013587335,0.012715427,0.02161316,0.009906443,0.0127639845,0.03213063,0.016100645,0.105359256,0.045632754,0.9960548,0.023829876,0.02021569,0.03213063,0.009502316,0.009906443
empty_06,empty,train,0,21.682759099999995,1.0026616,0.08031398,0.9967298,0.01151727,0.011278913,0.019204076,0.008954603,0.01156881,0.008336338,0.0077970624,0.020275831,0.009816309,0.99351335,0.9538106,0.14055656,1.0076524,0.013594896,0.0130870035,0.020679493,0.010025485,0.012999077,0.030281669,0.0107604265,0.10686493,0.045504756,0.9955648,0.021945331,0.019309003,0.030281669,0.009490045,0.010025485
empty_06,empty,train,0,22.162759099999995,1.0023092,0.080116756,0.995643,0.011816503,0.011331516,0.02083787,0.009262013,0.011889576,0.008114254,0.007259071,0.020092249,0.00954633,0.993764,0.9531451,0.14156705,1.0081156,0.013667318,0.013031066,0.02057556,0.009980223,0.012947905,0.028903008,0.009817719,0.10552204,0.044542853,0.99527687,0.020788753,0.018508632,0.028903008,0.009621118,0.009980223
empty_06,empty,train,0,22.642759099999992,1.0023857,0.080957584,0.99835706,0.012578884,0.012115366,0.020155951,0.009382756,0.01206151,0.008764904,0.008581638,0.01952827,0.010296284,0.9932095,0.95238906,0.14327739,1.0089691,0.014222128,0.014182264,0.02305414,0.010096579,0.013100576,0.02722729,0.00884378,0.102571726,0.042697288,0.9955826,0.018462386,0.017996097,0.02722729,0.009739667,0.010096579
empty_06,empty,train,0,23.1227591,1.0022371,0.0807064,0.9957949,0.013089715,0.012324913,0.021696389,0.009728198,0.012562733,0.008556126,0.008315861,0.020620883,0.010085126,0.993342,0.95143884,0.14497939,1.0076988,0.014044697,0.0136158485,0.022197476,0.010236411,0.013356439,0.025700342,0.007641673,0.10205972,0.041062005,0.99537104,0.017144216,0.017128233,0.025700342,0.009982305,0.010236411
empty_06,empty,train,0,23.6027591,1.0015824,0.08059038,0.9950431,0.013082031,0.012456833,0.0219254,0.009810271,0.01268169,0.008970974,0.009127855,0.021319568,0.010399769,0.9927241,0.9511904,0.1450221,1.0067333,0.014418688,0.014035364,0.023266148,0.010616103,0.01387073,0.02567084,0.0079853535,0.1021387,0.04101317,0.99516934,0.016699865,0.017320907,0.02567084,0.010213187,0.010616103
empty_06,empty,train,0,24.082759099999997,1.0019681,0.08067817,0.9953957,0.013041326,0.012139199,0.022405513,0.00964207,0.01254794,0.008880501,0.008759618,0.022325456,0.010455918,0.9926915,0.9535424,0.14397982,1.007528,0.016326023,0.0165048,0.025018625,0.011500649,0.015146528,0.027608842,0.008931875,0.107880294,0.04332004,0.9948316,0.018728342,0.01824467,0.027608842,0.01057136,0.011500649
empty_06,empty,train,0,24.562759099999997,1.0016744,0.07986642,0.99569976,0.012474944,0.01232851,0.02148861,0.009467295,0.01229801,0.008721516,0.00852561,0.022911549,0.010220921,0.99248725,0.95492977,0.14333676,1.0077821,0.016765196,0.016642334,0.025213111,0.012094058,0.015838137,0.028791202,0.010568202,0.10967976,0.044880528,0.9943314,0.020069687,0.01875636,0.028791202,0.010780677,0.012094058
empty_06,empty,train,0,25.042759099999998,1.0013818,0.08038511,0.997286,0.012075721,0.011954176,0.019812746,0.009322368,0.0120483935,0.009261769,0.009175479,0.021334052,0.010781499,0.99191874,0.9552719,0.1417608,1.0060271,0.016514266,0.0160409,0.025850853,0.012200267,0.01592783,0.030056156,0.009859562,0.11020303,0.046134908,0.994391,0.020794388,0.019658962,0.030056156,0.010761317,0.012200267
empty_06,empty,train,0,25.5227591,1.0018542,0.08115009,0.9964222,0.012464391,0.012139151,0.020701585,0.009495851,0.012286067,0.010149705,0.009979606,0.023807585,0.01170126,0.9908584,0.95533895,0.1411641,1.0072562,0.016086277,0.015162142,0.026429474,0.011821462,0.015462693,0.0307028,0.010257244,0.108240664,0.046321396,0.9948979,0.020553093,0.020426253,0.0307028,0.010658656,0.011821462
empty_06,empty,train,0,26.0027591,1.0015078,0.08142621,0.997812,0.012218952,0.011606895,0.020742605,0.009238473,0.011922679,0.010512494,0.010639131,0.023273647,0.012123194,0.99031484,0.9543885,0.14075083,1.0070666,0.014711158,0.014268115,0.024229812,0.011199102,0.014609855,0.030691361,0.0123564005,0.10400629,0.04592161,0.99514866,0.020178868,0.020601928,0.030691361,0.010218788,0.011199102
empty_06,empty,train,0,26.4827591,1.0012481,0.08228619,0.99813265,0.0123953475,0.011648079,0.021760374,0.009509239,0.012327026,0.011385974,0.011410236,0.02304393,0.0129876025,0.98947275,0.9520128,0.14067121,1.0079248,0.013960027,0.013839733,0.022028344,0.0108084055,0.013892812,0.030168911,0.0141083,0.103179395,0.044440355,0.99550897,0.018782938,0.020777442,0.030168911,0.010158822,0.0108084055
empty_06,empty,train,0,26.9627591,1.0016143,0.081959665,0.9977424,0.012753201,0.01209917,0.023947235,0.009651066,0.012597564,0.011170105,0.010799885,0.024586082,0.012785669,0.9895146,0.95249224,0.14027742,1.0081019,0.014235019,0.014114271,0.023110546,0.010595884,0.013590312,0.030597625,0.014690995,0.102828026,0.044917542,0.99565834,0.01942752,0.020883866,0.030597625,0.0101234745,0.010595884
empty_06,empty,train,0,27.442759099999993,1.0014054,0.08174023,0.9981875,0.012575985,0.012366193,0.025330478,0.009721407,0.012681188,0.010857605,0.0112550855,0.024562478,0.012504915,0.98987263,0.95243293,0.1404039,1.0097101,0.014126928,0.01398363,0.023814583,0.010613777,0.013717376,0.030737352,0.015569925,0.10302079,0.044712532,0.9957994,0.019879747,0.020797478,0.030737352,0.010167591,0.010613777
empty_06,empty,train,0,27.922759099999993,1.0016019,0.08187115,0.9964988,0.012449124,0.011908652,0.023124926,0.009947623,0.01299921,0.010900882,0.011452913,0.023794532,0.012581437,0.98983866,0.9515661,0.14122245,1.0088487,0.013984436,0.013722853,0.024961248,0.010265142,0.013325323,0.03001538,0.014534354,0.100364625,0.04339763,0.9961906,0.019114498,0.02045813,0.03001538,0.010106383,0.010265142
empty_06,empty,train,0,28.402759099999994,1.0017058,0.08100688,0.99701303,0.012489148,0.012136901,0.021942656,0.009716235,0.012713186,0.010208108,0.010185242,0.022652924,0.011792283,0.99056065,0.95157415,0.14223485,1.0102769,0.013475458,0.013130132,0.027031561,0.009820578,0.012773618,0.029092785,0.014185429,0.09799409,0.042500474,0.9964311,0.018884677,0.019650446,0.029092785,0.009768406,0.009820578
empty_06,empty,train,0,28.882759099999994,1.001457,0.080905676,0.9984468,0.01252117,0.011868925,0.02159907,0.009695353,0.012756593,0.010138329,0.009796441,0.022499442,0.011586835,0.99087393,0.9501376,0.14294624,1.008918,0.012505629,0.011929563,0.021653268,0.009558452,0.012490625,0.02821031,0.014128089,0.09619087,0.04112516,0.99650085,0.018071981,0.019174319,0.02821031,0.009626903,0.009695353
empty_06,empty,train,0,29.362759099999995,1.0008483,0.08073951,0.99749726,0.01270771,0.012356887,0.02072491,0.0097385915,0.012797832,0.010164117,0.009922147,0.022071958,0.011561114,0.99085426,0.95072937,0.14366524,1.0102955,0.012962737,0.013183082,0.022628492,0.009840688,0.012716295,0.027511396,0.0125005245,0.09608823,0.04090747,0.9965109,0.017347278,0.018837757,0.027511396,0.00978964,0.009840688
empty_06,empty,train,0,29.8427591,1.0013403,0.08071341,0.9995049,0.0130449915,0.012211659,0.023608921,0.0098245125,0.012808383,0.010172401,0.009793341,0.023851395,0.011652514,0.9905961,0.9505787,0.14379658,1.0101743,0.013086723,0.012869222,0.023493186,0.009939946,0.012817887,0.027557967,0.0114706755,0.09600097,0.040779244,0.9964226,0.017385567,0.018865183,0.027557967,0.009882229,0.009939946
empty_06,empty,train,0,30.3227591,1.0011321,0.081167154,0.9986251,0.013433256,0.0129698375,0.02293289,0.010145216,0.013162299,0.010575514,0.010295987,0.024578393,0.012126033,0.9901033,0.9510655,0.14389847,1.0089375,0.013135747,0.013186117,0.021220315,0.010069624,0.012911364,0.027565124,0.011161387,0.09549105,0.04100219,0.9963859,0.01698961,0.01907032,0.027565124,0.01010742,0.010145216
empty_06,empty,train,0,30.8027591,1.0014297,0.08101161,0.99852407,0.0133776935,0.012762661,0.022807125,0.0101544885,0.013151518,0.010558885,0.00980258,0.026074767,0.0121350745,0.9899158,0.95068365,0.14417827,1.0085505,0.0134080015,0.013664811,0.020649118,0.01031111,0.013194415,0.027199764,0.009253621,0.09559041,0.040645774,0.9962776,0.01664088,0.018879324,0.027199764,0.010232799,0.01031111
empty_06,empty,train,0,31.2827591,1.0017135,0.08113227,0.99776053,0.013220236,0.013053595,0.02275564,0.010079672,0.013017393,0.010711257,0.010416746,0.024304926,0.0123597495,0.9895648,0.95010805,0.1439263,1.0088203,0.013257136,0.013443834,0.022027535,0.009881246,0.012749241,0.02708522,0.010920048,0.094872296,0.040427778,0.9964093,0.016373962,0.01889824,0.02708522,0.009980459,0.010079672
empty_06,empty,train,0,31.762759100000004,1.0013118,0.081549674,0.9969291,0.013023234,0.013433281,0.021853654,0.010065997,0.013054117,0.011405592,0.011198342,0.023480177,0.012978993,0.9887215,0.94993126,0.14507425,1.0101357,0.013028405,0.013158601,0.02327566,0.0098638935,0.012734942,0.02597148,0.009496808,0.09429377,0.039596613,0.9962242,0.014565888,0.018688535,0.02597148,0.009964945,0.010065997
empty_06,empty,train,0,32.242759099999994,1.0018401,0.08132365,0.9960964,0.0129396245,0.013010558,0.022920482,0.010062696,0.01310151,0.0108941635,0.011112452,0.023638368,0.01246383,0.9895314,0.9505531,0.14490001,1.0077285,0.01359025,0.013902257,0.024212362,0.01018823,0.013147611,0.026151,0.009598732,0.095097005,0.04020027,0.9960281,0.015256836,0.018522581,0.026151,0.010125464,0.01018823
empty_06,empty,train,0,32.7227591,1.0019857,0.08107721,0.99665284,0.012620102,0.012359582,0.021112897,0.009687064,0.012584303,0.010771968,0.010813117,0.024514616,0.012339359,0.98955345,0.95065576,0.1457472,1.0082526,0.013958789,0.013917079,0.024348855,0.010239907,0.013262315,0.025713889,0.008559704,0.09498781,0.03969695,0.9959548,0.0149419205,0.01824293,0.025713889,0.009963485,0.010239907
empty_06,empty,train,0,33.202759099999994,1.0015224,0.08087324,0.9966978,0.012586929,0.012182103,0.021168524,0.009441437,0.012333669,0.010637018,0.010567069,0.025273323,0.012250387,0.98955965,0.9510079,0.14536983,1.0075458,0.013720535,0.014055107,0.02204181,0.010199404,0.013196874,0.026189037,0.008936167,0.09733051,0.040096983,0.99607086,0.015552019,0.018413028,0.026189037,0.00982042,0.010199404
empty_06,empty,train,0,33.68275909999999,1.0021914,0.08061902,0.9968392,0.012303901,0.0118739195,0.020172,0.009149582,0.011931189,0.010046862,0.009734571,0.02576083,0.011772964,0.9902704,0.95159185,0.14478275,1.0059748,0.01471833,0.014753874,0.023567801,0.010928286,0.014318661,0.026784211,0.008527279,0.09991628,0.040760122,0.99622947,0.01673735,0.018415537,0.026784211,0.010038935,0.010928286
empty_06,empty,train,0,34.162759099999995,1.0015086,0.08105445,0.99832255,0.01203832,0.011688491,0.019390592,0.008981415,0.011664675,0.010751696,0.010184765,0.027710974,0.012251344,0.98971933,0.9508906,0.14482762,1.0053952,0.015486393,0.0158525,0.022798713,0.011223757,0.014994049,0.026341198,0.009461999,0.09800714,0.04018838,0.99643815,0.015589502,0.018546447,0.026341198,0.010102586,0.011223757
empty_06,empty,train,0,34.64275909999999,1.0010449,0.08129802,0.9967,0.012365847,0.01233924,0.020824665,0.009374098,0.01215414,0.011020112,0.011008263,0.024268866,0.012467773,0.9895575,0.95114887,0.14419062,1.0072712,0.015168666,0.015454609,0.023602536,0.011180836,0.014933971,0.026889782,0.009894252,0.09769571,0.04071979,0.99657303,0.01586967,0.018954948,0.026889782,0.010277467,0.011180836
empty_06,empty,train,0,35.122759099999996,1.0013492,0.08129119,0.99787444,0.012473483,0.01285038,0.020581268,0.009630396,0.012418806,0.010723721,0.010483623,0.023463488,0.012262449,0.9899262,0.95157856,0.14418969,1.008408,0.015453854,0.015662653,0.024284748,0.0114201475,0.0151498,0.027144432,0.010916233,0.096747816,0.041016914,0.9964967,0.01642071,0.018934077,0.027144432,0.010525271,0.0114201475
empty_06,empty,train,0,35.60275909999999,1.0011079,0.08145107,0.9981212,0.012510636,0.012767589,0.01939119,0.0096564265,0.0124816215,0.010910426,0.01081866,0.022915363,0.01238785,0.9898542,0.950819,0.14416064,1.008857,0.014416246,0.014178791,0.023113372,0.010499314,0.013832506,0.02700068,0.010022998,0.09735608,0.04061479,0.99647266,0.016090255,0.018955553,0.02700068,0.01007787,0.010499314
empty_06,empty,train,0,36.0827591,1.0016794,0.08042356,0.9968708,0.012230707,0.0118473135,0.019395456,0.009533888,0.012320271,0.009867407,0.009747505,0.022780895,0.011402829,0.99080735,0.95163155,0.14299624,1.0083601,0.013336267,0.0132632665,0.021740397,0.010109059,0.013051996,0.028269991,0.011218667,0.09786385,0.04190574,0.9965309,0.018402584,0.0190687,0.028269991,0.009821473,0.010109059
empty_06,empty,train,0,36.5627591,1.0017022,0.08009178,0.9980373,0.011988566,0.011701549,0.018759465,0.009600166,0.012474284,0.00930071,0.0093253255,0.022918224,0.010827971,0.99159825,0.9524395,0.14054015,1.0052519,0.013537904,0.013476707,0.022047503,0.00991602,0.012835969,0.03055182,0.013085246,0.103176355,0.044345718,0.99628514,0.021251108,0.019926265,0.03055182,0.009758092,0.00991602
empty_06,empty,train,0,37.04275909999999,1.0014793,0.07961381,0.99752724,0.011958879,0.011692337,0.018982165,0.009478267,0.012350635,0.009094418,0.009196758,0.022438228,0.010572628,0.9917275,0.9535561,0.13992539,1.006413,0.01425357,0.014057291,0.022295663,0.010283392,0.013322377,0.031339344,0.012487173,0.10430664,0.045584783,0.99601537,0.022244927,0.02021688,0.031339344,0.00988083,0.010283392
empty_06,empty,train,0,37.5227591,1.0013069,0.079160675,0.9975163,0.011848184,0.011826181,0.01928894,0.009443749,0.01229023,0.008693011,0.0077026486,0.023639739,0.010247583,0.99202144,0.9549262,0.1388888,1.0058478,0.013926036,0.0131939,0.023094283,0.010170091,0.013211103,0.0325155,0.0129987,0.10650164,0.047332752,0.9956499,0.02382249,0.020604255,0.0325155,0.00980692,0.010170091
empty_06,empty,train,0,38.0027591,1.001008,0.07929831,0.99695253,0.011959627,0.011734755,0.019918276,0.009462493,0.012300856,0.009168543,0.008613288,0.021822572,0.010645316,0.99145204,0.95563227,0.13840707,1.0062658,0.014166797,0.013752157,0.021858232,0.010075617,0.013147835,0.03304282,0.013305545,0.10692012,0.04819354,0.99546033,0.023874275,0.02110568,0.03304282,0.009769054,0.010075617
empty_06,empty,train,0,38.482759099999996,1.0006639,0.079224065,0.99821967,0.012128268,0.011714603,0.022634216,0.009348765,0.012062286,0.00956639,0.009088993,0.02340442,0.011037107,0.9907648,0.95659304,0.1392036,1.0086331,0.013893754,0.013814842,0.02363567,0.009884175,0.012865576,0.03291635,0.012029767,0.10576552,0.04823766,0.99534637,0.02334996,0.021241369,0.03291635,0.00961647,0.009884175
empty_06,empty,train,0,38.96275909999999,1.0008258,0.0794415,0.9993822,0.011961224,0.011336534,0.023268688,0.009174898,0.0118027385,0.009665067,0.009221196,0.022699237,0.011153021,0.99065673,0.95571476,0.14030041,1.0082486,0.012959066,0.013070135,0.02101785,0.009421111,0.012223214,0.03167801,0.011135578,0.10590953,0.046853438,0.99548095,0.022012942,0.020671539,0.03167801,0.009298004,0.009421111
empty_06,empty,train,0,39.442759099999996,1.000663,0.07992104,0.99952334,0.011960656,0.011173388,0.022261482,0.009142933,0.011779747,0.0099620875,0.009897351,0.023080707,0.011498442,0.99036956,0.95585716,0.1393484,1.008072,0.012818181,0.0129673425,0.021658238,0.009447364,0.012214653,0.032609094,0.012489438,0.1064474,0.047591534,0.995548,0.022647006,0.02128559,0.032609094,0.009295149,0.009447364
empty_06,empty,train,0,39.92275909999999,1.0000985,0.08045258,0.9992716,0.012023203,0.011061465,0.021827823,0.009137552,0.011764999,0.010478941,0.010013461,0.024687052,0.012138594,0.9896783,0.95537245,0.13965385,1.0086186,0.01268149,0.011756004,0.023804475,0.009553657,0.012392199,0.03212261,0.01250416,0.105523586,0.047100127,0.99551475,0.021643668,0.021300774,0.03212261,0.009345604,0.009553657
empty_06,empty,train,0,40.4027591,1.0006635,0.08071918,0.9991961,0.011657977,0.011514521,0.018483907,0.009024676,0.011657293,0.0100593325,0.00927794,0.023956299,0.011766311,0.99048275,0.95477545,0.14026517,1.0079658,0.012890262,0.012028769,0.024202997,0.009880351,0.012815607,0.031095734,0.011599302,0.10462397,0.04627709,0.99556667,0.021036401,0.020577533,0.031095734,0.009452513,0.009880351
empty_06,empty,train,0,40.882759099999994,1.0008601,0.08062045,0.99796814,0.011751504,0.011224389,0.019294659,0.009072425,0.011827576,0.009920266,0.009347379,0.023330927,0.0114825545,0.9909007,0.95438904,0.14064036,1.0098197,0.01319167,0.012191213,0.024739522,0.009997435,0.01300573,0.030710367,0.01180768,0.10380483,0.045679145,0.99575025,0.0207901,0.020315317,0.030710367,0.00953493,0.009997435
empty_06,empty,train,0,41.36275909999999,1.0010345,0.080975264,0.9971273,0.012062199,0.011531119,0.02059338,0.009373695,0.0122240605,0.01007625,0.009905696,0.021533191,0.011653492,0.99085337,0.9540942,0.14077672,1.0072495,0.0134722525,0.012893793,0.023842406,0.0101407375,0.013229834,0.030445646,0.011888623,0.1029765,0.045448184,0.9956746,0.020369396,0.020260949,0.030445646,0.009757216,0.0101407375
empty_06,empty,train,0,41.842759099999995,1.0010711,0.08055781,0.9977183,0.012007634,0.011567033,0.020823836,0.009327818,0.012179955,0.009355906,0.008693218,0.020875633,0.010913114,0.99185544,0.95372874,0.14109407,1.0042614,0.013228816,0.013289111,0.022528123,0.010002385,0.013080349,0.030239027,0.011902094,0.1038537,0.04492576,0.99581754,0.02088312,0.019797467,0.030239027,0.009665102,0.010002385
empty_06,empty,train,0,42.32275909999999,1.0011421,0.08079932,0.998415,0.01247068,0.012110795,0.02228511,0.009440803,0.012345533,0.009947022,0.009893298,0.021882713,0.011455938,0.9910581,0.95295316,0.14165111,1.0056509,0.012974915,0.012186885,0.022915099,0.009850081,0.01290479,0.029627055,0.011005044,0.10348225,0.043982904,0.99597144,0.019680033,0.01978704,0.029627055,0.009645442,0.009850081
empty_06,empty,train,0,42.8027591,1.0010922,0.08123542,0.99799085,0.012731109,0.012788761,0.021738574,0.009627885,0.012499406,0.010223417,0.009734392,0.02365601,0.011928835,0.9905537,0.952195,0.1414869,1.0071168,0.013446674,0.012978959,0.022828694,0.0101810815,0.013400843,0.029709285,0.011704683,0.10170472,0.04368511,0.9959507,0.019485869,0.01996635,0.029709285,0.009904483,0.0101810815
empty_06,empty,train,0,43.2827591,1.0010104,0.08098886,0.9990662,0.012268934,0.012372354,0.020017838,0.009324489,0.012146299,0.010154342,0.009566724,0.025206447,0.011922347,0.9903556,0.95219934,0.14094858,1.0082603,0.013170198,0.012044963,0.023936167,0.010151318,0.013407415,0.030081,0.012579918,0.10095394,0.04400128,0.9961094,0.019926658,0.02011767,0.030081,0.009737903,0.010151318
empty_06,empty,train,0,43.762759100000004,1.000874,0.08154525,1.0001618,0.012235973,0.01187953,0.019540362,0.00927471,0.012123113,0.010844723,0.010184944,0.0275653,0.012619287,0.98951375,0.9517867,0.14107963,1.007774,0.012880757,0.011854797,0.022423096,0.00975094,0.012891958,0.02988556,0.013039827,0.10066229,0.04373347,0.99600285,0.019040838,0.020365141,0.02988556,0.009512825,0.00975094
empty_06,empty,train,0,44.2427591,1.0006965,0.081433006,0.9997261,0.011616423,0.010938983,0.018983489,0.00904973,0.0119197415,0.010777712,0.010087192,0.023136854,0.012483715,0.9897108,0.9515616,0.14019419,1.0096483,0.01295559,0.0123721585,0.02142355,0.009927722,0.01313871,0.030741611,0.014187634,0.10321379,0.044353876,0.9958739,0.0199639,0.02075966,0.030741611,0.009488726,0.009927722
empty_06,empty,train,0,44.722759100000005,1.0010384,0.08133167,0.99847335,0.011457238,0.01100846,0.01824023,0.008879955,0.0117306085,0.010527651,0.010355711,0.026024044,0.012216423,0.9900901,0.9522752,0.13907279,1.0080606,0.012288407,0.012212141,0.019879067,0.0094527295,0.012468873,0.03178835,0.015332222,0.10524452,0.04567115,0.99573326,0.021260697,0.021158,0.03178835,0.009166342,0.0094527295
empty_06,empty,train,0,45.2027591,1.0004281,0.08168704,0.9967338,0.011742141,0.011462806,0.019957418,0.009103928,0.012025709,0.011024649,0.011413932,0.022612214,0.012563885,0.98985445,0.9528833,0.13909203,1.0051332,0.011880426,0.011954967,0.020580795,0.0092053125,0.0120898895,0.03169652,0.013443232,0.10730821,0.045969218,0.99576735,0.02067187,0.021360585,0.03169652,0.00915462,0.0092053125
empty_06,empty,train,0,45.682759100000006,1.0009587,0.08137132,0.9986302,0.012296011,0.012118213,0.02215296,0.009326397,0.012294374,0.010753673,0.010881901,0.023076177,0.012183278,0.9902039,0.95275074,0.13905479,1.004559,0.012231679,0.011949529,0.019771867,0.009559254,0.012529884,0.03159021,0.013361931,0.10720396,0.045961365,0.99569863,0.020836536,0.02117194,0.03159021,0.009442826,0.009559254
empty_06,empty,train,0,46.1627591,1.0011348,0.081648335,0.9977158,0.012689081,0.013610778,0.022496896,0.009613739,0.012577884,0.01089045,0.011231124,0.023674369,0.012283257,0.9902496,0.9522975,0.1390519,1.0059088,0.012572441,0.012217204,0.021647913,0.009611189,0.012537203,0.031505242,0.013245225,0.105305016,0.045639843,0.9958448,0.020614792,0.021197846,0.031505242,0.009612464,0.009613739
empty_06,empty,train,0,46.642759100000006,1.0010676,0.08119453,0.99805206,0.012575826,0.012688727,0.021058952,0.009508285,0.012393166,0.01028608,0.010946512,0.022030354,0.011703433,0.9909496,0.9506957,0.1404298,1.0077711,0.013051256,0.012855285,0.02113459,0.009683413,0.012629316,0.03001734,0.012116313,0.10463816,0.043794915,0.99572575,0.01973126,0.02015171,0.03001734,0.009595849,0.009683413
empty_06,empty,train,0,47.1227591,1.0019785,0.08082243,0.9981674,0.012288192,0.012633117,0.020261697,0.009139133,0.011918262,0.009837015,0.009907544,0.022650301,0.011291783,0.99133503,0.9501197,0.14201283,1.0065972,0.01307836,0.013260378,0.020143019,0.009743866,0.012724567,0.028539235,0.012897015,0.103179455,0.042414382,0.9955049,0.01870222,0.019188125,0.028539235,0.009441499,0.009743866
empty_06,empty,train,0,47.60275909999999,1.0025469,0.08065131,0.9975345,0.011644866,0.011836048,0.01870393,0.008839533,0.011486205,0.009354357,0.008985758,0.023221493,0.010973603,0.99180233,0.95169646,0.14162117,1.0083672,0.013772319,0.013344491,0.021795418,0.009992245,0.013029983,0.029253794,0.012570739,0.104818285,0.0435828,0.99546546,0.019899437,0.019304074,0.029253794,0.009415889,0.009992245
empty_06,empty,train,0,48.08275909999998,1.0024712,0.08037094,0.99662817,0.011668437,0.012057285,0.020243986,0.0087459255,0.011348782,0.008859378,0.0085660815,0.022728145,0.010459684,0.9924709,0.9531893,0.14136912,1.007928,0.013966725,0.013405453,0.023135861,0.009850084,0.012909078,0.029665519,0.010063529,0.10760355,0.04485264,0.99502194,0.020806141,0.019262448,0.029665519,0.009298004,0.009850084
empty_06,empty,train,0,48.56275909999999,1.003049,0.0807233,0.9958287,0.012177468,0.012669442,0.020499947,0.008860331,0.011532766,0.008643845,0.0080708265,0.021811247,0.010344305,0.99302423,0.9556928,0.13983129,1.0087287,0.0145181725,0.01425108,0.021276299,0.010230537,0.013496332,0.031702314,0.010490835,0.11097276,0.047619864,0.9946245,0.023058468,0.02017308,0.031702314,0.009545434,0.010230537
empty_06,empty,train,0,49.042759099999984,1.0030625,0.08087692,0.99464345,0.012288664,0.012611224,0.021156283,0.009267629,0.012080523,0.008607353,0.008354545,0.024159014,0.010435968,0.99299824,0.9562843,0.1395573,1.0081061,0.015367835,0.015261903,0.023857852,0.010560231,0.013862176,0.03125093,0.0073873997,0.112225294,0.048258707,0.9944391,0.022643577,0.019929143,0.03125093,0.009913931,0.010560231
empty_06,empty,train,0,49.52275909999999,1.0027878,0.081022136,0.99581313,0.012858403,0.011998724,0.021274481,0.00951931,0.012437119,0.008893471,0.008897543,0.023484826,0.010673863,0.9926685,0.95571095,0.13918619,1.0077022,0.015619524,0.015356869,0.02440243,0.010525232,0.013878533,0.031151747,0.009765267,0.11122018,0.04831663,0.9941807,0.022258276,0.020022608,0.031151747,0.010022271,0.010525232
empty_06,empty,train,0,50.002759099999984,1.002474,0.08098532,0.9971415,0.013013106,0.012773538,0.021862889,0.009572974,0.012520838,0.008387794,0.008032799,0.021070719,0.00991162,0.9938697,0.95370823,0.13938496,1.0078329,0.01677994,0.017028967,0.026542325,0.010893748,0.0142085785,0.030980881,0.01228106,0.10978526,0.04669526,0.994837,0.022593088,0.019684337,0.030980881,0.010233361,0.010893748
empty_06,empty,train,0,50.48275909999998,1.0017314,0.080649205,0.99847734,0.0127178505,0.012327314,0.020078579,0.009448642,0.012275186,0.008278538,0.008108735,0.01916051,0.009704516,0.99390125,0.9513757,0.14200538,1.0066961,0.016681092,0.017218685,0.02526736,0.010748758,0.0138648525,0.02840612,0.010646462,0.10757846,0.043466557,0.994863,0.020127583,0.01834233,0.02840612,0.0100986995,0.010748758
empty_06,empty,train,0,50.962759099999985,1.0014938,0.08090234,0.9978707,0.012404805,0.011856342,0.019957468,0.009356113,0.012148289,0.0085536055,0.008484244,0.018324852,0.009834606,0.99390984,0.9508857,0.143385,1.0064163,0.016537663,0.016666211,0.024077056,0.010957745,0.014202006,0.027206136,0.009733319,0.10315472,0.041952882,0.9952691,0.01865253,0.01787987,0.027206136,0.0101569295,0.010957745
empty_06,empty,train,0,51.44275909999998,1.0018083,0.08026992,0.99739736,0.011913324,0.011816126,0.019934058,0.009141968,0.011811849,0.007391904,0.007164359,0.01797384,0.008702872,0.9951174,0.95148915,0.14357139,1.0055709,0.016131617,0.015865866,0.023552325,0.010613701,0.013729474,0.026970897,0.0088588,0.10241693,0.042120684,0.995328,0.019578993,0.0171814,0.026970897,0.0098778345,0.010613701
empty_06,empty,train,0,51.92275909999999,1.0019451,0.0804661,1.001021,0.011752699,0.011028032,0.019910127,0.0092044985,0.011859253,0.0077798646,0.008318305,0.019261599,0.009161336,0.9945925,0.95240784,0.14516886,1.0064298,0.015107701,0.014440583,0.025842974,0.010209409,0.0133571895,0.02595841,0.0058010817,0.1030674,0.042244267,0.9941415,0.018178545,0.016869137,0.02595841,0.009706954,0.010209409
empty_06,empty,train,0,52.40275909999998,1.0021526,0.080501474,0.9998829,0.012076811,0.011774399,0.021569224,0.00946069,0.012285041,0.008202927,0.008041501,0.018693268,0.009524664,0.9940715,0.9543429,0.14245892,1.0064611,0.0150383245,0.014655697,0.022498041,0.01067709,0.0140277445,0.028048743,0.0051802397,0.10871452,0.04558347,0.9935059,0.019845815,0.018125836,0.028048743,0.01006889,0.01067709
empty_06,empty,train,0,52.882759099999994,1.0023351,0.080406025,0.99951863,0.011657533,0.011315551,0.019960769,0.009206756,0.011957668,0.007852241,0.0071481466,0.019603431,0.009276907,0.99438953,0.9559741,0.14076778,1.006996,0.016184067,0.016259074,0.02444949,0.011934636,0.015693137,0.029970037,0.0056979656,0.11425954,0.048234295,0.99247426,0.022117795,0.018911138,0.029970037,0.010570696,0.011934636
empty_06,empty,train,0,53.36275909999999,1.0021777,0.08101222,0.99869,0.011594817,0.01125088,0.01986592,0.009271867,0.011987378,0.008567556,0.008395791,0.020552218,0.009931772,0.9938393,0.9561529,0.14086449,1.0079942,0.017119966,0.016868925,0.025738426,0.01289441,0.016836127,0.030203275,0.005976796,0.1142472,0.048602723,0.99182785,0.021635719,0.019385416,0.030203275,0.011083138,0.01289441
empty_06,empty,train,0,53.842759099999995,1.0018518,0.08130825,0.9989893,0.012075357,0.011637051,0.020194117,0.009372374,0.012174667,0.0093504,0.0102984905,0.020457149,0.0105750365,0.99302506,0.9551965,0.14014754,1.007984,0.017691284,0.017371831,0.026816992,0.013530596,0.017457673,0.03014945,0.007736206,0.112698495,0.04825319,0.9923849,0.02079905,0.019749925,0.03014945,0.011451485,0.013530596
empty_06,empty,train,0,54.32275909999999,1.0013883,0.08186111,0.9995426,0.011818277,0.011176337,0.01863967,0.009187618,0.01193047,0.009611185,0.010618389,0.021836221,0.010840689,0.99310696,0.957792,0.1387782,1.0090265,0.019477729,0.01904603,0.031968713,0.014289276,0.01827883,0.032226603,0.006678462,0.11808562,0.05105313,0.9916559,0.022615418,0.020918895,0.032226603,0.0117384475,0.014289276
empty_06,empty,train,0,54.8027591,1.0009367,0.081436455,0.99907297,0.012293014,0.011209272,0.02073482,0.009452785,0.012292506,0.009321186,0.010430455,0.019948602,0.010607735,0.99315923,0.9542237,0.14401616,1.0050058,0.021879664,0.020206321,0.03913801,0.012717251,0.016445585,0.028352642,0.008101344,0.10858315,0.04508519,0.9923982,0.019031458,0.018836914,0.028352642,0.0110850185,0.012717251
empty_06,empty,train,0,55.28275909999999,1.0010751,0.08123425,1.0001729,0.012285006,0.011276603,0.022450745,0.009230496,0.012101424,0.008934892,0.010001481,0.019818187,0.010209685,0.99362594,0.9548575,0.14220251,1.0072212,0.023095652,0.022396201,0.040749934,0.01319393,0.017004255,0.029005265,0.0064433813,0.1112228,0.0464802,0.99272543,0.020070374,0.018970078,0.029005265,0.011212213,0.01319393
empty_06,empty,train,0,55.762759100000004,1.0014915,0.08101001,0.99765414,0.011924691,0.011365731,0.021781078,0.008970125,0.01177482,0.008526265,0.008878589,0.01779604,0.009843535,0.99398535,0.9544194,0.14274684,1.0061885,0.02323732,0.022664258,0.04232329,0.013061596,0.016842408,0.02838173,0.0063604116,0.11247468,0.045806877,0.9928206,0.019855466,0.018453997,0.02838173,0.01101586,0.013061596
empty_06,empty,train,0,56.2427591,1.0019836,0.080744125,0.9976358,0.011840617,0.011686571,0.02121089,0.009036484,0.011786549,0.008024152,0.007801652,0.017813206,0.009307956,0.99458706,0.95252264,0.1434184,1.0064855,0.021405065,0.021203626,0.03756136,0.011739957,0.015189042,0.02689112,0.005908847,0.11193985,0.04402553,0.99324423,0.018866967,0.017457636,0.02689112,0.010388221,0.011739957
empty_06,empty,train,0,56.722759100000005,1.0022323,0.08079977,0.99708223,0.011765055,0.011579461,0.021804772,0.009177832,0.01195224,0.0079605365,0.007535398,0.021414876,0.0093998425,0.9945005,0.9553218,0.13742702,1.0066054,0.01963813,0.019524787,0.03265834,0.013236381,0.017085906,0.03219334,0.011317611,0.11915445,0.049884778,0.99311703,0.024232805,0.020076938,0.03219334,0.0112071065,0.013236381
empty_06,empty,train,0,57.2027591,1.0022622,0.08141969,0.99749964,0.012184444,0.012001748,0.020380422,0.009352093,0.012072363,0.0091954265,0.00928545,0.026053071,0.010586673,0.99311674,0.9565505,0.1345998,1.007373,0.018662143,0.017832976,0.030125719,0.012258419,0.0159383,0.03493818,0.014979005,0.12353432,0.052827526,0.9926796,0.025742752,0.022066802,0.03493818,0.010805256,0.012258419
empty_06,empty,train,0,57.682759100000006,1.002221,0.0813089,0.99846435,0.0124968225,0.012330458,0.020471144,0.009688369,0.012471733,0.009065478,0.008330703,0.023421168,0.010359724,0.9933974,0.95861995,0.13295867,1.0068765,0.016898606,0.016127635,0.02577035,0.0117439665,0.015317325,0.036413874,0.012816787,0.12833887,0.0556453,0.99157125,0.027348395,0.022739677,0.036413874,0.010716168,0.0117439665
empty_06,empty,train,0,58.1627591,1.001895,0.081900425,0.9985478,0.012475276,0.0116968835,0.021388914,0.009553668,0.012372268,0.0096615255,0.009509325,0.022949576,0.010934128,0.9929621,0.9585968,0.13384978,1.0064261,0.016760787,0.01614297,0.025881873,0.011582001,0.015120182,0.035666205,0.01187849,0.12712616,0.055236857,0.99099004,0.02600468,0.022663865,0.035666205,0.010567835,0.011582001
empty_06,empty,train,0,58.642759100000006,1.0025406,0.08244838,0.99948037,0.012739023,0.011619718,0.0220269,0.009537341,0.012373527,0.009915986,0.0100106,0.021772802,0.011192975,0.99310046,0.9592675,0.13345855,1.0086194,0.0146318935,0.014662629,0.022783417,0.010037983,0.012921304,0.03590903,0.009643912,0.1281454,0.055956934,0.9908358,0.025993045,0.022912508,0.03590903,0.009787662,0.010037983
empty_08,empty,train,0,1.0141199,1.0005538,0.07986467,0.9980174,0.014242872,0.013718661,0.023173003,0.010525603,0.013580294,0.0048799086,0.0032565594,0.019278288,0.0064619384,0.99777687,0.9646746,0.12499147,1.0097488,0.05759453,0.055025574,0.107685596,0.034024432,0.047604866,0.050278645,0.035075605,0.12942481,0.06477836,0.99197406,0.045398735,0.027579278,0.050278645,0.022275018,0.034024432
empty_08,empty,train,0,1.4941199,0.9999645,0.079527855,0.99690497,0.014270073,0.013885513,0.022884862,0.010281089,0.013175594,0.004378999,0.002805233,0.017243922,0.006119351,0.9980918,0.96191543,0.13110735,1.00469,0.052026495,0.05102102,0.09991669,0.026410185,0.03811106,0.04423675,0.030858159,0.118605375,0.0578659,0.99409413,0.03985775,0.024307875,0.04423675,0.018345637,0.026410185
empty_08,empty,train,0,1.9741199,0.99990577,0.08089541,0.99637985,0.013714562,0.013989275,0.020821238,0.010270031,0.013223599,0.006184011,0.0052007437,0.020321846,0.008052424,0.99679494,0.9541787,0.14427587,1.0093073,0.03950383,0.039019533,0.072384104,0.024244132,0.036616728,0.029917294,0.016544104,0.09188962,0.04220502,0.9970356,0.023733282,0.018050652,0.029917294,0.017257081,0.024244132
empty_08,empty,train,0,2.4541199,0.9996166,0.081116185,0.9990551,0.013769186,0.013383239,0.021614185,0.0101190265,0.013119174,0.006728774,0.0058059692,0.021846235,0.008580853,0.9963618,0.95103663,0.14480937,1.0071565,0.026822044,0.026406476,0.04780065,0.019944247,0.031144142,0.027609942,0.01316309,0.09197533,0.040018275,0.9968635,0.020881169,0.017169358,0.027609942,0.015031637,0.019944247
empty_08,empty,train,0,2.9341199000000007,0.9997489,0.08108198,0.99999243,0.013039116,0.012647301,0.020907084,0.009494903,0.0123967705,0.0070124976,0.0068436265,0.02179873,0.0086006895,0.99625874,0.95081514,0.14163469,1.00745,0.021835474,0.021832323,0.034438834,0.013098618,0.018193167,0.030417008,0.016367495,0.09491205,0.042276084,0.99687374,0.02340451,0.018714752,0.030417008,0.01129676,0.013098618
empty_08,empty,train,0,3.4141199,1.0005336,0.08131381,0.99885947,0.012497188,0.011586947,0.020944662,0.009177581,0.012043358,0.0077346386,0.0082114935,0.021051764,0.009021334,0.99563384,0.9506697,0.1401254,1.0061363,0.022068243,0.021155367,0.03686659,0.011910753,0.015412556,0.032010686,0.019535065,0.09570956,0.043478914,0.99668354,0.024276048,0.019872662,0.032010686,0.010544168,0.011910753
empty_08,empty,train,0,3.8941199,1.0003872,0.08131119,0.99805206,0.012514176,0.012229533,0.021615949,0.009154793,0.011937601,0.008034012,0.008429527,0.021977365,0.009381733,0.9951307,0.9486308,0.13995202,1.0050957,0.02017998,0.018900981,0.03374964,0.011512586,0.014893212,0.032292284,0.023834944,0.09394777,0.042482127,0.9968428,0.02425827,0.020163149,0.032292284,0.010333689,0.011512586
empty_08,empty,train,0,4.3741199,1.0011514,0.080571435,0.99713826,0.011858909,0.011578475,0.01900217,0.008931807,0.01154483,0.007393216,0.0075591803,0.021179676,0.00865281,0.9954541,0.95023686,0.13863029,1.0038837,0.019111393,0.017827747,0.03284903,0.010892424,0.014184314,0.033837993,0.023378372,0.094947994,0.04440584,0.99674124,0.026444778,0.020615604,0.033837993,0.0099121155,0.010892424
empty_08,empty,train,0,4.8541199,1.0021557,0.0798406,0.9984662,0.011929618,0.011753721,0.018960651,0.008985877,0.011627539,0.006983292,0.0066199303,0.021082997,0.008234185,0.9954815,0.9495669,0.14072533,1.0062811,0.017920151,0.017214315,0.030577587,0.0106559675,0.01381258,0.031792786,0.022737265,0.09235376,0.042234227,0.9970221,0.024809495,0.019388039,0.031792786,0.009820922,0.0106559675
empty_08,empty,train,0,5.334119900000001,1.0027723,0.07909108,0.9990535,0.011764242,0.01155906,0.020356653,0.008953878,0.011600249,0.0060580987,0.0053197145,0.01898396,0.0074426583,0.9961291,0.95291996,0.1389257,1.0065843,0.015388493,0.015970249,0.023591258,0.010581473,0.01354135,0.033536993,0.019821286,0.09801686,0.045636825,0.9966725,0.027478894,0.019797545,0.033536993,0.009767676,0.010581473
empty_08,empty,train,0,5.8141199,1.0031011,0.07934327,0.9976741,0.011999115,0.011738942,0.019510897,0.009172897,0.012025728,0.006088791,0.005327642,0.017268658,0.00736024,0.9964213,0.9534364,0.13910507,1.0071316,0.015431331,0.01572494,0.025664998,0.010508182,0.0135151325,0.033816926,0.018486142,0.09667575,0.04577633,0.9966933,0.027728135,0.019952858,0.033816926,0.00984054,0.010508182
empty_08,empty,train,0,6.294119900000001,1.0031954,0.079412155,0.9982466,0.012153124,0.012208675,0.023205327,0.009230602,0.01211845,0.0061559794,0.005782068,0.018494844,0.007416318,0.9964107,0.95332307,0.13983761,1.0068367,0.01612239,0.016064724,0.026369039,0.010694786,0.013675032,0.033132598,0.018620372,0.09679061,0.045220807,0.99656844,0.026976619,0.019644288,0.033132598,0.009962694,0.010694786
empty_08,empty,train,0,6.7741199000000005,1.0023545,0.07947047,0.998785,0.012572722,0.012870713,0.023730414,0.009435749,0.012480145,0.006016089,0.005882561,0.017151475,0.007300479,0.9964624,0.95373094,0.13981065,1.005548,0.015477429,0.015698917,0.023719218,0.010346969,0.013284892,0.03298889,0.018959165,0.09723902,0.04563898,0.99626076,0.026972802,0.01950249,0.03298889,0.009891359,0.010346969
empty_08,empty,train,0,7.254119899999999,1.0017639,0.07996406,0.996735,0.012839749,0.013260387,0.023989098,0.009706861,0.012816527,0.0066721546,0.006885886,0.016768575,0.008028998,0.99583125,0.95214945,0.13854562,1.0038459,0.01496516,0.014730975,0.026706545,0.009930708,0.012801814,0.03442549,0.022881627,0.095485866,0.045624595,0.9964596,0.027753334,0.020548822,0.03442549,0.009818785,0.009930708
empty_08,empty,train,0,7.7341199000000005,1.0018135,0.07950679,0.99687546,0.012362997,0.0122229,0.021504402,0.009531072,0.012427567,0.0063456492,0.0057985783,0.01648724,0.0077506034,0.99590784,0.95166636,0.13602884,1.00308,0.015478782,0.015620748,0.025639897,0.010262705,0.013142414,0.036856893,0.025578737,0.09660792,0.047493357,0.9962059,0.030511245,0.02160127,0.036856893,0.009896889,0.010262705
empty_08,empty,train,0,8.2141199,1.0018259,0.078917876,0.99613327,0.012223391,0.0115569895,0.02073662,0.00943062,0.012360879,0.006285588,0.0054955482,0.017409444,0.007518294,0.9958846,0.9524958,0.13408722,1.0028574,0.014738,0.014590325,0.0233644,0.010297644,0.013214134,0.03904829,0.027942777,0.099265754,0.049670592,0.99578977,0.032762703,0.02266694,0.03904829,0.009864132,0.010297644
empty_08,empty,train,0,8.694119899999999,1.00277,0.07909967,0.9956424,0.012358093,0.01204054,0.020583732,0.009475377,0.0123237325,0.0064990683,0.005831778,0.022082746,0.007904279,0.9955461,0.9504177,0.13362981,1.0019251,0.014969813,0.01455715,0.023977043,0.0104890885,0.0134245865,0.03952328,0.032294393,0.09757435,0.049049992,0.9957691,0.033024214,0.023011174,0.03952328,0.009982233,0.0104890885
empty_08,empty,train,0,9.174119899999999,1.0027602,0.078805715,0.9948733,0.012318301,0.012021772,0.020048087,0.009485042,0.0122958515,0.0065719318,0.0057656765,0.021966457,0.007996,0.99527586,0.949719,0.13285862,1.001075,0.015267799,0.015242458,0.025451155,0.010553063,0.013543289,0.04060915,0.03544116,0.099531114,0.049670227,0.9951293,0.034037217,0.023590542,0.04060915,0.010019053,0.010553063
empty_08,empty,train,0,9.654119900000001,1.0024765,0.0788436,0.9958651,0.012473117,0.012400589,0.019609388,0.009429552,0.012233815,0.0065014907,0.005834222,0.01810807,0.007859392,0.9954402,0.9495994,0.13279432,1.0018303,0.015381013,0.015422087,0.023549527,0.010672946,0.013708649,0.04054978,0.034632564,0.10299665,0.049797475,0.99485695,0.03404829,0.023525637,0.04054978,0.010051249,0.010672946
empty_08,empty,train,0,10.1341199,1.0027668,0.07930784,0.9967357,0.012499655,0.012580735,0.020175343,0.009331434,0.0120600695,0.0067308173,0.006420374,0.018068314,0.008134754,0.9953525,0.9481104,0.13362399,1.0041418,0.014591619,0.01460066,0.02277287,0.010399595,0.013396898,0.03915593,0.0341115,0.10153085,0.04841393,0.9949706,0.032425113,0.022943374,0.03915593,0.009865515,0.010399595
empty_08,empty,train,0,10.6141199,1.0028723,0.07992571,0.997975,0.012512728,0.0128360195,0.01934322,0.009338381,0.011971574,0.00724801,0.0070804358,0.01861298,0.008709291,0.99494916,0.94837874,0.13361,1.0066462,0.014322694,0.014493885,0.021625474,0.010304882,0.013284525,0.038651653,0.031076074,0.10447359,0.048585735,0.9948746,0.031403642,0.022949832,0.038651653,0.009821631,0.010304882
empty_08,empty,train,0,11.094119899999999,1.0033392,0.08027221,1.000378,0.012200955,0.012531976,0.02049704,0.009090059,0.011680405,0.007873706,0.007252693,0.020246387,0.009336505,0.9943553,0.95014733,0.13403493,1.0074782,0.013506777,0.013670164,0.020893382,0.009974507,0.01283163,0.037640642,0.027977586,0.10788357,0.04904219,0.99482936,0.029766936,0.022757174,0.037640642,0.009532283,0.009974507
empty_08,empty,train,0,11.574119900000001,1.0036019,0.079903744,0.99979925,0.011943481,0.011896517,0.021860406,0.008918712,0.011513717,0.0074620275,0.006234646,0.022988915,0.009124265,0.9944882,0.9501086,0.13454719,1.005762,0.012579178,0.012380687,0.019649342,0.009540646,0.0122856,0.036835827,0.026600242,0.10479653,0.048427645,0.9952046,0.029373799,0.022148928,0.036835827,0.009229679,0.009540646
empty_08,empty,train,0,12.0541199,1.0038339,0.079722844,0.9995956,0.01202293,0.012215164,0.020859115,0.009068779,0.011678599,0.0071931654,0.0054336786,0.021597147,0.008882539,0.99479795,0.9496202,0.1346109,1.005005,0.012920605,0.012662182,0.021515206,0.009509031,0.0122736925,0.03721695,0.02731049,0.10471314,0.048138298,0.99523073,0.030023785,0.022205058,0.03721695,0.009288905,0.009509031
empty_08,empty,train,0,12.5341199,1.0032082,0.07912421,0.998472,0.011937869,0.011760396,0.020391766,0.009037528,0.011707164,0.0066203577,0.0052821636,0.01963067,0.008264012,0.9951565,0.95092183,0.13345641,1.0057936,0.012542526,0.012187928,0.021101419,0.009354092,0.01213838,0.03885663,0.029126048,0.1059373,0.049893964,0.994777,0.03223627,0.022738494,0.03885663,0.00919581,0.009354092
empty_08,empty,train,0,13.0141199,1.0025284,0.07865645,0.99727,0.012078679,0.011985525,0.021952435,0.009127262,0.011874413,0.006105777,0.0044391155,0.01935488,0.007694452,0.99557126,0.9497839,0.13339674,1.0025222,0.012622712,0.011880284,0.021627184,0.009435918,0.012282255,0.039128285,0.030652225,0.10516572,0.049471002,0.99467367,0.033022508,0.02261703,0.039128285,0.009281591,0.009435918
empty_08,empty,train,0,13.494119900000001,1.0031344,0.078717135,0.9975562,0.012019142,0.011628931,0.02164498,0.009167018,0.011896959,0.005660501,0.004152298,0.019411623,0.007392635,0.9960727,0.94990075,0.13382933,1.0069664,0.013354208,0.012058643,0.023213001,0.009853568,0.012974723,0.038819153,0.031148434,0.10444307,0.049128167,0.9947638,0.033158652,0.022239827,0.038819153,0.009510294,0.009853568
empty_08,empty,train,0,13.974119899999998,1.003102,0.07929952,0.9979217,0.012078866,0.011927364,0.020131752,0.0091289,0.011861957,0.0059828493,0.0041295886,0.018493831,0.00764434,0.99604505,0.9504799,0.13411167,1.0084041,0.013850999,0.012356252,0.02426176,0.01014113,0.013407836,0.038540654,0.029221654,0.10371506,0.04908499,0.9949312,0.032557804,0.022261752,0.038540654,0.009635014,0.01014113
empty_08,empty,train,0,14.4541199,1.0029739,0.07907298,0.9979185,0.012221968,0.012255101,0.01914376,0.009050785,0.011797962,0.005957355,0.0050097704,0.019473732,0.0076850057,0.99584854,0.9496613,0.13478957,1.0057827,0.013598031,0.012612829,0.023596384,0.010101608,0.013346438,0.0378974,0.028975606,0.10286325,0.048112486,0.9950245,0.031940047,0.021927377,0.0378974,0.009576196,0.010101608
empty_08,empty,train,0,14.9341199,1.0032974,0.079061344,0.9976572,0.012290279,0.011944182,0.020185882,0.009134392,0.01191277,0.006079708,0.0049028397,0.019159973,0.0076678963,0.99593085,0.9497218,0.13496853,1.0029961,0.013540159,0.01177825,0.02402089,0.010231812,0.013482596,0.037898764,0.029538631,0.101828694,0.047854654,0.9953097,0.031819057,0.021989236,0.037898764,0.009683102,0.010231812
empty_08,empty,train,0,15.414119900000001,1.0027233,0.07881919,0.99796414,0.01225316,0.012105454,0.02055254,0.009236119,0.0119974315,0.00622319,0.0047391653,0.018195033,0.0077097113,0.9956511,0.95033056,0.13425161,1.0013158,0.013569254,0.0131700225,0.02561819,0.009999132,0.01307073,0.038748063,0.029895425,0.10214001,0.048758484,0.9952305,0.032524873,0.022485627,0.038748063,0.009617625,0.009999132
empty_08,empty,train,0,15.8941199,1.0023667,0.078664154,0.99681693,0.012202418,0.012116258,0.020064905,0.009324091,0.012161602,0.006185223,0.004940033,0.017066002,0.0077715595,0.99546045,0.9504811,0.13355123,1.0032623,0.012796292,0.0125054605,0.022942157,0.009611076,0.012436306,0.03939631,0.030444622,0.103443265,0.049533293,0.9949463,0.033211086,0.022790765,0.03939631,0.009467583,0.009611076
empty_08,empty,train,0,16.3741199,1.0029007,0.078407824,0.9958796,0.012287635,0.012592552,0.021288045,0.009347259,0.012172401,0.005938135,0.004722476,0.018841803,0.0075351247,0.9957173,0.95091975,0.13351788,1.001398,0.012944564,0.013312994,0.023138227,0.009983091,0.012883171,0.03952512,0.030222952,0.10413766,0.049749803,0.99497664,0.033586986,0.022731628,0.03952512,0.009665174,0.009983091
empty_08,empty,train,0,16.8541199,1.0032369,0.0786615,0.99773055,0.012045081,0.012015663,0.020070694,0.009389128,0.012201706,0.006284445,0.0048338175,0.018069088,0.007877239,0.99545294,0.9506377,0.13320066,1.0021306,0.013027735,0.013100161,0.023059873,0.009716851,0.012509445,0.039789423,0.03126383,0.10315961,0.049884014,0.994961,0.033504978,0.023036934,0.039789423,0.009552989,0.009716851
empty_08,empty,train,0,17.334119900000005,1.0033288,0.078910865,0.9974629,0.012423132,0.011535391,0.021257663,0.009558941,0.012543531,0.006479043,0.0053623915,0.01769036,0.008096415,0.9953016,0.95187604,0.13350058,1.003957,0.013699854,0.013434008,0.022422403,0.009952795,0.012881615,0.039401256,0.029081702,0.10509783,0.05018867,0.99504006,0.032922212,0.02294015,0.039401256,0.009755868,0.009952795
empty_08,empty,train,0,17.8141199,1.003629,0.078429475,0.99864733,0.0124645075,0.011157999,0.021232761,0.00947946,0.012475115,0.006131274,0.004804909,0.019155145,0.007830685,0.9955134,0.95146185,0.13355528,1.0062096,0.01402558,0.013113625,0.022683045,0.010027775,0.013063871,0.03875885,0.028739452,0.106108785,0.04985833,0.9952272,0.03262758,0.022445062,0.03875885,0.009753617,0.010027775
empty_08,empty,train,0,18.294119900000002,1.0029596,0.07899829,0.9982215,0.012746652,0.012169876,0.021254431,0.009467571,0.012433395,0.0069433735,0.0065437555,0.019123614,0.008500029,0.9947133,0.95183957,0.13346465,1.0034122,0.014295132,0.013763777,0.02304883,0.010157505,0.013251811,0.039121613,0.028984308,0.10590011,0.0500562,0.99534905,0.032178238,0.023032494,0.039121613,0.009812538,0.010157505
empty_08,empty,train,0,18.774119900000002,1.0028746,0.07873134,0.9980763,0.012493979,0.012180021,0.023453258,0.009314222,0.012246214,0.0067998455,0.0058407784,0.019210398,0.008312301,0.99482864,0.950805,0.13394913,1.0079265,0.015406184,0.015137101,0.023947554,0.010647789,0.013753184,0.038969245,0.030543566,0.10635936,0.049338866,0.9949933,0.032169398,0.022884546,0.038969245,0.009981005,0.010647789
empty_08,empty,train,0,19.2541199,1.0030665,0.07857386,0.99963737,0.01224196,0.012452345,0.019845156,0.008905208,0.0116311535,0.0063898815,0.0051215887,0.020859838,0.0080307685,0.99517417,0.94935894,0.13386887,1.0055535,0.015108251,0.014797202,0.02392342,0.010913199,0.014050004,0.038724504,0.031835854,0.1052019,0.048844438,0.99478126,0.032334622,0.022557193,0.038724504,0.009909203,0.010913199
empty_08,empty,train,0,19.7341199,1.002746,0.07866682,0.998361,0.012406404,0.012108214,0.020784214,0.009099897,0.011900863,0.0064455573,0.005536258,0.019873798,0.007890945,0.9953477,0.9492675,0.13443594,1.0055219,0.015531771,0.014961854,0.023247216,0.011236275,0.014388927,0.038808484,0.031819284,0.102570236,0.048289847,0.99488574,0.032362927,0.02262702,0.038808484,0.010168086,0.011236275
empty_08,empty,train,0,20.2141199,1.0031445,0.078339145,0.9979644,0.0128576495,0.012199952,0.022888558,0.009522583,0.012481739,0.0057465355,0.0043907166,0.021078944,0.007285377,0.9960452,0.9497945,0.13326994,1.0061052,0.016572312,0.016359534,0.027128026,0.011700715,0.014838921,0.04022223,0.0332036,0.101554036,0.049650546,0.9945219,0.034475695,0.022984384,0.04022223,0.01061165,0.011700715
empty_08,empty,train,0,20.6941199,1.0023189,0.07896563,0.9975,0.012991944,0.012444304,0.023442272,0.009706716,0.012716052,0.0061369925,0.005240619,0.020629406,0.007413957,0.9960521,0.94965714,0.1330919,1.0032693,0.016168812,0.016270436,0.02686698,0.01135783,0.014589481,0.04008684,0.03231889,0.1021924,0.049669355,0.9946623,0.03394985,0.023111915,0.04008684,0.010532273,0.01135783
empty_08,empty,train,0,21.174119900000004,1.0025673,0.079277605,0.99822336,0.013035152,0.012690083,0.024020277,0.009877745,0.012882193,0.0063981395,0.005800247,0.01995027,0.007672284,0.99591464,0.9500427,0.13326162,1.0023896,0.016224077,0.01563942,0.026933208,0.010744725,0.013840991,0.03988597,0.031406403,0.10149485,0.04951698,0.9950583,0.033487834,0.023142055,0.03988597,0.010311235,0.010744725
empty_08,empty,train,0,21.6541199,1.0025287,0.07873261,0.9979456,0.013374043,0.012564506,0.023765072,0.01004083,0.013080089,0.00610255,0.005149901,0.019132257,0.0075358823,0.9958073,0.9521478,0.13092405,1.0032386,0.015784986,0.0152354585,0.026199717,0.0105234245,0.013590313,0.042007234,0.03302914,0.10344696,0.052592043,0.99462235,0.035904683,0.024054892,0.042007234,0.010282127,0.0105234245
empty_08,empty,train,0,22.1341199,1.0020343,0.07810614,0.9962867,0.013010019,0.012576044,0.021766024,0.009844733,0.012800423,0.0059912796,0.0049176216,0.01981163,0.007207085,0.99592316,0.95089126,0.13195418,1.0028495,0.014697382,0.014491383,0.023831036,0.009747978,0.012611943,0.040732756,0.03200251,0.10266703,0.051104363,0.9947743,0.034741476,0.023362018,0.040732756,0.009796356,0.009844733
empty_08,empty,train,0,22.614119899999995,1.0024884,0.07810819,0.99713343,0.012824592,0.01253227,0.021774763,0.009859902,0.012768023,0.0063006016,0.0047757626,0.021374702,0.0078009,0.99520385,0.9522835,0.13196582,1.0060167,0.014165085,0.013705035,0.02152573,0.009726615,0.012604729,0.040906534,0.03097725,0.104582846,0.05177451,0.99470365,0.03460593,0.023603568,0.040906534,0.009793258,0.009859902
empty_08,empty,train,0,23.094119899999995,1.0022835,0.078163,0.9961882,0.012989265,0.012921018,0.021737609,0.009976537,0.012924288,0.006572373,0.0055673122,0.022980094,0.008103739,0.99480355,0.9531635,0.13155901,1.0039707,0.013587985,0.013477737,0.021623595,0.009516183,0.012343724,0.041415192,0.031207561,0.10606539,0.052643742,0.9944335,0.03484282,0.023993783,0.041415192,0.00974636,0.009976537
empty_08,empty,train,0,23.5741199,1.0019802,0.0784775,0.995876,0.012720508,0.013142961,0.020496346,0.009868364,0.012826377,0.0066354196,0.0057317615,0.018217087,0.008142382,0.99486727,0.9527327,0.13302428,1.0035409,0.012985542,0.012431604,0.02022873,0.009402839,0.012293292,0.040502984,0.03147447,0.10494506,0.051243443,0.99447936,0.033867564,0.023569202,0.040502984,0.009635601,0.009868364
empty_08,empty,train,0,24.0541199,1.0022662,0.078856684,0.9969423,0.012367714,0.011910967,0.021055942,0.00979242,0.012712787,0.007076888,0.006589532,0.021737933,0.008693429,0.9942823,0.9535295,0.13284963,1.0034806,0.013380077,0.013291447,0.021496624,0.009836616,0.012876479,0.040489715,0.030728221,0.10795897,0.051810857,0.99440193,0.033412825,0.023783302,0.040489715,0.009814518,0.009836616
empty_08,empty,train,0,24.5341199,1.0023314,0.07871347,0.9975836,0.012726099,0.01185815,0.022403108,0.009944916,0.012910977,0.006747474,0.006231308,0.019924045,0.008207895,0.9948998,0.95450133,0.13170832,1.0014154,0.012995691,0.012508443,0.020766033,0.009690161,0.01266803,0.041910723,0.031363428,0.11098939,0.053292714,0.99418867,0.03516325,0.024329098,0.041910723,0.009817539,0.009944916
empty_08,empty,train,0,25.0141199,1.0022737,0.07838996,0.9966899,0.012849772,0.012532556,0.022381695,0.01020547,0.013279133,0.006504281,0.005552888,0.017041862,0.007883551,0.9951882,0.95400697,0.13205858,1.0023239,0.0137627,0.013351505,0.023482451,0.010112633,0.013256173,0.04122765,0.031831384,0.11249882,0.052668095,0.9944177,0.034723368,0.023865966,0.04122765,0.010159051,0.01020547
empty_08,empty,train,0,25.4941199,1.0022142,0.07852259,0.9968364,0.012702739,0.011926065,0.022558473,0.010103448,0.013099383,0.0063206414,0.005494356,0.018192649,0.007785078,0.9953699,0.95299107,0.13165995,1.0013574,0.013824859,0.013565827,0.023238216,0.010334653,0.013408496,0.04135115,0.03087759,0.11064595,0.052397907,0.9946192,0.03503051,0.023835896,0.04135115,0.010219051,0.010334653
empty_08,empty,train,0,25.974119900000005,1.0030208,0.07822578,0.9989512,0.013372139,0.01303663,0.021266783,0.010078965,0.013034752,0.005682057,0.0045787096,0.018422902,0.007034232,0.99627805,0.9511055,0.13260742,1.0009447,0.017072488,0.017448014,0.025446104,0.011445919,0.015063451,0.040005345,0.030769229,0.10984141,0.05071969,0.9946642,0.03432329,0.0228437,0.040005345,0.010762442,0.011445919
empty_08,empty,train,0,26.454119900000006,1.0033345,0.077900834,0.99750984,0.013178792,0.013080955,0.021993777,0.009822142,0.012770835,0.00524014,0.003962338,0.019409478,0.0067007574,0.996618,0.9479937,0.13771203,1.0042146,0.01955138,0.02008059,0.029813087,0.01165095,0.015250002,0.034083568,0.024265528,0.10242313,0.04471444,0.9955423,0.028843427,0.019661853,0.034083568,0.010736546,0.01165095
empty_08,empty,train,0,26.934119900000006,1.0036681,0.07867841,0.9980745,0.012932957,0.012900263,0.022478428,0.0093697095,0.012212648,0.005928536,0.0044068694,0.021157384,0.0074733957,0.996089,0.9487781,0.13641115,1.0042273,0.020120721,0.020467509,0.03307861,0.011910106,0.015523993,0.03490093,0.02527237,0.10686159,0.046341963,0.9951298,0.028972395,0.020414732,0.03490093,0.010639908,0.011910106
empty_08,empty,train,0,27.414119900000006,1.0029342,0.07872616,0.99695796,0.013084963,0.013742987,0.022312783,0.009145533,0.011857621,0.006801191,0.0061528683,0.018263698,0.008083972,0.99514794,0.9536386,0.13347135,1.0040127,0.025181135,0.0242023,0.044861756,0.012612683,0.016419044,0.037632417,0.02300036,0.11883098,0.05155742,0.9940026,0.030831225,0.022216804,0.037632417,0.010879108,0.012612683
empty_08,empty,train,0,27.8941199,1.0017967,0.07894387,0.99912804,0.012362763,0.012300698,0.021209091,0.008838242,0.011499074,0.008143113,0.0076904297,0.018286526,0.009379132,0.99328697,0.9578833,0.13541575,1.008116,0.026389679,0.026125252,0.043386567,0.012634529,0.016420802,0.035022046,0.01325047,0.12604326,0.05301567,0.9925984,0.026878934,0.02158258,0.035022046,0.010736385,0.012634529
empty_08,empty,train,0,28.374119899999997,1.0015028,0.08055714,0.99769264,0.011715237,0.011292287,0.019999882,0.008898164,0.011526135,0.009699906,0.010115504,0.021396637,0.011108853,0.9914614,0.96331567,0.12849174,1.0055113,0.024067167,0.02451195,0.03815445,0.013021028,0.016929442,0.042884264,0.015222788,0.13769275,0.061353344,0.9921307,0.033184357,0.026292086,0.042884264,0.010959595,0.013021028
empty_08,empty,train,0,28.854119899999997,1.0017896,0.07958166,0.99906707,0.011851459,0.011192848,0.019823583,0.00883384,0.011346742,0.008954842,0.00907445,0.02106905,0.010314607,0.99213713,0.9649836,0.1252534,1.0015836,0.023367994,0.023432162,0.038437035,0.013013078,0.01686357,0.04653157,0.018589377,0.1424923,0.06490417,0.9915493,0.037576728,0.027743205,0.04653157,0.010923458,0.013013078
empty_08,empty,train,0,29.3341199,1.0019541,0.07911582,0.99814796,0.011998721,0.011440435,0.01841485,0.008904535,0.011442768,0.008069739,0.0071783066,0.021013498,0.009406551,0.9933368,0.96216583,0.1257488,1.0021288,0.021937188,0.020925196,0.042705324,0.012334382,0.016095059,0.046003614,0.023881674,0.13854212,0.06272704,0.9921882,0.037933875,0.027036676,0.046003614,0.010619459,0.012334382
empty_08,empty,train,0,29.8141199,1.0026095,0.0789342,0.99628496,0.0117945885,0.011568777,0.018256012,0.008776513,0.011304503,0.007053335,0.0064378977,0.02219218,0.008703124,0.9943385,0.9602036,0.12075491,1.0044826,0.016791273,0.016911924,0.026964746,0.011685123,0.015137367,0.052398212,0.039063454,0.13607544,0.06608244,0.9906903,0.045344878,0.029725773,0.052398212,0.010230818,0.011685123
empty_08,empty,train,0,30.294119900000002,1.0027167,0.07835652,0.99562883,0.01145871,0.011085108,0.019218713,0.008761775,0.01127811,0.006519448,0.0056468844,0.022713363,0.008273252,0.99469215,0.96179986,0.11669419,1.0039344,0.016129473,0.015923103,0.0249795,0.0110216,0.014224151,0.056829344,0.045302987,0.14251328,0.07089781,0.9879576,0.050309896,0.031674396,0.056829344,0.009891687,0.0110216
empty_08,empty,train,0,30.774119900000002,1.0022811,0.07859942,0.99601245,0.011444819,0.01165167,0.018976396,0.008809234,0.011348739,0.0069108033,0.0053913593,0.02121967,0.008404416,0.99457145,0.9639564,0.114315115,1.004874,0.01576075,0.015797757,0.025529398,0.010870143,0.014143127,0.059167113,0.04760623,0.15063274,0.07429628,0.9862139,0.05225631,0.03303896,0.059167113,0.009839688,0.010870143
empty_08,empty,train,0,31.254119900000006,1.0026703,0.07940791,0.9967787,0.011401833,0.011609637,0.01907946,0.008819987,0.011375539,0.0078040957,0.0067727566,0.0223912,0.009308003,0.99370676,0.96569616,0.11444085,1.0038164,0.017390385,0.017516721,0.025888877,0.010941713,0.014197409,0.058132626,0.04275775,0.15609986,0.074858956,0.98698574,0.05032853,0.03296836,0.058132626,0.00988085,0.010941713
empty_08,empty,train,0,31.734119900000007,1.002263,0.07975284,0.99655235,0.011723444,0.011831248,0.019006368,0.009166932,0.011899987,0.00802592,0.0073542,0.020809114,0.009476383,0.9936231,0.96821845,0.112979196,1.0040994,0.016590837,0.016085187,0.025437905,0.010804185,0.013972588,0.059105806,0.03813851,0.16147405,0.07761679,0.985708,0.051079884,0.033565864,0.059105806,0.009985559,0.010804185
empty_08,empty,train,0,32.21411990000001,1.0021175,0.07985533,0.99705213,0.011699107,0.011597486,0.01788849,0.009091453,0.011801402,0.008146284,0.007845283,0.021103382,0.009645189,0.9934186,0.96886915,0.11233773,1.0059676,0.016483946,0.01627645,0.026069896,0.011140067,0.01441537,0.059039168,0.03572476,0.16624737,0.07876445,0.9844391,0.050892882,0.033592727,0.059039168,0.010115759,0.011140067
empty_08,empty,train,0,32.694119900000004,1.0021422,0.079652265,0.99728423,0.011661208,0.011201312,0.01854353,0.008929078,0.0117105665,0.00794254,0.0074957013,0.020939946,0.00946619,0.9935681,0.96997863,0.11080489,1.0079592,0.017377058,0.017129723,0.028475182,0.01157696,0.014881513,0.060710467,0.036960483,0.16883671,0.08077269,0.983345,0.05276793,0.034326505,0.060710467,0.010253019,0.01157696
empty_08,empty,train,0,33.17411990000001,1.0020595,0.07925801,0.9970081,0.011596205,0.011141788,0.018637298,0.008998583,0.011777963,0.007382378,0.006821394,0.021066189,0.008769575,0.99437666,0.9719831,0.1058632,1.008381,0.01837043,0.018299092,0.02945489,0.011378992,0.014655501,0.06670698,0.045217514,0.17189586,0.08629038,0.98008615,0.0593246,0.037044678,0.06670698,0.010188788,0.011378992
empty_08,empty,train,0,33.6541199,1.0018281,0.07968435,0.99767756,0.0114025995,0.010882637,0.018522711,0.008769716,0.011454648,0.007879451,0.007123232,0.020136416,0.009220305,0.99396193,0.972899,0.1019741,1.0058277,0.015693258,0.016480284,0.02362056,0.010943651,0.014037029,0.071443826,0.054239273,0.17709559,0.09068373,0.97526896,0.063564375,0.03966164,0.071443826,0.009856684,0.010943651
empty_08,empty,train,0,34.1341199,1.0013417,0.07958322,0.9979626,0.011674115,0.011296306,0.019198569,0.008910556,0.011642138,0.008213103,0.008019805,0.01953578,0.009402637,0.9936435,0.9746683,0.10058498,1.0042819,0.016297067,0.016283857,0.02429605,0.011019814,0.014094456,0.07492661,0.059590578,0.1772601,0.09315743,0.9724404,0.066713504,0.041569855,0.07492661,0.009965185,0.011019814
empty_08,empty,train,0,34.6141199,1.0009676,0.07994377,0.9953801,0.012142581,0.011942051,0.019990094,0.009248198,0.012036242,0.008010442,0.008567393,0.019942164,0.009222246,0.9941993,0.97355986,0.10134022,1.0034693,0.016856149,0.016879432,0.025879513,0.01108532,0.014292621,0.075651206,0.06315625,0.17039257,0.09223469,0.9714209,0.06764077,0.041830823,0.075651206,0.010166759,0.01108532
empty_08,empty,train,0,35.0941199,1.001231,0.07997039,0.9958366,0.012260955,0.011973958,0.020995831,0.009275469,0.012087458,0.007608773,0.008214712,0.018084645,0.008899613,0.9946621,0.97130585,0.1053277,1.0067886,0.017927065,0.017751727,0.027713338,0.011622124,0.014871619,0.07287597,0.06184542,0.15759784,0.08751863,0.974578,0.0652672,0.04024237,0.07287597,0.010448797,0.011622124
empty_08,empty,train,0,35.5741199,1.0014048,0.079355896,0.99678236,0.012217784,0.012209894,0.021153256,0.009369883,0.0121294195,0.006611853,0.006673157,0.016689241,0.0079312315,0.9956068,0.9702614,0.10757105,1.0040625,0.017833566,0.017638702,0.02880442,0.0115779005,0.014796076,0.07327975,0.06535083,0.14901811,0.08592632,0.97190785,0.0666679,0.039945804,0.07327975,0.010473892,0.0115779005
empty_08,empty,train,0,36.0541199,1.0016421,0.07951024,0.996982,0.011812588,0.011731701,0.02112263,0.0092347395,0.011957374,0.0061625233,0.005551219,0.017958283,0.0076201097,0.99608,0.9679157,0.11011511,1.0035505,0.017141435,0.017614141,0.02750188,0.011423753,0.01459993,0.070875905,0.06608659,0.1418308,0.08250541,0.97376496,0.06471338,0.038519215,0.070875905,0.0103292465,0.011423753
empty_08,empty,train,0,36.5341199,1.0023452,0.07928352,0.9968348,0.011480044,0.011394393,0.02004264,0.00904946,0.011675133,0.006212451,0.005638778,0.018985748,0.0075795967,0.9960141,0.96837,0.10911439,1.0010122,0.017298304,0.016948441,0.030091846,0.011071413,0.014003113,0.07141828,0.06425476,0.1451053,0.08338357,0.9740876,0.06520583,0.038815364,0.07141828,0.010060437,0.011071413
empty_08,empty,train,0,37.014119900000004,1.0025707,0.079328075,0.9968972,0.011586772,0.011465101,0.019555802,0.008969136,0.011569983,0.006381735,0.0056837797,0.018633902,0.007894249,0.9956573,0.9698308,0.107224315,1.0047704,0.01699374,0.016397161,0.02942906,0.0108303,0.013740004,0.07241177,0.062477946,0.15041012,0.08545792,0.9742311,0.06603003,0.03939675,0.07241177,0.009899718,0.0108303
empty_08,empty,train,0,37.49411990000001,1.0022461,0.080043525,0.9955768,0.01199309,0.011699655,0.019806981,0.009468613,0.012291522,0.00736399,0.0068168044,0.019037485,0.008965583,0.9945891,0.96950424,0.10659646,1.0050789,0.015939988,0.015543065,0.030217053,0.010631407,0.013655482,0.071332075,0.058650613,0.15515119,0.08518844,0.9768636,0.063968085,0.039348032,0.071332075,0.01005001,0.010631407
empty_08,empty,train,0,37.974119900000005,1.0014105,0.07969442,0.99539924,0.012596846,0.01245207,0.021972595,0.00982741,0.012729518,0.00786746,0.0073877573,0.019236684,0.009192904,0.9940288,0.97073424,0.105031796,1.0037401,0.014570377,0.014702565,0.029430356,0.010601383,0.013726555,0.07246157,0.058499217,0.16415149,0.08710965,0.97622293,0.064594105,0.040164515,0.07246157,0.010214396,0.010601383
empty_08,empty,train,0,38.4541199,1.0017723,0.08028386,0.9961904,0.012544648,0.01237286,0.02182991,0.009474637,0.012379578,0.008252737,0.007928133,0.020421028,0.009608061,0.9937747,0.9708281,0.10481496,1.0055379,0.013650408,0.013315365,0.028526315,0.0102755055,0.013378558,0.072748296,0.06024164,0.16715515,0.08753279,0.975204,0.064495556,0.040500518,0.072748296,0.009875071,0.0102755055
empty_08,empty,train,0,38.934119900000006,1.0012277,0.0802435,0.9947185,0.012509972,0.011917413,0.022138275,0.009392921,0.012284705,0.008910038,0.0090046525,0.02187401,0.010240117,0.99275565,0.9692338,0.105351,1.0056108,0.012951846,0.013445395,0.027580941,0.010095557,0.0131828645,0.072223976,0.061964393,0.16372967,0.086320736,0.9753546,0.06331394,0.040567007,0.072223976,0.009744239,0.010095557
empty_08,empty,train,0,39.4141199,1.0008174,0.080077454,0.9956429,0.012043726,0.011858702,0.020569159,0.009064829,0.011799896,0.0093283765,0.009923816,0.019840717,0.01061177,0.9920593,0.9688802,0.10657477,1.0054032,0.013765848,0.0135488985,0.027558235,0.010251966,0.013317507,0.070355475,0.057073593,0.16153884,0.08468618,0.9778368,0.0610271,0.039841928,0.070355475,0.009658398,0.010251966
empty_08,empty,train,0,39.8941199,1.0019146,0.07986285,0.99775344,0.011784872,0.011680108,0.021531213,0.008911124,0.01162641,0.009206103,0.008680344,0.021052897,0.010699978,0.9916582,0.96791345,0.1082527,1.006317,0.0149152,0.014610208,0.025928183,0.010330374,0.013319176,0.06894081,0.05714488,0.15519106,0.08268187,0.9789929,0.05973471,0.039073456,0.06894081,0.009620749,0.010330374
empty_08,empty,train,0,40.3741199,1.0009125,0.07930933,0.9961379,0.011960743,0.011659919,0.021679062,0.009136319,0.011853161,0.0092190895,0.009238899,0.021206796,0.01057799,0.9915916,0.9653686,0.11166398,1.005935,0.016126806,0.015151406,0.029097354,0.010279101,0.013217157,0.065377496,0.0541023,0.1451894,0.07804516,0.9823206,0.05615841,0.037298292,0.065377496,0.00970771,0.010279101
empty_08,empty,train,0,40.8541199,1.0009646,0.07957048,0.99760354,0.01207364,0.011875902,0.020872183,0.009284798,0.011989761,0.009107199,0.008868337,0.021747172,0.010466254,0.99194074,0.96220684,0.11833427,1.0034808,0.01899315,0.018149648,0.033270057,0.0105356965,0.013556606,0.05818851,0.045591235,0.13029641,0.069766566,0.98810995,0.04908131,0.033647854,0.05818851,0.009910247,0.0105356965
empty_08,empty,train,0,41.3341199,1.0020279,0.0792623,0.9969363,0.012403944,0.012069468,0.02313562,0.009239557,0.011952342,0.007827636,0.0070158243,0.023536444,0.0093593635,0.99349403,0.9592703,0.12293362,1.0055391,0.018309137,0.018083572,0.02883935,0.010365985,0.013461386,0.054325167,0.04510975,0.12080324,0.06432172,0.9894405,0.04649753,0.031076401,0.054325167,0.009802772,0.010365985
empty_08,empty,train,0,41.81411990000001,1.0017424,0.079209134,0.9957531,0.012735605,0.012554981,0.022052357,0.009498619,0.012297371,0.007261647,0.006513953,0.020285249,0.008760659,0.99436194,0.9576684,0.12544192,1.005344,0.016548308,0.016773824,0.027394991,0.010137085,0.013146296,0.051132414,0.042389393,0.11922139,0.06097624,0.99117655,0.04387077,0.02919703,0.051132414,0.009817852,0.010137085
empty_08,empty,train,0,42.294119900000005,1.0022846,0.07959571,0.9955513,0.012623553,0.01221953,0.020712972,0.009475863,0.01225142,0.0067138053,0.005731046,0.019393861,0.008250087,0.9953141,0.95891273,0.12380843,1.0054321,0.01889698,0.01834521,0.03047896,0.010270066,0.013349743,0.051892646,0.04166937,0.12716794,0.062955946,0.990936,0.04517884,0.029303225,0.051892646,0.009872964,0.010270066
empty_08,empty,train,0,42.774119899999995,1.0023507,0.079039685,0.9954984,0.012914425,0.012791352,0.020807313,0.00946202,0.012215602,0.0055960626,0.00496614,0.017964602,0.0070901373,0.99648106,0.964268,0.11592146,1.00583,0.02005617,0.018997245,0.033999607,0.009994611,0.013008961,0.059924867,0.047568798,0.14577705,0.07317657,0.98631424,0.054328803,0.032760464,0.059924867,0.009728316,0.009994611
empty_08,empty,train,0,43.2541199,1.002552,0.07894891,0.99819374,0.012646086,0.012667474,0.021090405,0.009398573,0.012163297,0.0055697267,0.0044773817,0.018130183,0.0069418815,0.9966274,0.96726996,0.11086422,1.0063119,0.018490927,0.018372895,0.032221735,0.0101029165,0.013080424,0.06492259,0.051705837,0.15896636,0.07945944,0.98285997,0.059352867,0.03524616,0.06492259,0.009750744,0.0101029165
empty_08,empty,train,0,43.73411989999999,1.0027804,0.07918082,0.99837166,0.011965314,0.011936117,0.021147536,0.008988569,0.011618691,0.0060090045,0.0047562122,0.020653486,0.007487927,0.99612117,0.9661829,0.109799854,1.0067511,0.017627962,0.016768284,0.030961234,0.009611422,0.012456464,0.06623291,0.055745482,0.16044116,0.08029482,0.98057455,0.060223907,0.03612096,0.06623291,0.009299995,0.009611422
empty_08,empty,train,0,44.21411989999999,1.0025916,0.078858204,0.9984742,0.01195205,0.011903794,0.02043492,0.008984504,0.011633506,0.00624885,0.005367875,0.018286228,0.0075956727,0.9957983,0.9663185,0.10971813,1.005824,0.017319595,0.01577445,0.033599187,0.009734738,0.012584068,0.06690444,0.05731964,0.1559298,0.080483705,0.98031807,0.06065559,0.036576644,0.06690444,0.0093596205,0.009734738
empty_08,empty,train,0,44.69411989999999,1.0029687,0.079183385,0.9981829,0.011998678,0.0117659755,0.019808294,0.009207574,0.011898793,0.00673524,0.005772352,0.02247864,0.008244411,0.9951678,0.95971715,0.11671024,1.004053,0.018159036,0.01642236,0.038108297,0.009785431,0.012682232,0.05941696,0.05316031,0.13871413,0.07072606,0.9851286,0.05268172,0.0330761,0.05941696,0.009496503,0.009785431
empty_08,empty,train,0,45.174119899999994,1.0024228,0.079725035,0.9968903,0.012009202,0.011652469,0.01965684,0.009225566,0.01193828,0.0073160646,0.007140994,0.021686614,0.008593875,0.994928,0.9623035,0.12195386,1.007659,0.024143772,0.022905383,0.04701425,0.010468986,0.0137265595,0.05300375,0.039756656,0.1301716,0.06606713,0.99113715,0.045687687,0.030159907,0.05300375,0.009847276,0.010468986
empty_08,empty,train,0,45.654119900000005,1.0024009,0.07981885,0.99626815,0.01206712,0.011382921,0.02119703,0.00934759,0.012144371,0.0071256775,0.0066970587,0.018494725,0.008354324,0.99531937,0.9631016,0.13025628,1.0067137,0.029243423,0.02748106,0.055535756,0.011871179,0.015645998,0.042076524,0.015564084,0.12414783,0.05937336,0.99363714,0.034950845,0.024601102,0.042076524,0.010609385,0.011871179
empty_08,empty,train,0,46.134119899999995,1.0026298,0.08011122,0.9972035,0.012328515,0.012299467,0.020875813,0.009378372,0.012189557,0.007073877,0.006620288,0.019888282,0.008149511,0.9958127,0.9635822,0.13864352,1.008998,0.02692947,0.025418889,0.047930792,0.012036619,0.01573298,0.036636468,0.013152957,0.12036878,0.054761022,0.9916469,0.02956259,0.021855172,0.036636468,0.010707496,0.012036619
empty_08,empty,train,0,46.614119900000006,1.0022784,0.080009244,0.9993403,0.0121807745,0.0119798025,0.021797074,0.009221491,0.012046647,0.006974003,0.006842494,0.01728046,0.007946996,0.995979,0.9638863,0.1447796,1.0096638,0.024492312,0.025391478,0.03825157,0.012207675,0.01590219,0.03673452,0.021706581,0.11623651,0.05259918,0.9890115,0.029760519,0.021854263,0.03673452,0.010714583,0.012207675
empty_08,empty,train,0,47.0941199,1.0024465,0.079655126,0.99762994,0.01193418,0.011367847,0.019323613,0.0091647245,0.011906208,0.006764145,0.006457567,0.017642915,0.00787077,0.9958661,0.95675343,0.14712344,1.0068966,0.021766262,0.020627527,0.03888355,0.011696924,0.015208282,0.02997879,0.014175832,0.1035701,0.04473931,0.99237716,0.023214644,0.018371467,0.02997879,0.010430824,0.011696924
empty_08,empty,train,0,47.57411990000001,1.0025914,0.07995468,1.0008667,0.012874698,0.012295486,0.021579908,0.009550059,0.012416604,0.0074810134,0.0068967342,0.020570695,0.008780528,0.99482775,0.9527596,0.14632381,1.0080476,0.020412868,0.019243153,0.032550726,0.010950496,0.014065578,0.026202625,0.006193638,0.095232725,0.040621527,0.9958508,0.01872161,0.01684182,0.026202625,0.010250278,0.010950496
empty_08,empty,train,0,48.0541199,1.0018859,0.080572076,0.9989374,0.012417927,0.011761006,0.019547615,0.009271855,0.012023552,0.008696892,0.008424044,0.020282924,0.01007225,0.99324715,0.9485444,0.14609341,1.0050282,0.018175498,0.01760976,0.029764352,0.010688458,0.013805224,0.026011093,0.011892676,0.08510965,0.037311908,0.9973553,0.0173142,0.017353993,0.026011093,0.009980156,0.010688458
empty_08,empty,train,0,48.53411990000001,1.0017699,0.08070563,0.99834096,0.012530518,0.01262882,0.019561213,0.009268768,0.01197493,0.009288747,0.009118676,0.021129131,0.010622135,0.99243,0.94863355,0.140719,1.0042686,0.017270692,0.017449463,0.02582115,0.010687234,0.013849459,0.031206429,0.019720197,0.09343159,0.041736964,0.99706554,0.021917682,0.020247588,0.031206429,0.009978001,0.010687234
empty_08,empty,train,0,49.014119900000004,1.0017083,0.0811565,0.9961336,0.012570192,0.0127618145,0.020128746,0.009384765,0.012194667,0.0097056925,0.009723425,0.023699522,0.011055779,0.9920533,0.9523627,0.1378121,1.0035024,0.019936686,0.018192803,0.033326052,0.011481519,0.014873336,0.033751458,0.017143011,0.10338497,0.046533953,0.99603236,0.024045765,0.021728575,0.033751458,0.010433142,0.011481519
empty_08,empty,train,0,49.49411990000001,1.0021399,0.08137388,0.9974799,0.012356166,0.011925402,0.02119392,0.0093613705,0.012070362,0.009430204,0.009584308,0.023818672,0.010827614,0.9926534,0.9533278,0.13579278,1.0018806,0.018709479,0.017130783,0.033582628,0.011219722,0.014502972,0.03565469,0.018523216,0.106030464,0.048783813,0.99570745,0.026224487,0.022542447,0.03565469,0.010290546,0.011219722
empty_08,empty,train,0,49.974119900000005,1.0023688,0.08104739,0.9996369,0.012629155,0.012367286,0.021015678,0.009227617,0.011871496,0.008829402,0.009074032,0.024849772,0.010059044,0.99367493,0.9540468,0.13723834,1.0038005,0.02050859,0.01967749,0.035823718,0.011456791,0.014739127,0.034016296,0.016062737,0.10718912,0.04803736,0.99573624,0.025186894,0.021422848,0.034016296,0.010342204,0.011456791
empty_08,empty,train,0,50.4541199,1.0027735,0.08100688,0.99825144,0.012157224,0.011397699,0.019220617,0.0087865,0.011394261,0.008375884,0.0084581375,0.022288501,0.009614675,0.99439234,0.9539222,0.14414315,1.0080968,0.023858743,0.025576789,0.03682175,0.011370939,0.014640903,0.027437933,0.004816413,0.10279858,0.043296803,0.99507177,0.01906205,0.017906908,0.027437933,0.01007872,0.011370939
empty_08,empty,train,0,50.934119900000006,1.0027263,0.08047156,0.99793416,0.012110525,0.011654433,0.01902665,0.008672898,0.011177008,0.007817329,0.0071926713,0.020686507,0.009259872,0.9945048,0.95026946,0.156341,1.0103323,0.023927607,0.02442924,0.042131532,0.010745855,0.013716714,0.023532929,0.014104605,0.089731574,0.03467993,0.99354774,0.015715599,0.01567513,0.023532929,0.009709377,0.010745855
empty_08,empty,train,0,51.4141199,1.0018631,0.07988222,0.9978201,0.011790451,0.011089257,0.019719642,0.008764589,0.011440533,0.007507227,0.0074979067,0.019964814,0.008813646,0.99469227,0.94955814,0.16243668,1.0086143,0.021419322,0.020842494,0.037567344,0.011427252,0.014665097,0.024626214,0.017957687,0.085995555,0.033817578,0.9909761,0.017118987,0.01606672,0.024626214,0.01009592,0.011427252
empty_08,empty,train,0,51.89411990000001,1.0018071,0.080156475,0.9972629,0.01185302,0.011952403,0.02059494,0.008940811,0.011714163,0.007550839,0.0074386597,0.018669248,0.0088562295,0.9948173,0.95599633,0.15968104,1.0104225,0.024494061,0.02453688,0.04260312,0.011813781,0.015297998,0.030581065,0.0234977,0.10169327,0.041756906,0.9872176,0.023030225,0.019065952,0.030581065,0.010377296,0.011813781
empty_08,empty,train,0,52.374119900000004,1.0023315,0.08009566,0.99792,0.01220126,0.01188014,0.02220217,0.009082328,0.011887006,0.006886545,0.0065660477,0.017615497,0.008223284,0.9956747,0.96288884,0.15516728,1.0097812,0.027850794,0.026370004,0.050334804,0.012418813,0.015893197,0.036260225,0.030249953,0.11673343,0.04965816,0.98449075,0.02937368,0.021573385,0.036260225,0.01075057,0.012418813
empty_08,empty,train,0,52.85411990000001,1.0026287,0.07919452,0.9986197,0.012597943,0.012272294,0.022173125,0.0091846185,0.011978339,0.005666386,0.0048832297,0.016226351,0.006836408,0.9968806,0.9675144,0.14836547,1.009151,0.026003769,0.025961393,0.044855125,0.013609629,0.01745709,0.040330816,0.029632688,0.12795031,0.056381974,0.9827559,0.03466443,0.022998601,0.040330816,0.011397123,0.013609629
empty_08,empty,train,0,53.334119900000005,1.003109,0.07900352,0.9980281,0.01222712,0.011658853,0.023450902,0.008816728,0.011499734,0.005157601,0.0043125153,0.014629722,0.0062571457,0.99749047,0.9738111,0.13544378,1.0070997,0.024887424,0.024849335,0.04529726,0.014024775,0.018148558,0.04655529,0.02645874,0.14969409,0.06731361,0.9819139,0.04139769,0.025856446,0.04655529,0.011420751,0.014024775
empty_08,empty,train,0,53.81411990000001,1.0033847,0.07874617,0.99704057,0.012125571,0.0117209125,0.020506492,0.009019445,0.011740214,0.004559265,0.0038451552,0.016268015,0.005748463,0.9979414,0.96890265,0.13593087,1.0100018,0.027651783,0.027914703,0.051870257,0.014282424,0.018471872,0.04154503,0.0179466,0.14308369,0.06244189,0.98545223,0.036985766,0.023052147,0.04154503,0.011650935,0.014282424
empty_08,empty,train,0,54.294119900000005,1.0026232,0.07839584,0.995572,0.012351212,0.011654004,0.022983216,0.009308731,0.012120672,0.004403114,0.003650546,0.014094472,0.0055101626,0.997881,0.95923656,0.14345737,1.0084653,0.03226642,0.03389859,0.053806182,0.014552717,0.019030605,0.0317247,0.01103127,0.1156888,0.049465504,0.9906145,0.027321585,0.018063907,0.0317247,0.011930725,0.014552717
empty_08,empty,train,0,54.774119899999995,1.0020233,0.079452135,0.9956644,0.012293424,0.011692915,0.022340806,0.0093886405,0.012271257,0.005548468,0.0051878095,0.014537811,0.0066763368,0.9971556,0.95338994,0.14409384,1.0073309,0.03108357,0.028690048,0.05595552,0.013823852,0.018117856,0.027099736,0.006502509,0.10423052,0.044206586,0.99299926,0.021551268,0.016324103,0.027099736,0.011606246,0.013823852
empty_08,empty,train,0,55.2541199,1.0016203,0.07971568,0.99623567,0.0124933105,0.012068003,0.021953084,0.009624009,0.0126079535,0.006075749,0.0056210756,0.015206337,0.007203215,0.9967119,0.94643736,0.15081893,1.0072614,0.025280619,0.02548875,0.040955827,0.013136573,0.017278455,0.021036997,0.005786121,0.0867272,0.034914367,0.9944246,0.014961248,0.013556373,0.021036997,0.011380291,0.013136573
empty_08,empty,train,0,55.73411989999999,1.0013145,0.07934906,0.99723005,0.0126236435,0.012526726,0.020550996,0.0095988875,0.012558454,0.0058125635,0.0048099756,0.01542455,0.0069484236,0.996819,0.945945,0.15364,1.0093211,0.022051802,0.022904843,0.03520366,0.012013724,0.015685348,0.019720698,0.0057793856,0.082763314,0.032624505,0.994702,0.013908135,0.01276663,0.019720698,0.010806305,0.012013724
empty_08,empty,train,0,56.21411989999999,1.0015856,0.0795147,0.998148,0.013090938,0.013045652,0.022317098,0.009984107,0.012981638,0.0060261656,0.0054945946,0.015480518,0.00715447,0.99665236,0.9457273,0.15063745,1.0089746,0.018111194,0.018335463,0.02937406,0.010848357,0.013974716,0.020373635,0.0051648617,0.0841614,0.033926282,0.99537814,0.014347469,0.0131999,0.020373635,0.010416232,0.010848357
empty_08,empty,train,0,56.69411989999999,1.0012842,0.07928779,0.99856895,0.013337584,0.0136530455,0.021022985,0.010202206,0.01323365,0.005943454,0.0054484606,0.015821338,0.007042603,0.9966798,0.94663244,0.14741756,1.004984,0.01442017,0.0140396925,0.02596127,0.010536159,0.013617604,0.023265278,0.009474397,0.083741784,0.036012042,0.9963107,0.017321825,0.014604365,0.023265278,0.010369183,0.010536159
empty_08,empty,train,0,57.174119899999994,1.0014949,0.07935312,0.99894327,0.013645954,0.013841993,0.022805972,0.010388221,0.013375344,0.005912161,0.0054579973,0.015759766,0.0069403443,0.99681586,0.94612235,0.14745143,1.0081123,0.01408174,0.013974047,0.024388056,0.010208504,0.013224783,0.023372453,0.011012375,0.08438027,0.035588887,0.9964928,0.017460292,0.014642307,0.023372453,0.010298362,0.010388221
empty_08,empty,train,0,57.654119900000005,1.0020725,0.07946848,0.99883735,0.013065967,0.01331887,0.02178162,0.010164204,0.013097716,0.0062588174,0.0061141253,0.015458286,0.007362761,0.99637115,0.94427925,0.14841995,1.0067462,0.013964734,0.013834473,0.023022069,0.010269778,0.013328202,0.022263395,0.009831905,0.078860104,0.0335965,0.9969249,0.016004577,0.014261106,0.022263395,0.0102169905,0.010269778
empty_08,empty,train,0,58.134119899999995,1.0023446,0.0796192,0.99897635,0.012749231,0.012651464,0.022036433,0.009813911,0.012641564,0.005903744,0.0053660274,0.015277505,0.007078217,0.9968114,0.9445086,0.14871214,1.0073494,0.0142353885,0.014102051,0.02306513,0.010376477,0.013510247,0.022026964,0.009123445,0.08065283,0.033591982,0.9967903,0.01612322,0.013965353,0.022026964,0.010095194,0.010376477
empty_08,empty,train,0,58.614119900000006,1.0025601,0.07985371,0.99795264,0.012475541,0.012268211,0.02224915,0.009539992,0.012199546,0.005847451,0.005230427,0.015405178,0.006871428,0.9972105,0.9440579,0.14788514,1.0068336,0.013907461,0.013094839,0.02510571,0.010267241,0.013598739,0.022998385,0.011759758,0.08095646,0.033846114,0.9969967,0.017150935,0.014422918,0.022998385,0.009903616,0.010267241
S01_stand_center,person,train,1,1.0357640999999997,1.0021197,0.05818568,0.9981894,0.013278895,0.013718429,0.019464463,0.009608812,0.012417242,0.022105562,0.021159887,0.044379592,0.024782179,0.9676889,0.8714183,0.24645744,1.0113755,0.020527467,0.021297267,0.029795319,0.01031635,0.013077722,0.061541,0.016951919,0.27194095,0.10117117,0.97759104,0.03943544,0.04182328,0.061541,0.009962581,0.01031635
S01_stand_center,person,train,1,1.5157640999999997,1.0013608,0.059750788,0.99873614,0.013291034,0.013275349,0.021519378,0.009795345,0.012747571,0.019730842,0.01742655,0.038098633,0.022192288,0.9759639,0.86857134,0.24766184,1.0125396,0.017531147,0.017015161,0.029257884,0.010576738,0.013411921,0.06269423,0.0195027,0.27130145,0.10271336,0.9798728,0.042963386,0.041212536,0.06269423,0.010186042,0.010576738
S01_stand_center,person,train,1,1.9957640999999997,1.0008523,0.06087851,1.000978,0.013077504,0.013349572,0.021078143,0.009581191,0.012465276,0.018255059,0.017547727,0.03710711,0.020831548,0.9789227,0.8707016,0.24490531,1.0106431,0.019422607,0.018500917,0.033525404,0.010580825,0.0134336455,0.060783412,0.017870605,0.2616369,0.099912256,0.97878146,0.042528354,0.039519235,0.060783412,0.010081008,0.010580825
S01_stand_center,person,train,1,2.4757640999999997,1.000551,0.060782164,1.000044,0.013087635,0.012326189,0.020957671,0.009802361,0.01275673,0.018564088,0.018162727,0.03883177,0.021191403,0.9776571,0.87496233,0.24013656,1.0100776,0.020521808,0.018401127,0.03510247,0.010445035,0.013296731,0.058514778,0.016528726,0.25058,0.095195495,0.9760566,0.03995069,0.038539432,0.058514778,0.010123698,0.010445035
S01_stand_center,person,train,1,2.9557640999999997,1.0004407,0.06022396,0.99934125,0.012779756,0.012001731,0.020247968,0.009535424,0.012466119,0.01924747,0.020081878,0.04020363,0.021931963,0.9759243,0.88262314,0.2320365,1.0096484,0.017773563,0.017218253,0.02862541,0.0103131,0.013084101,0.052963614,0.01613617,0.22865564,0.08544521,0.97545373,0.033716142,0.036105543,0.052963614,0.009924263,0.0103131
S01_stand_center,person,train,1,3.4357640999999997,1.0002785,0.059523206,0.99784714,0.012447152,0.012073371,0.020766312,0.009260927,0.012020411,0.020922702,0.020537198,0.04421097,0.023820104,0.9687142,0.8866788,0.22745904,1.0092739,0.014725441,0.014814049,0.021166606,0.01036129,0.013103112,0.051685225,0.02034223,0.21740851,0.0812062,0.9731238,0.030762523,0.036303964,0.051685225,0.009811109,0.01036129
S01_stand_center,person,train,1,3.9157640999999996,1.00049,0.058983922,0.99826396,0.011978662,0.011346256,0.020284865,0.009183884,0.01194231,0.021894423,0.022551358,0.046658754,0.024914043,0.9644729,0.8867283,0.22713758,1.0072438,0.015379533,0.015132647,0.02256127,0.010724982,0.013518583,0.051962677,0.021393538,0.2155664,0.08097093,0.9730896,0.030068254,0.03692855,0.051962677,0.009954433,0.010724982
S01_stand_center,person,train,1,4.395764099999999,1.0002294,0.059226036,0.9998588,0.011877096,0.011643265,0.020470593,0.008881789,0.011588778,0.022001538,0.021642208,0.046509862,0.025114495,0.9626764,0.8853405,0.227074,1.0075598,0.015475387,0.015017605,0.023342041,0.010539602,0.013320158,0.05221392,0.019981384,0.21403563,0.081387945,0.97360045,0.03021238,0.03710773,0.05221392,0.009710696,0.010539602
S01_stand_center,person,train,1,4.875764099999999,1.0001649,0.05912793,1.0007253,0.012096435,0.012262812,0.020449122,0.0090439245,0.011698489,0.022075707,0.022019207,0.046006918,0.02530943,0.96192104,0.88469666,0.2285769,1.0054914,0.016590172,0.016615503,0.02345461,0.010624327,0.013438102,0.055391178,0.025096774,0.21953061,0.084182106,0.9706674,0.033315472,0.03873344,0.055391178,0.009834126,0.010624327
S01_stand_center,person,train,1,5.3557641,0.9997821,0.05854134,1.0009859,0.012192928,0.012519095,0.020647572,0.009051713,0.011774391,0.022531567,0.02199471,0.044234633,0.02577816,0.9613142,0.88558066,0.23007604,1.0015262,0.017290624,0.017499965,0.022539565,0.010807028,0.0137334,0.056994624,0.026625752,0.22382519,0.08548011,0.9692206,0.034463055,0.039763097,0.056994624,0.00992937,0.010807028
S01_stand_center,person,train,1,5.8357641000000005,0.9994368,0.058300324,1.0009317,0.012144677,0.012369463,0.019990332,0.008882419,0.011539787,0.022950402,0.02305758,0.044397116,0.026062524,0.96064204,0.8856172,0.23081475,0.9995592,0.019899566,0.020027785,0.02945863,0.010708717,0.013657645,0.057335272,0.028583407,0.22748944,0.086516745,0.9680909,0.03438487,0.040142838,0.057335272,0.009795568,0.010708717
S01_stand_center,person,train,1,6.315764099999999,1.0001119,0.05824171,1.0002459,0.012179535,0.012055244,0.019943675,0.008736044,0.011386206,0.021897495,0.021689475,0.04192078,0.025067462,0.9662439,0.8843853,0.23504345,1.0023863,0.022803746,0.023099938,0.033785373,0.011291286,0.014356896,0.058260985,0.027745724,0.24027836,0.08969788,0.9691114,0.03636349,0.04007924,0.058260985,0.010013665,0.011291286
S01_stand_center,person,train,1,6.795764099999998,1.0005088,0.058063142,0.9991923,0.012190869,0.011985294,0.019986888,0.0086657535,0.011359564,0.021880938,0.020463586,0.042963088,0.024830168,0.96806556,0.87909615,0.24082705,1.0058228,0.02473711,0.023555558,0.03867693,0.011208098,0.0143345855,0.059245806,0.02187407,0.25564846,0.09501126,0.97264785,0.03736487,0.04056337,0.059245806,0.009936926,0.011208098
S01_stand_center,person,train,1,7.275764099999999,1.001231,0.058458626,0.9991035,0.012761337,0.013337453,0.021837039,0.008616582,0.011290008,0.02129225,0.019284725,0.043442786,0.024250494,0.96970785,0.8762817,0.24286969,1.010473,0.023054643,0.022528563,0.03763427,0.011090534,0.01419258,0.058341917,0.017448902,0.2643471,0.09658049,0.97587895,0.037049666,0.039817084,0.058341917,0.009853558,0.011090534
S01_stand_center,person,train,1,7.755764099999999,1.0020685,0.0589287,0.9983558,0.012090972,0.011776146,0.019944426,0.008713465,0.011429499,0.020924073,0.0202865,0.0442549,0.023751773,0.97072786,0.8743547,0.24473074,1.0099491,0.019049376,0.018367808,0.029917844,0.011409937,0.0146413455,0.059112616,0.01614356,0.27485898,0.09852099,0.97699946,0.038188543,0.040018342,0.059112616,0.010061702,0.011409937
S01_stand_center,person,train,1,8.235764099999997,1.0019697,0.059606716,0.99977875,0.011960358,0.011310014,0.020426393,0.008788809,0.011482098,0.020298045,0.020601273,0.041092515,0.023051532,0.97212577,0.8755005,0.2414573,1.0104376,0.017518349,0.01710372,0.028457493,0.010838813,0.013976631,0.057304356,0.014998078,0.27124506,0.09599434,0.97577685,0.03700631,0.0388012,0.057304356,0.009813812,0.010838813
S01_stand_center,person,train,1,8.715764099999998,1.0018514,0.060416378,0.9992702,0.011968208,0.011094245,0.020540178,0.008627048,0.011254101,0.019073896,0.0200392,0.042176962,0.021762643,0.9759081,0.8768956,0.24026994,1.0098414,0.016225256,0.016098289,0.026277632,0.010578625,0.013671285,0.05651719,0.014704227,0.26444808,0.09429762,0.97592247,0.037443295,0.037795544,0.05651719,0.009602836,0.010578625
S01_stand_center,person,train,1,9.195764099999996,1.0009587,0.0598341,0.999966,0.015239426,0.014976893,0.0266753,0.008969511,0.011662934,0.019323483,0.017442465,0.04233402,0.022154808,0.9759434,0.8804658,0.2347805,1.0074991,0.020111898,0.018950423,0.038977154,0.0112569975,0.014551534,0.054197773,0.01703453,0.24732986,0.089038394,0.97444814,0.03487429,0.03676063,0.054197773,0.010113254,0.0112569975
S01_stand_center,person,train,1,9.675764099999999,1.0008223,0.06000209,0.9976448,0.019224703,0.017005296,0.03933998,0.00917127,0.011911662,0.019534245,0.020411968,0.042343974,0.022138642,0.97551847,0.8814705,0.24240084,1.0180173,0.033570044,0.03400011,0.07053392,0.011903377,0.01575425,0.053262033,0.014509916,0.23249835,0.08993377,0.9837402,0.033727787,0.03639814,0.053262033,0.010537324,0.011903377
S01_stand_center,person,train,1,10.155764099999997,1.0013613,0.058128837,0.99771315,0.02169639,0.019791638,0.040945075,0.009477492,0.012298273,0.022336518,0.023395538,0.04480362,0.02530216,0.9649793,0.8883498,0.23644005,1.0142381,0.037415892,0.03475388,0.07039459,0.012815124,0.017027505,0.047896635,0.014909387,0.19402248,0.07902114,0.9891951,0.025560116,0.035116576,0.047896635,0.011146309,0.012815124
S01_stand_center,person,train,1,10.635764099999996,1.0008725,0.053767916,0.99877816,0.024753416,0.023251122,0.041489653,0.0101161385,0.013187018,0.028119918,0.02835071,0.056133866,0.03178843,0.9387021,0.8909636,0.23758657,1.0127974,0.04004578,0.039838735,0.06673227,0.014314851,0.018810887,0.04960357,0.02009499,0.18649581,0.07759917,0.9912574,0.021483652,0.038861744,0.04960357,0.012215495,0.014314851
S01_stand_center,person,train,1,11.115764099999996,1.0013398,0.054516673,1.0001105,0.02504517,0.025534227,0.041235555,0.010121372,0.013189452,0.030115036,0.033724308,0.058401346,0.03408506,0.9172791,0.8932447,0.273833,1.0325876,0.07052865,0.069883265,0.12406885,0.01564489,0.020575145,0.0895411,0.08295101,0.21177489,0.10813676,0.99278885,0.05942606,0.05982807,0.0895411,0.01288313,0.01564489
S01_stand_center,person,train,1,11.595764099999998,1.0009644,0.055808663,0.9985724,0.025540855,0.025995018,0.040305387,0.010030896,0.013168248,0.03110557,0.03148812,0.067574084,0.03544974,0.90170574,0.8968938,0.303195,1.0291681,0.08610594,0.087971926,0.14956853,0.01668118,0.021906404,0.11843615,0.118855834,0.24213049,0.13620041,0.989586,0.08733058,0.07477086,0.11843615,0.013356037,0.01668118
S01_stand_center,person,train,1,12.075764099999999,1.000674,0.054491546,0.99732625,0.024735183,0.025714906,0.040012863,0.009774354,0.012881347,0.033143196,0.03538853,0.07093513,0.03785415,0.8848976,0.8865775,0.32128564,1.0222044,0.07447993,0.07337136,0.14521149,0.0164703,0.021450719,0.1349965,0.13515937,0.28161988,0.15622574,0.988926,0.10185331,0.08406985,0.1349965,0.013122328,0.0164703
S01_stand_center,person,train,1,12.5557641,1.0019368,0.055722304,1.0004536,0.02143273,0.022328213,0.03381825,0.009579824,0.012632656,0.03445324,0.0344432,0.0781917,0.039533135,0.86584944,0.8823932,0.33265668,1.0138478,0.060873896,0.054167606,0.13193735,0.0155814,0.020552801,0.14710763,0.14866638,0.30008575,0.16867444,0.9874013,0.11265439,0.09078044,0.14710763,0.012580613,0.0155814
S01_stand_center,person,train,1,13.035764099999996,1.0025393,0.051998727,0.9997008,0.021723865,0.022026047,0.036269907,0.009200483,0.012219076,0.037092004,0.041837275,0.074789405,0.042359155,0.8481654,0.8719106,0.32125697,1.0122701,0.05612209,0.051152833,0.118322484,0.014166763,0.018581554,0.1351218,0.114557505,0.30009103,0.16032697,0.9899334,0.09802979,0.0861069,0.1351218,0.011683622,0.014166763
S01_stand_center,person,train,1,13.515764099999997,1.0039401,0.047086988,1.0007908,0.016245073,0.016934132,0.027629884,0.009209459,0.012161904,0.040138043,0.040203094,0.0951457,0.046285048,0.820965,0.8610045,0.30058274,1.0098774,0.0274671,0.027194912,0.047355305,0.012406594,0.016236566,0.1142334,0.0789026,0.29585046,0.14557473,0.9913023,0.07409535,0.07718572,0.1142334,0.010808026,0.012406594
S01_stand_center,person,train,1,13.995764099999997,1.0046251,0.045947205,1.0023762,0.013141278,0.012715041,0.025201017,0.009424927,0.012369904,0.04103897,0.03605473,0.102419436,0.04820449,0.800794,0.85745996,0.30281988,1.0079254,0.022670278,0.020118613,0.047296725,0.011309199,0.014547621,0.11604097,0.080231786,0.3023719,0.149285,0.9909797,0.075002,0.07853997,0.11604097,0.010367063,0.011309199
S01_stand_center,person,train,1,14.475764099999997,1.0039021,0.045901857,1.0011541,0.012694371,0.011872866,0.02377469,0.008985334,0.011789993,0.040366545,0.035479665,0.10194987,0.04741187,0.8113241,0.85480076,0.30885556,1.005991,0.016878448,0.016526908,0.027730398,0.011418089,0.0146453455,0.12136347,0.08265674,0.31444985,0.15594362,0.99051225,0.08099692,0.08086501,0.12136347,0.010201711,0.011418089
S01_stand_center,person,train,1,14.955764099999996,1.0037067,0.046299685,1.00035,0.0122704515,0.011414518,0.022710605,0.008962951,0.011745457,0.038703207,0.033102274,0.09966457,0.045486897,0.8347587,0.8550087,0.3055016,1.006001,0.016609099,0.015560327,0.029752556,0.010497572,0.013337906,0.11865039,0.08055633,0.3086992,0.1528166,0.9908469,0.07994719,0.0786768,0.11865039,0.009730261,0.010497572
S01_stand_center,person,train,1,15.435764099999998,1.0034477,0.04643869,1.0000799,0.012927758,0.012799892,0.022916116,0.008836588,0.011584465,0.038433727,0.0326218,0.09847164,0.04538299,0.8352894,0.85499036,0.30388406,1.0067245,0.016056666,0.015282612,0.028841753,0.0106307585,0.013515116,0.11719505,0.07723677,0.30712873,0.15138642,0.9909611,0.078761324,0.077814385,0.11719505,0.009733673,0.0106307585
S01_stand_center,person,train,1,15.915764099999997,1.0032253,0.04631869,0.99918795,0.014275188,0.014517251,0.025245562,0.008862855,0.011694535,0.039240293,0.034775555,0.09926158,0.046287876,0.82404804,0.8548838,0.30191335,1.0087476,0.015074746,0.015213353,0.026405508,0.010556182,0.013365905,0.115193814,0.072956204,0.30517614,0.14967659,0.99114037,0.07595352,0.07721706,0.115193814,0.009709518,0.010556182
S01_stand_center,person,train,1,16.395764099999997,1.0035919,0.04620533,1.0037426,0.014191702,0.014329486,0.024833411,0.008642898,0.011394796,0.0412971,0.037882686,0.104620755,0.04920032,0.7852853,0.85404307,0.30110323,1.0117266,0.014877075,0.014504682,0.025716709,0.011048494,0.014038559,0.11402381,0.07054353,0.30669683,0.14935058,0.99126035,0.07272671,0.07766046,0.11402381,0.009845696,0.011048494
S01_stand_center,person,train,1,16.875764099999998,1.0029109,0.04779787,0.999216,0.014273599,0.014930424,0.02379385,0.008741764,0.011569942,0.045781422,0.044160068,0.110446095,0.05354475,0.7181826,0.8559167,0.30017307,1.0137006,0.016505476,0.016521044,0.02515894,0.011837962,0.014921151,0.11280709,0.073906064,0.3028004,0.14764036,0.9912468,0.06702566,0.07929426,0.11280709,0.010289863,0.011837962
S01_stand_center,person,train,1,17.355764100000002,1.0024152,0.049448326,0.99962133,0.0135246115,0.013708182,0.022840671,0.008829727,0.01170173,0.049103126,0.04730898,0.11314678,0.05655709,0.67142063,0.8566223,0.30320656,1.012175,0.017820902,0.018019887,0.029137628,0.011999173,0.015215187,0.11557121,0.07461184,0.30531377,0.14995684,0.99114645,0.06646808,0.08233717,0.11557121,0.0104144495,0.011999173
S01_stand_center,person,train,1,17.8357641,1.0019333,0.048853435,0.99986756,0.013820341,0.013366616,0.023220493,0.008661925,0.011421582,0.049168684,0.048229933,0.11595327,0.05662154,0.67073524,0.85954136,0.30387402,1.0120928,0.01894177,0.018370481,0.030296842,0.012088308,0.015345414,0.11660797,0.07995045,0.3040599,0.1492028,0.9910848,0.06743929,0.08288833,0.11660797,0.010375116,0.012088308
S01_stand_center,person,train,1,18.3157641,1.001761,0.04865964,1.0006121,0.013654619,0.012928021,0.026300909,0.008853489,0.011661138,0.049271964,0.047887325,0.11570352,0.056599632,0.6711971,0.86026955,0.30574545,1.0117707,0.019362692,0.01936526,0.030556437,0.012031887,0.01522695,0.11888103,0.0858199,0.3034795,0.15054221,0.9910149,0.06960907,0.084076494,0.11888103,0.010442687,0.012031887
S01_stand_center,person,train,1,18.795764099999996,1.0020001,0.048122175,1.0025231,0.013149441,0.0134958085,0.022316506,0.008804599,0.011586538,0.04904804,0.04826665,0.1151219,0.05661085,0.6714341,0.8579016,0.30909428,1.0102102,0.017721854,0.016890995,0.030977061,0.01180302,0.0150386775,0.1221087,0.08848262,0.31081086,0.15463689,0.9907767,0.07306066,0.08557837,0.1221087,0.010303809,0.01180302
S01_stand_center,person,train,1,19.275764099999996,1.0023133,0.04890105,1.0007861,0.01333628,0.01342704,0.021305632,0.008573993,0.011301444,0.049047302,0.04886079,0.11310029,0.056680053,0.6698406,0.85750985,0.30426174,1.013788,0.01966601,0.018117849,0.036067978,0.011805661,0.015031457,0.117209814,0.079467714,0.30470365,0.15049404,0.9910413,0.068162516,0.08312856,0.117209814,0.0101898275,0.011805661
S01_stand_center,person,train,1,19.755764099999997,1.0023057,0.05102344,1.0031236,0.01346324,0.013783247,0.02093129,0.008382059,0.011069968,0.05222386,0.052042603,0.11778504,0.05966045,0.6246766,0.8571438,0.2985193,1.016047,0.019829366,0.019582001,0.032190904,0.011909056,0.015180857,0.11165241,0.070979536,0.29572266,0.14555766,0.9914278,0.05942855,0.08193813,0.11165241,0.010145558,0.011909056
S01_stand_center,person,train,1,20.235764099999997,1.0012295,0.053670242,1.0021209,0.013344753,0.013899501,0.021970216,0.0083793765,0.011051472,0.054746736,0.05447197,0.115317464,0.06144409,0.6013657,0.8597336,0.28976938,1.0238923,0.022632722,0.023116771,0.037547357,0.012060903,0.015353437,0.10280396,0.060338974,0.28047308,0.13664961,0.99181914,0.048057225,0.07877535,0.10280396,0.01022014,0.012060903
S01_stand_center,person,train,1,20.715764099999998,1.0005848,0.055332772,0.99935174,0.013709078,0.013646917,0.023990046,0.008623388,0.011357253,0.05375609,0.053588033,0.108716905,0.059950773,0.62639207,0.8698492,0.26928774,1.0178639,0.035917863,0.03496457,0.0643545,0.012598748,0.016026516,0.08180796,0.040750504,0.24069706,0.11409425,0.9921679,0.028051872,0.06778203,0.08180796,0.010611068,0.012598748
S01_stand_center,person,train,1,21.195764099999998,1.0000472,0.05603481,1.000048,0.014452905,0.014731316,0.029231066,0.008799771,0.0115405815,0.050943714,0.051457345,0.099007726,0.056409188,0.6760971,0.8803352,0.24889842,1.0114499,0.04079396,0.043658175,0.066970736,0.012853998,0.016322166,0.060648605,0.022663355,0.20099556,0.09190598,0.9918561,0.009704892,0.05579616,0.060648605,0.010826884,0.012853998
S01_stand_center,person,train,1,21.675764099999995,0.9991858,0.056649458,1.0006708,0.016324177,0.015394425,0.02776391,0.008872583,0.011605268,0.044143587,0.04437524,0.08327448,0.048598208,0.7721387,0.88839805,0.23155308,1.0087357,0.03627217,0.03867178,0.058736727,0.013170855,0.01664403,0.04355397,0.007720232,0.17274314,0.074897304,0.9896067,0.0005896166,0.04384878,0.044143587,0.011021718,0.013170855
S01_stand_center,person,train,1,22.155764099999995,0.99906623,0.05776772,1.0007133,0.015019816,0.014630977,0.024657924,0.009029471,0.01180539,0.03749752,0.03890395,0.06841993,0.041110147,0.8480098,0.89314264,0.21967624,1.0081372,0.02370639,0.02488123,0.034424428,0.013336429,0.016962333,0.039577924,0.013251185,0.15379483,0.064585134,0.9874804,0.0020804033,0.038537722,0.039577924,0.011182951,0.013336429
S01_stand_center,person,train,1,22.635764099999996,0.99864054,0.05877859,1.0018963,0.013552303,0.013464307,0.02091864,0.008946661,0.011626629,0.032492686,0.033753753,0.05734563,0.035448927,0.8951885,0.89268225,0.21646795,1.0075771,0.019386154,0.020120729,0.029700661,0.012505141,0.015968958,0.04288936,0.021072745,0.15427068,0.064882904,0.98353267,0.010396674,0.037691023,0.04288936,0.0107259005,0.012505141
S01_stand_center,person,train,1,23.115764099999996,0.99877965,0.0597683,0.998049,0.012035194,0.011599311,0.019583765,0.008773628,0.011402168,0.027954012,0.02910328,0.051246226,0.030598281,0.92827207,0.88860786,0.22222854,1.010615,0.021383895,0.022217646,0.032623403,0.012633926,0.016138611,0.046169594,0.01988542,0.16883719,0.071098946,0.98357606,0.018215582,0.037061803,0.046169594,0.010703777,0.012633926
S01_stand_center,person,train,1,23.595764099999997,0.99889374,0.060181864,1.0006238,0.012190182,0.011417307,0.01915498,0.008958331,0.011636624,0.026122753,0.026978076,0.04747969,0.028557131,0.9403719,0.88312954,0.22820516,1.0137762,0.022595633,0.02308371,0.03406314,0.013496335,0.01783892,0.050378215,0.018043637,0.17954975,0.07819002,0.98403794,0.024255462,0.038250484,0.050378215,0.011227333,0.013496335
S01_stand_center,person,train,1,24.0757641,0.9985146,0.06067598,1.0011423,0.012135847,0.011308943,0.02144987,0.00900028,0.011672059,0.024398068,0.02563101,0.0439291,0.026544984,0.95140505,0.87877256,0.22946678,1.0116267,0.020391166,0.020699058,0.03142534,0.012698767,0.017010488,0.05439242,0.023654401,0.18974656,0.083101995,0.98102266,0.029994352,0.039395243,0.05439242,0.010849523,0.012698767
S01_stand_center,person,train,1,24.5557641,0.99907607,0.061323665,1.0004557,0.011800823,0.011202227,0.020872254,0.008879883,0.011528623,0.02251356,0.023814082,0.040813625,0.024544485,0.9603557,0.87581605,0.23586231,1.0116458,0.018270092,0.018236505,0.02794186,0.013265776,0.017578015,0.05653008,0.020091176,0.20098948,0.088740095,0.98238426,0.03401652,0.03952182,0.05653008,0.011072829,0.013265776
S01_stand_center,person,train,1,25.0357641,0.99929255,0.06175385,1.0013647,0.012371064,0.012026556,0.020014515,0.008863408,0.011526935,0.020399053,0.02132219,0.036367774,0.022383168,0.96992743,0.8721084,0.24119592,1.0095036,0.02001102,0.019527044,0.031168379,0.01251074,0.016758734,0.059467413,0.018283367,0.21646878,0.094907336,0.982133,0.03906836,0.039933234,0.059467413,0.010687074,0.01251074
S01_stand_center,person,train,1,25.5157641,0.9998796,0.06168693,1.000778,0.013063431,0.01273001,0.023545658,0.008756081,0.011396824,0.018449645,0.018320203,0.03708279,0.02082429,0.9769711,0.8651842,0.25159216,1.010962,0.025691837,0.019999666,0.05206587,0.010989529,0.014098603,0.06573241,0.019813776,0.24370435,0.10654269,0.9824512,0.047282767,0.042091027,0.06573241,0.009872805,0.010989529
S01_stand_center,person,train,1,25.995764100000002,1.0008223,0.061436336,0.9998176,0.013197864,0.013079471,0.022669597,0.008569445,0.01120828,0.017532337,0.017044902,0.03788376,0.019932818,0.98123,0.855057,0.2672089,1.0141375,0.028944934,0.020904051,0.060368333,0.010913085,0.013964486,0.07691144,0.018797636,0.28020728,0.124082826,0.98312163,0.059379105,0.04722189,0.07691144,0.009741265,0.010913085
S01_stand_center,person,train,1,26.475764099999992,1.0015649,0.061872646,0.99916214,0.012559883,0.012874502,0.02004153,0.008470527,0.011103745,0.017745828,0.018669605,0.03782344,0.020033235,0.97947496,0.8409326,0.28615105,1.0126349,0.028741682,0.020859003,0.06534616,0.010051193,0.012889432,0.092793874,0.028163373,0.32897708,0.14717786,0.9827125,0.075048044,0.055269852,0.092793874,0.009260859,0.010051193
S01_stand_center,person,train,1,26.955764099999996,1.0026429,0.062226903,0.9988105,0.011930925,0.012285902,0.021019703,0.008520642,0.0112097515,0.018141678,0.019615293,0.03818834,0.020657368,0.975902,0.83288,0.2967868,1.012414,0.022266673,0.018556047,0.047770664,0.01032931,0.013260468,0.10181825,0.031180501,0.36030433,0.16047645,0.9819155,0.08367657,0.059979964,0.10181825,0.009424976,0.01032931
S01_stand_center,person,train,1,27.435764099999997,1.0026145,0.062133618,0.99898833,0.011709042,0.011441817,0.019726219,0.008530395,0.011311126,0.0177315,0.018757641,0.0405581,0.020421814,0.9771598,0.83265674,0.2952234,1.0108656,0.022623809,0.018895453,0.046029337,0.010186198,0.013041209,0.10074724,0.031106472,0.35938954,0.15958221,0.98132944,0.08301574,0.059239373,0.10074724,0.009358296,0.010186198
S01_stand_center,person,train,1,27.915764099999997,1.0023853,0.062099073,0.99792296,0.012515742,0.012795108,0.021924494,0.008467123,0.011173991,0.017611189,0.018866658,0.037351847,0.019803828,0.97984517,0.83772635,0.28880787,1.0109878,0.02593678,0.02115125,0.058574155,0.01038983,0.013296698,0.094708085,0.025409698,0.34352076,0.15182672,0.98064595,0.077096894,0.056159638,0.094708085,0.009428477,0.01038983
S01_stand_center,person,train,1,28.395764099999997,1.0018517,0.06119662,0.9990023,0.013422216,0.013085817,0.029548537,0.0087737255,0.011548123,0.017707992,0.016587615,0.04230529,0.020112196,0.98103225,0.847702,0.27411827,1.013146,0.023544978,0.017543348,0.055210512,0.010405212,0.013248656,0.08276481,0.023994565,0.30435932,0.13440983,0.98122996,0.065056816,0.050236404,0.08276481,0.009589469,0.010405212
S01_stand_center,person,train,1,28.875764099999998,1.0005357,0.06059923,0.99846137,0.013153694,0.0126226675,0.025040712,0.008941876,0.011806207,0.018611593,0.01853472,0.041709125,0.021197714,0.978182,0.8557757,0.26138145,1.0097231,0.017285185,0.01496076,0.034320574,0.010087591,0.012862998,0.07369154,0.022147536,0.27130282,0.119738944,0.9817768,0.055079944,0.046151567,0.07369154,0.009514733,0.010087591
S01_stand_center,person,train,1,29.3557641,1.0000722,0.060600974,1.001759,0.012374357,0.011499322,0.021267826,0.00897347,0.011801082,0.01939418,0.020541668,0.041355133,0.022095785,0.97413063,0.85582566,0.26051208,1.0087279,0.017740551,0.016253838,0.03476292,0.010482108,0.013433759,0.07422299,0.023646295,0.2712183,0.1194045,0.98086894,0.054828808,0.046808586,0.07422299,0.009727789,0.010482108
S01_stand_center,person,train,1,29.835764099999995,1.0000054,0.060776066,1.0024542,0.0125738,0.011763088,0.021752795,0.00903141,0.0118132485,0.019164108,0.020465136,0.039477944,0.02176499,0.9752081,0.8545256,0.2609922,1.0079052,0.018376352,0.016337207,0.033804152,0.010637339,0.0135882795,0.07607105,0.025192857,0.2710543,0.12079952,0.980202,0.05690694,0.047617577,0.07607105,0.009834375,0.010637339
S01_stand_center,person,train,1,30.315764100000003,1.0003089,0.060631882,1.0006121,0.012661858,0.011703565,0.021777717,0.008831046,0.011586168,0.019077221,0.020063758,0.038717806,0.02157246,0.9764226,0.85344815,0.26074192,1.0077819,0.018783478,0.01697185,0.0353332,0.010984717,0.014004798,0.0775343,0.029591084,0.27070516,0.121733606,0.97896546,0.058457084,0.04830576,0.0775343,0.009907881,0.010984717
S01_stand_center,person,train,1,30.7957641,1.0006995,0.06087984,0.9993095,0.011871831,0.01153152,0.020230422,0.008483809,0.01105532,0.01829049,0.018026471,0.038060844,0.02079027,0.9791406,0.8528462,0.26212138,1.0089389,0.019198371,0.019080658,0.03102403,0.011337643,0.014391509,0.07952403,0.03280568,0.27929157,0.12426897,0.97585785,0.061233543,0.04890726,0.07952403,0.009910726,0.011337643
S01_stand_center,person,train,1,31.275764099999996,1.0008454,0.06063585,0.9989155,0.012679373,0.012584548,0.022538075,0.008422561,0.011002096,0.018115766,0.017535806,0.03838259,0.020736363,0.9800819,0.8529198,0.26231825,1.0096027,0.019583067,0.019965196,0.031681992,0.011072399,0.014049695,0.07854317,0.029914498,0.28099608,0.12408105,0.9766406,0.060427405,0.04832947,0.07854317,0.00974748,0.011072399
S01_stand_center,person,train,1,31.755764099999997,1.0005612,0.060521398,0.99941933,0.013160882,0.01379573,0.02411037,0.008482123,0.011057044,0.0181242,0.017687201,0.03628975,0.02056045,0.9812937,0.8518774,0.2645973,1.0080862,0.021511665,0.021868706,0.03312157,0.010848678,0.013719004,0.07840022,0.024786234,0.28655106,0.12587377,0.9780658,0.060276017,0.04826221,0.07840022,0.0096654,0.010848678
S01_stand_center,person,train,1,32.23576409999999,1.0008771,0.061238006,0.9974403,0.012601775,0.0125136655,0.022648713,0.008528286,0.011119429,0.017535862,0.017807364,0.038626194,0.01990978,0.98188955,0.8513907,0.26701653,1.0079666,0.021276714,0.022293668,0.03267723,0.011129585,0.014075076,0.07882645,0.02289188,0.2908459,0.12768455,0.9788592,0.06129059,0.048181154,0.07882645,0.009828935,0.011129585
S01_stand_center,person,train,1,32.715764099999994,1.0011106,0.061198924,0.997483,0.012511362,0.011995476,0.021660354,0.009008934,0.011711417,0.017935796,0.019063354,0.0406996,0.020372491,0.9799626,0.849494,0.27254885,1.0082511,0.019117035,0.018593328,0.031759597,0.012422136,0.015889239,0.0804343,0.016986549,0.2973916,0.13203187,0.9815502,0.062498502,0.04918505,0.0804343,0.010715535,0.012422136
S01_stand_center,person,train,1,33.19576409999999,1.0013801,0.061281845,0.999543,0.012419464,0.011995102,0.018887796,0.009147849,0.01184554,0.01797232,0.019030929,0.03970647,0.020350814,0.9797799,0.84885913,0.27705032,1.0093298,0.020550955,0.019731848,0.036467638,0.013627012,0.017478762,0.082648486,0.017222524,0.3041055,0.13555196,0.98245496,0.064676166,0.050310403,0.082648486,0.01138743,0.013627012
S01_stand_center,person,train,1,33.67576409999999,1.0016186,0.062105622,0.9998486,0.012823237,0.012108924,0.021007324,0.009127877,0.011893454,0.017206844,0.018123329,0.039345622,0.019639658,0.9804939,0.847353,0.28203717,1.0092728,0.024018312,0.022385944,0.042464145,0.014000138,0.017876297,0.086419374,0.017173767,0.31521392,0.1401996,0.98279864,0.069212526,0.05181311,0.086419374,0.011564007,0.014000138
S01_stand_center,person,train,1,34.15576409999999,1.0023779,0.06325697,0.99899405,0.0133598475,0.01253524,0.02600274,0.009561216,0.012463669,0.017124541,0.018359125,0.037861943,0.01974727,0.9771817,0.8402596,0.293613,1.0116184,0.026144061,0.021983756,0.05260309,0.013862358,0.01772948,0.09547484,0.024147987,0.34932745,0.1536421,0.9820895,0.0783503,0.05629969,0.09547484,0.011711787,0.013862358
S01_stand_center,person,train,1,34.63576409999999,1.0025382,0.06476374,0.9986378,0.012891446,0.012465675,0.025637632,0.009420342,0.012307703,0.016460424,0.016815066,0.039097905,0.01909541,0.97655207,0.8358771,0.29756075,1.0116884,0.02381619,0.021800872,0.04401256,0.012837454,0.016478933,0.09911471,0.025084734,0.3627814,0.15965986,0.9809226,0.08265428,0.057787567,0.09911471,0.011128898,0.012837454
S01_stand_center,person,train,1,35.1157641,1.0028998,0.06578518,0.999973,0.012179898,0.0122031495,0.020992432,0.009204417,0.012099165,0.016236672,0.015656888,0.04246795,0.0189199,0.9754006,0.83116007,0.3028497,1.0137922,0.021356696,0.020109875,0.037141133,0.012356913,0.015613668,0.104038455,0.027607024,0.37204504,0.16658267,0.98084664,0.087801784,0.060137562,0.104038455,0.010780664,0.012356913
S01_stand_center,person,train,1,35.59576409999999,1.0029565,0.06591652,0.9974228,0.012487592,0.01254004,0.021220304,0.009397228,0.012361377,0.01698323,0.016788006,0.04349339,0.01969833,0.9721995,0.824744,0.31103966,1.0160742,0.022289129,0.019322833,0.044052128,0.012286378,0.015492257,0.11070313,0.027025938,0.3967079,0.17701273,0.9800736,0.0937199,0.06384318,0.11070313,0.010841804,0.012286378
S01_stand_center,person,train,1,36.075764099999994,1.0025293,0.06600371,1.0011752,0.013151746,0.012842905,0.021285797,0.009117005,0.0119848605,0.018116208,0.017918408,0.050283432,0.02154546,0.96441966,0.8228301,0.31687608,1.0169413,0.025722751,0.022019552,0.0593625,0.012625063,0.015878582,0.11518881,0.02660644,0.4144016,0.18286341,0.9796923,0.0970726,0.06665251,0.11518881,0.010871034,0.012625063
S01_stand_center,person,train,1,36.5557641,1.0016613,0.067886025,0.9981136,0.014726836,0.014101308,0.024153335,0.009273884,0.012203184,0.019518139,0.01743275,0.057134926,0.02382824,0.95197886,0.8200578,0.3235223,1.0179633,0.023614667,0.021051541,0.053651433,0.012480137,0.01569829,0.12072959,0.02991283,0.43514198,0.18979603,0.9795691,0.10121145,0.070123866,0.12072959,0.01087701,0.012480137
S01_stand_center,person,train,1,37.035764099999994,1.0017873,0.06963125,0.995003,0.014231666,0.013800809,0.024390066,0.009282381,0.012247711,0.02100547,0.01742798,0.06566608,0.026417397,0.93846095,0.820507,0.32437736,1.0191162,0.023838133,0.022675535,0.041567285,0.011931493,0.015014248,0.12002291,0.029617906,0.4469042,0.1905851,0.978375,0.09901744,0.07051419,0.12002291,0.010606937,0.011931493
S01_stand_center,person,train,1,37.51576409999999,1.0015426,0.07099559,0.9981674,0.013060571,0.012438182,0.021032257,0.009137347,0.012075756,0.023481362,0.019024968,0.07701647,0.029524045,0.9221054,0.8208206,0.32489836,1.0205292,0.023722671,0.0225406,0.04033123,0.011727319,0.014913588,0.1211,0.032178283,0.4518024,0.19079354,0.9784943,0.09761864,0.07229068,0.1211,0.010432333,0.011727319
S01_stand_center,person,train,1,37.99576409999999,1.0009176,0.06942401,0.9987771,0.014325123,0.014185564,0.023534002,0.008975751,0.011847609,0.023923477,0.021099985,0.07632083,0.029825391,0.9205325,0.82175475,0.32285297,1.0210342,0.023222035,0.02308816,0.03547757,0.01133454,0.014513528,0.12016643,0.031939745,0.4466735,0.18832536,0.97948307,0.09624295,0.07204495,0.12016643,0.010155145,0.01133454
S01_stand_center,person,train,1,38.47576409999999,1.0016743,0.0658749,0.99554944,0.015367418,0.015176784,0.026465071,0.008842389,0.011666483,0.023212003,0.020816028,0.07297671,0.028351586,0.93078667,0.8231614,0.32037696,1.0195031,0.02220878,0.02284378,0.035915103,0.011139834,0.014359358,0.118449,0.03171146,0.43816364,0.1853387,0.9801527,0.095237,0.0708305,0.118449,0.009991111,0.011139834
S01_stand_center,person,train,1,38.95576409999999,1.0015366,0.062275674,0.99759847,0.016695991,0.016182067,0.027470326,0.008767277,0.011456839,0.022123449,0.0204494,0.061790466,0.026028315,0.94933844,0.829397,0.30948728,1.01645,0.033502843,0.027940543,0.09148226,0.011315404,0.014608512,0.109792516,0.028249502,0.4027897,0.17268273,0.981429,0.08766907,0.06595798,0.109792516,0.010041341,0.011315404
S01_stand_center,person,train,1,39.435764099999986,1.0015404,0.05763725,1.0022901,0.0186498,0.016775688,0.036924236,0.008712234,0.011363254,0.022615902,0.02443862,0.044861376,0.02556024,0.9652264,0.8394311,0.29292557,1.0150301,0.039049212,0.03039173,0.1153762,0.011904091,0.015533345,0.09622151,0.022837043,0.34843484,0.1532125,0.98316437,0.073605604,0.059418704,0.09622151,0.010308162,0.011904091
S01_stand_center,person,train,1,39.91576409999999,1.0015618,0.055280462,1.0027065,0.020428361,0.019476892,0.03713653,0.008599029,0.011291355,0.025909627,0.026855469,0.057540953,0.029979376,0.9457156,0.85134447,0.27323171,1.0122311,0.0354031,0.027336178,0.102207005,0.012367246,0.015985917,0.08040437,0.016266942,0.29087043,0.13045928,0.98432994,0.054494746,0.053156998,0.08040437,0.010483137,0.012367246
S01_stand_center,person,train,1,40.39576409999999,1.0013531,0.054742172,0.9990261,0.019319713,0.019053845,0.031938042,0.008419865,0.011116901,0.033045284,0.03320515,0.07211679,0.037426572,0.8878353,0.863368,0.25682247,1.014976,0.026500013,0.022451412,0.05808547,0.013309926,0.017095324,0.067577854,0.013268471,0.241283,0.109694235,0.9870425,0.03453257,0.05031157,0.067577854,0.010864895,0.013309926
S01_stand_center,person,train,1,40.87576409999999,1.0013797,0.05509913,1.002159,0.014426182,0.014314764,0.02345976,0.00839216,0.011178156,0.041713495,0.040903807,0.08470762,0.046655104,0.79443127,0.86765003,0.25996983,1.0115048,0.028247766,0.02835117,0.047096662,0.013643657,0.017450841,0.07080455,0.019764602,0.23371398,0.10840481,0.99023336,0.029091056,0.05625902,0.07080455,0.011017908,0.013643657
S01_stand_center,person,train,1,41.35576409999999,1.0012472,0.055744585,1.0017116,0.012534969,0.011932108,0.020786813,0.008214758,0.010943819,0.04859399,0.04779625,0.098347306,0.05416963,0.7045712,0.8697445,0.2689787,1.0169284,0.02821383,0.027468804,0.04925331,0.012997726,0.016517388,0.08165192,0.04066491,0.24026912,0.11403525,0.99181026,0.033057928,0.065122955,0.08165192,0.010606242,0.012997726
S01_stand_center,person,train,1,41.835764099999984,1.0010471,0.056695223,0.9962842,0.012374053,0.011603706,0.020990746,0.00815241,0.01086695,0.05296536,0.05256301,0.105146885,0.05886937,0.64372724,0.8714519,0.27355325,1.0216954,0.024603331,0.02354268,0.04212012,0.012798916,0.016171392,0.0871899,0.05327463,0.24492714,0.116904944,0.992215,0.034224536,0.07007763,0.0871899,0.0104756635,0.012798916
S01_stand_center,person,train,1,42.31576409999999,1.0007733,0.057105206,0.9981197,0.01176372,0.010797544,0.02128312,0.008268228,0.011026503,0.054842092,0.054807305,0.106827796,0.060933396,0.61613864,0.8699748,0.27903584,1.0215045,0.01962126,0.01889322,0.034572158,0.0119817965,0.0151822,0.09324218,0.061816692,0.25205407,0.122398585,0.992031,0.03840009,0.07404214,0.09324218,0.010125012,0.0119817965
S01_stand_center,person,train,1,42.79576409999998,1.0009081,0.05810702,1.0011088,0.010691809,0.0098825805,0.01771219,0.008050287,0.010739297,0.057844654,0.056366086,0.113686085,0.064186476,0.57258797,0.87153816,0.28100538,1.0174271,0.019391675,0.019079732,0.033597764,0.011156524,0.014110545,0.095634595,0.06895542,0.25335017,0.12339886,0.99199486,0.03778994,0.076739624,0.095634595,0.009603405,0.011156524
S01_stand_center,person,train,1,43.27576409999999,1.0007132,0.058803186,1.0006663,0.01084726,0.010557289,0.018721825,0.008079616,0.010814694,0.058899127,0.05854696,0.114881694,0.06541982,0.5571099,0.8687649,0.2860899,1.017735,0.021209465,0.020352734,0.04026093,0.011019067,0.014037114,0.09927722,0.06744695,0.26404825,0.12921111,0.9917087,0.040378094,0.079088174,0.09927722,0.009549342,0.011019067
S01_stand_center,person,train,1,43.75576409999998,1.0005335,0.058613535,0.9986158,0.011411047,0.011098634,0.020062665,0.0085268365,0.011338571,0.05978686,0.05934763,0.114183545,0.06623758,0.54443276,0.8663685,0.29281485,1.0159158,0.019467989,0.018326191,0.03742744,0.010856023,0.013799813,0.105141036,0.074425936,0.27969792,0.13633193,0.9913127,0.045354176,0.08246395,0.105141036,0.00969143,0.010856023
S01_stand_center,person,train,1,44.23576409999999,1.0005695,0.059121966,0.998414,0.011557658,0.010892329,0.020259,0.008781933,0.011633819,0.061594512,0.062094092,0.115353644,0.068107955,0.51851714,0.86446774,0.3010655,1.0183431,0.01582481,0.015344722,0.02699089,0.0109313475,0.013893807,0.11217525,0.0803622,0.29462472,0.14456157,0.9909938,0.050580736,0.08688488,0.11217525,0.00985664,0.0109313475
S01_stand_center,person,train,1,44.715764099999994,1.0005567,0.059176084,0.9988792,0.011910596,0.011837182,0.0212851,0.009099615,0.012035278,0.061950088,0.06251156,0.11585069,0.068575144,0.5116822,0.8624249,0.3024074,1.0171669,0.015573536,0.015287673,0.024730025,0.011633628,0.014862539,0.113570176,0.078803,0.30223063,0.14669207,0.99086946,0.05162009,0.087760136,0.113570176,0.010366621,0.011633628
S01_stand_center,person,train,1,45.19576409999999,1.0003811,0.05903439,0.9998712,0.012407666,0.01157132,0.021606797,0.009311531,0.012216636,0.06272548,0.06376636,0.117936194,0.06927356,0.50041586,0.8630774,0.30089477,1.0154674,0.015553013,0.015762761,0.023703827,0.011527247,0.014584032,0.11272858,0.07992065,0.30163282,0.14505365,0.9909126,0.050003104,0.087727025,0.11272858,0.010419389,0.011527247
S01_stand_center,person,train,1,45.675764099999995,1.0009283,0.059480805,1.0009557,0.012413895,0.01179643,0.020029487,0.00911781,0.012044668,0.06312956,0.063982606,0.120129704,0.06999701,0.4912374,0.8614701,0.3019188,1.016109,0.016197095,0.016225543,0.023721281,0.011550441,0.0147227915,0.11344332,0.079241514,0.30266973,0.14670552,0.9908263,0.050313763,0.088286445,0.11344332,0.010334126,0.011550441
S01_stand_center,person,train,1,46.1557641,1.0008669,0.059541054,0.99971247,0.012305947,0.011703887,0.020493992,0.00890863,0.011792448,0.063575946,0.06350535,0.12427986,0.070484795,0.4839992,0.86107343,0.29905048,1.0145184,0.016271632,0.016188538,0.026739039,0.011782893,0.014993856,0.11077027,0.07501495,0.298712,0.14440739,0.9907412,0.047194324,0.087173104,0.11077027,0.010345762,0.011782893
S01_stand_center,person,train,1,46.635764099999996,1.0004953,0.060107015,0.9985886,0.012367203,0.011949106,0.020075023,0.008787249,0.011548792,0.063515574,0.06325495,0.120590806,0.0702558,0.49044,0.86141175,0.29500514,1.016408,0.017645344,0.016801048,0.031273786,0.011784703,0.014983667,0.106338955,0.068874955,0.29214212,0.14076783,0.99064875,0.04282338,0.08492726,0.106338955,0.010285975,0.011784703
S01_stand_center,person,train,1,47.1157641,1.0001801,0.05990659,1.000051,0.01272413,0.012287367,0.021797154,0.008789148,0.011619244,0.061499346,0.06036055,0.11649901,0.068125196,0.5218175,0.86210775,0.29264924,1.0209483,0.01886683,0.018369095,0.033881497,0.013210581,0.016899915,0.10362502,0.06718862,0.2869753,0.13839427,0.9906689,0.042125676,0.082562186,0.10362502,0.010999864,0.013210581
S01_stand_center,person,train,1,47.5957641,0.99963343,0.060132965,1.0010928,0.012194588,0.011714577,0.021589704,0.0087245945,0.0115127545,0.0595575,0.059995532,0.11143577,0.065926984,0.55517465,0.86362755,0.28982824,1.0240253,0.020716928,0.021014296,0.034705188,0.015912537,0.020936338,0.101185665,0.06479722,0.28041652,0.13512954,0.990961,0.041628163,0.08037158,0.101185665,0.0123185655,0.015912537
S01_stand_center,person,train,1,48.075764099999994,0.99962896,0.060185943,0.9995825,0.011859058,0.011084145,0.020571956,0.008713768,0.011437134,0.058176104,0.059539914,0.10790706,0.06434776,0.57778955,0.86606586,0.29022235,1.0237417,0.021396965,0.021369716,0.032004535,0.016531948,0.02157207,0.10245938,0.070898294,0.27432364,0.13426875,0.991136,0.044283275,0.08031774,0.10245938,0.0126228575,0.016531948
S01_stand_center,person,train,1,48.5557641,0.9999817,0.06021312,1.0006161,0.011902916,0.010635869,0.02202106,0.008679876,0.011442269,0.057758044,0.05872166,0.10692096,0.06395458,0.58321625,0.8659633,0.29448986,1.024636,0.021328993,0.020909501,0.033571575,0.01641626,0.021463308,0.10644044,0.07452339,0.28075695,0.13807908,0.99105835,0.048682395,0.082099244,0.10644044,0.012548068,0.01641626
S01_stand_center,person,train,1,49.035764099999994,0.99936956,0.05964043,0.99910253,0.012146104,0.010948224,0.021240734,0.008554878,0.01123244,0.057078484,0.05753386,0.10858661,0.06288695,0.596455,0.86776084,0.28848365,1.0216163,0.02614042,0.0262994,0.05164434,0.015978042,0.020974614,0.10094877,0.06935829,0.26931477,0.13192879,0.9912656,0.04387029,0.07901363,0.10094877,0.01226646,0.015978042
S01_stand_center,person,train,1,49.5157641,0.99939334,0.058348052,0.99765617,0.014266844,0.01403966,0.023314163,0.008811912,0.011564081,0.053413212,0.05334258,0.1024729,0.058747277,0.64908993,0.8720856,0.28007224,1.0190744,0.026248556,0.026263604,0.05489306,0.01311167,0.016676191,0.09306976,0.06381428,0.2526859,0.12248719,0.99161667,0.03965655,0.07324149,0.09306976,0.010961791,0.01311167
S01_stand_center,person,train,1,49.995764099999995,0.99920696,0.057467204,0.99956626,0.015256086,0.015487127,0.023649873,0.00877617,0.011531558,0.049417745,0.04998225,0.09591544,0.05426788,0.7052576,0.87586236,0.27235064,1.0152885,0.025023326,0.023310075,0.05564164,0.012441776,0.015757324,0.08576357,0.061606646,0.23606238,0.114008635,0.9917218,0.03634583,0.06759066,0.08576357,0.010608973,0.012441776
S01_stand_center,person,train,1,50.4757641,0.9990333,0.056490622,1.0011188,0.01383045,0.013573848,0.023060936,0.009020381,0.0118184835,0.04506298,0.0455997,0.08739722,0.049442545,0.7627176,0.8806419,0.26383117,1.0121137,0.019272452,0.018282512,0.042217944,0.012289799,0.015580871,0.07746478,0.056176424,0.21472514,0.10432005,0.9920235,0.0324018,0.06126388,0.07746478,0.01065509,0.012289799
S01_stand_center,person,train,1,50.955764099999996,0.9993903,0.055973746,1.0000356,0.01243151,0.011928751,0.019660765,0.008966403,0.011733918,0.043225203,0.044008613,0.08413094,0.04760712,0.78358907,0.8832873,0.265785,1.0147595,0.016141564,0.015755976,0.023263833,0.011566051,0.014583304,0.07971769,0.058291435,0.2121867,0.10491943,0.991919,0.036492486,0.061471447,0.07971769,0.010266228,0.011566051
S01_stand_center,person,train,1,51.4357641,0.99965256,0.05606304,0.99999243,0.012591049,0.012446365,0.02042882,0.008780254,0.011501569,0.045242988,0.046203792,0.08891022,0.0499288,0.75688833,0.881925,0.26941264,1.0194143,0.015717465,0.0154671725,0.022222897,0.011060667,0.013979876,0.08339868,0.06378651,0.22038025,0.10879848,0.991682,0.03815569,0.06432083,0.08339868,0.009920461,0.011060667
S01_stand_center,person,train,1,51.91576409999999,0.99977887,0.05667419,0.99677664,0.012087179,0.011579558,0.020145485,0.008440699,0.011053405,0.04802775,0.04799795,0.09254241,0.052975494,0.72036964,0.8837568,0.26713994,1.0212289,0.018696817,0.017856102,0.031368904,0.011118082,0.013953683,0.0813908,0.062115192,0.21388572,0.10596255,0.9918225,0.033363048,0.064709276,0.0813908,0.009779391,0.011118082
S01_stand_center,person,train,1,52.39576409999999,1.0000317,0.05788101,0.9980727,0.010905491,0.0097499965,0.018124593,0.008104875,0.010638719,0.049308278,0.049676716,0.09425914,0.05449805,0.70236087,0.88644266,0.2652214,1.0218924,0.019785281,0.016908497,0.035213854,0.011133742,0.014224857,0.08022053,0.06387442,0.2064144,0.103112794,0.9919399,0.03091225,0.0647644,0.08022053,0.009619309,0.011133742
S01_stand_center,person,train,1,52.87576409999998,1.0000889,0.05888804,0.99772036,0.010793704,0.010012606,0.016976641,0.008209433,0.010745818,0.049163893,0.050439,0.09113693,0.054306366,0.70573753,0.88721615,0.26361287,1.0221635,0.019417921,0.01754227,0.033885337,0.01115217,0.014242524,0.07945278,0.06473684,0.20268244,0.10130699,0.9920806,0.03028889,0.06430834,0.07945278,0.009680802,0.01115217
S01_stand_center,person,train,1,53.35576409999998,0.9999538,0.059570014,0.9991397,0.010889559,0.01029864,0.018439734,0.008134515,0.010641169,0.04984615,0.051644385,0.09235954,0.05493426,0.6990556,0.88820094,0.26210245,1.0188767,0.01926864,0.018909154,0.02985454,0.011895491,0.015135986,0.078681126,0.06735623,0.19990122,0.09954721,0.99212897,0.028834976,0.06426364,0.078681126,0.010015003,0.011895491
S01_stand_center,person,train,1,53.83576409999998,1.0003269,0.05978847,1.0001079,0.011717264,0.010986852,0.022224933,0.008336558,0.011023769,0.050959043,0.05183983,0.09377378,0.05611399,0.68485326,0.88552797,0.26785472,1.018848,0.019667746,0.018817388,0.03137595,0.01172632,0.015012745,0.084586605,0.0730896,0.20972061,0.105910785,0.9917506,0.033627562,0.06777282,0.084586605,0.010031439,0.01172632
S01_stand_center,person,train,1,54.31576409999998,1.0005627,0.060198423,0.99931556,0.011869636,0.0107246535,0.020729994,0.008396644,0.0111060105,0.052394725,0.053257108,0.09610182,0.057677794,0.66609424,0.8813825,0.27564618,1.0199176,0.016608648,0.016853126,0.024245748,0.011529344,0.0145633565,0.092017464,0.08110726,0.2285924,0.114747755,0.9912383,0.03962274,0.072206095,0.092017464,0.009962995,0.011529344
S01_stand_center,person,train,1,54.79576409999998,1.0002769,0.059819896,0.99633676,0.012107235,0.011010768,0.020639606,0.008323826,0.011109371,0.052415777,0.05372435,0.09318191,0.057577834,0.6666857,0.8802252,0.2832447,1.0205711,0.021576203,0.02084614,0.03727877,0.0124222925,0.015872084,0.098518275,0.08508158,0.24065372,0.122321434,0.99050546,0.046102498,0.07546703,0.098518275,0.01037306,0.0124222925
S01_stand_center,person,train,1,55.27576409999999,1.000426,0.05875087,0.9994825,0.013429444,0.013072328,0.02125834,0.008478578,0.0113363555,0.049657296,0.049118757,0.08889556,0.054657698,0.7011903,0.8862611,0.28153574,1.0183337,0.027477888,0.024892565,0.051183395,0.012712276,0.016218456,0.09705006,0.08734214,0.22835359,0.11879072,0.98991215,0.047392767,0.07335368,0.09705006,0.010595427,0.012712276
S01_stand_center,person,train,1,55.75576409999998,1.0001619,0.058128312,1.0022131,0.013128209,0.012316692,0.022598198,0.008588528,0.011410137,0.0464991,0.046658218,0.08444774,0.05119676,0.7419035,0.8889596,0.28116238,1.019884,0.029198848,0.027141701,0.05467656,0.014125435,0.018351302,0.097025834,0.08996093,0.22363383,0.11762228,0.9897008,0.050526734,0.071762465,0.097025834,0.0113569815,0.014125435
S01_stand_center,person,train,1,56.235764099999976,0.9997561,0.057407063,1.0000911,0.0123097,0.011813302,0.020992117,0.008973805,0.011865408,0.044633366,0.04517013,0.079560995,0.04905959,0.7663549,0.8914128,0.28306744,1.022587,0.03017192,0.028013855,0.05439002,0.015653227,0.020116393,0.098944075,0.09271884,0.22098523,0.1186985,0.9894768,0.05431071,0.07178872,0.098944075,0.012313516,0.015653227
S01_stand_center,person,train,1,56.71576409999999,0.999645,0.057500225,0.999493,0.012291635,0.011460883,0.022454647,0.0092238765,0.012078057,0.044636883,0.044870794,0.08015013,0.049037095,0.7666407,0.89328814,0.28503305,1.0196888,0.028343746,0.027548192,0.049192432,0.0154826185,0.019859679,0.10142505,0.0987829,0.22189373,0.1202925,0.98871,0.05678817,0.07303096,0.10142505,0.012353247,0.0154826185
S01_stand_center,person,train,1,57.19576409999998,0.99963474,0.058366586,1.0002676,0.0126893055,0.012019691,0.02342504,0.009310887,0.012149523,0.04779567,0.048656464,0.08278376,0.052344404,0.72888315,0.88791174,0.29100168,1.0226383,0.02685599,0.027332013,0.0457813,0.015596422,0.019999221,0.10634644,0.0989027,0.23848853,0.12719962,0.9893464,0.058550775,0.077071056,0.10634644,0.012453655,0.015596422
S01_stand_center,person,train,1,57.67576409999999,0.9999215,0.058380008,1.000056,0.012493493,0.011797205,0.022574285,0.009073497,0.011897076,0.047806464,0.04790932,0.08299035,0.052408963,0.7279958,0.8845494,0.28584987,1.0242379,0.030380249,0.02949565,0.053059645,0.014538206,0.018482951,0.10025664,0.08906698,0.24063146,0.12317019,0.99031526,0.052450173,0.07403155,0.10025664,0.011805851,0.014538206
S01_stand_center,person,train,1,58.1557641,0.9997923,0.05768476,1.0004325,0.0144701395,0.014445305,0.025842946,0.008815332,0.011597799,0.044602893,0.045006752,0.08050758,0.049001236,0.76693016,0.8775945,0.27826285,1.0218602,0.03399547,0.031371612,0.073129155,0.013254617,0.016826574,0.09127082,0.07080054,0.24542713,0.11867968,0.99113524,0.046667926,0.06793685,0.09127082,0.011034975,0.013254617
S01_stand_center,person,train,1,58.63576409999999,0.9998203,0.056358207,1.0001677,0.018301891,0.01853382,0.027992502,0.009026741,0.011963087,0.038287394,0.037839413,0.07252079,0.0422073,0.8394461,0.8691931,0.27396148,1.0170916,0.035077546,0.03230144,0.07522037,0.013131706,0.016753988,0.08366207,0.04463041,0.25882894,0.11923516,0.9900287,0.045374677,0.060974732,0.08366207,0.011079224,0.013131706
S01_sit_center,person,train,1,1.0087350999999998,0.99798995,0.09146231,1.006639,0.011858679,0.010787031,0.020195764,0.009200948,0.01191337,0.014027078,0.010407329,0.052412033,0.018812846,0.992254,0.8649042,0.25408086,1.0185667,0.015234884,0.01487682,0.024704844,0.010535614,0.01334911,0.07241715,0.029839993,0.22708979,0.104382165,0.9925277,0.05839007,0.043222114,0.07241715,0.009868281,0.010535614
S01_sit_center,person,train,1,1.4887350999999998,0.9985463,0.09067062,1.0061179,0.011501028,0.01040127,0.018963065,0.00887026,0.0115281725,0.013352058,0.01003468,0.04735893,0.018015062,0.9923258,0.86171,0.25778833,1.0186001,0.014526545,0.014190479,0.023843644,0.010194571,0.0129181305,0.0760339,0.030878782,0.23367175,0.10928169,0.99226063,0.06268184,0.04469298,0.0760339,0.009532415,0.010194571
S01_sit_center,person,train,1,1.9687350999999995,0.99988437,0.0901163,1.0053496,0.011184095,0.010289291,0.01886231,0.008794785,0.011417142,0.013215001,0.009829402,0.0438568,0.017248232,0.9925855,0.8610278,0.2609726,1.0191076,0.014005667,0.013727109,0.020346127,0.009761193,0.012290866,0.07848253,0.0336895,0.23849028,0.1120739,0.99248016,0.06526753,0.045848764,0.07848253,0.009277988,0.009761193
S01_sit_center,person,train,1,2.4487350999999995,1.0006198,0.08920547,1.0036968,0.011548461,0.011246808,0.01922205,0.008853939,0.011476805,0.012415295,0.009043574,0.044672728,0.016082082,0.9933967,0.8608003,0.2632404,1.0192467,0.014107242,0.013303466,0.02385019,0.009452799,0.011960826,0.08041153,0.036639094,0.23756763,0.11384293,0.9928381,0.06799623,0.046413414,0.08041153,0.00915337,0.009452799
S01_sit_center,person,train,1,2.9287351,1.0005504,0.087838404,1.0030133,0.0119011,0.012156933,0.01858528,0.008925077,0.011534717,0.011141565,0.008094192,0.04047525,0.014564511,0.9942798,0.8610481,0.26679265,1.0175529,0.013985633,0.013175475,0.02322608,0.009419348,0.01195252,0.083638966,0.0435915,0.2432574,0.11638891,0.9931712,0.0724974,0.047390267,0.083638966,0.009172212,0.009419348
S01_sit_center,person,train,1,3.4087350999999995,1.0013093,0.08682153,1.0030884,0.012020343,0.011847836,0.021094475,0.0090983175,0.011785148,0.0100932475,0.007985115,0.0405339,0.0133257145,0.99501354,0.8603417,0.269388,1.0168415,0.013841758,0.01333381,0.02224602,0.009492538,0.0120922765,0.08636301,0.04619658,0.24648303,0.118820585,0.9933133,0.07626976,0.04822813,0.08636301,0.009295428,0.009492538
S01_sit_center,person,train,1,3.8887350999999994,1.0014186,0.08636278,1.0013963,0.012133566,0.012112143,0.023154266,0.009006964,0.011711476,0.00960815,0.007074833,0.038685024,0.012611363,0.99566627,0.85878366,0.27310893,1.0141102,0.014726208,0.014233266,0.022931164,0.009783215,0.012479896,0.09022148,0.04962814,0.24667996,0.12269942,0.99333704,0.08061333,0.049914815,0.09022148,0.009395089,0.009783215
S01_sit_center,person,train,1,4.3687350999999985,1.0008358,0.08602099,1.0020492,0.011998593,0.012108122,0.023034958,0.0088826455,0.011530731,0.009276075,0.0068103075,0.034704924,0.012264359,0.99585855,0.858672,0.27683198,1.0123408,0.016113842,0.015899427,0.02662271,0.010968613,0.014137437,0.09402933,0.055706263,0.2512965,0.1258267,0.99326664,0.08475325,0.051652703,0.09402933,0.00992563,0.010968613
S01_sit_center,person,train,1,4.848735099999998,1.0001706,0.08616545,1.0041848,0.012537659,0.012305286,0.02310214,0.00899653,0.01175855,0.009256782,0.006444335,0.03603494,0.012558554,0.99566656,0.85980505,0.27655557,1.0125698,0.017058657,0.017170882,0.027996508,0.0112239085,0.014443037,0.0938539,0.055596113,0.24914992,0.12494906,0.9933502,0.08459712,0.05155534,0.0938539,0.01011022,0.0112239085
S01_sit_center,person,train,1,5.328735099999999,0.99967366,0.08655569,1.004554,0.012490693,0.012602772,0.022100259,0.008957475,0.011677593,0.009648597,0.0071337223,0.037163854,0.013121482,0.9953359,0.86150426,0.27446556,1.0102596,0.017803751,0.017432967,0.030503176,0.011353342,0.014605254,0.09255681,0.057795167,0.2420522,0.12225803,0.9934697,0.08290821,0.051102705,0.09255681,0.010155409,0.011353342
S01_sit_center,person,train,1,5.808735099999998,0.9997133,0.08688058,1.0050861,0.012137897,0.012156659,0.021742001,0.008927168,0.011645616,0.009920795,0.0073263645,0.03684616,0.01349172,0.9951086,0.8638,0.27183267,1.0109818,0.017011736,0.016852075,0.028372629,0.011398139,0.014732743,0.09043552,0.05844927,0.23433778,0.11871572,0.99379563,0.08051472,0.05017816,0.09043552,0.010162653,0.011398139
S01_sit_center,person,train,1,6.288735099999999,0.9990063,0.08726432,1.0045083,0.012042254,0.011986927,0.020109108,0.008817585,0.011458464,0.010478487,0.0075933933,0.03952253,0.014355109,0.99421585,0.8665109,0.267366,1.0133312,0.015135208,0.015320883,0.023476208,0.010166795,0.0130592445,0.08670029,0.056711197,0.22350165,0.11335205,0.9943179,0.0762218,0.04858939,0.08670029,0.009492191,0.010166795
S01_sit_center,person,train,1,6.768735099999999,0.9996758,0.087010935,1.0047702,0.011427608,0.01099227,0.019551128,0.008510206,0.0110565005,0.010130464,0.007349372,0.041301668,0.0139936805,0.9942985,0.86840487,0.2624635,1.0142864,0.015773272,0.0150172515,0.025782626,0.0098314695,0.0126086995,0.08308798,0.05717969,0.21176845,0.10815358,0.9946401,0.072957516,0.046609223,0.08308798,0.009170838,0.0098314695
S01_sit_center,person,train,1,7.2487350999999975,0.9995055,0.08648638,1.0037189,0.011263932,0.011035256,0.020964066,0.008468234,0.011039476,0.009729278,0.0073450804,0.038532794,0.013565295,0.99438554,0.8724186,0.2593948,1.0181401,0.01687754,0.016008241,0.028006922,0.009805524,0.012584785,0.08027894,0.055933237,0.20187649,0.10327866,0.99504304,0.07054966,0.04500411,0.08027894,0.009136879,0.009805524
S01_sit_center,person,train,1,7.728735099999999,0.99873143,0.08664992,1.0036118,0.011049519,0.010603467,0.020959033,0.008327773,0.010829823,0.009844161,0.0067147017,0.04236704,0.013934115,0.9942088,0.8769088,0.25162444,1.0187788,0.016570054,0.016503353,0.027812548,0.009138514,0.011638785,0.07305628,0.04899192,0.18721128,0.094217815,0.9955542,0.06321212,0.04145022,0.07305628,0.008733144,0.009138514
S01_sit_center,person,train,1,8.208735099999998,0.9986101,0.087129034,1.003804,0.011155811,0.010138851,0.019755263,0.00840936,0.010953749,0.010196319,0.007086754,0.045508265,0.0144656105,0.99392897,0.8781459,0.24894376,1.0189074,0.015614812,0.015922692,0.025803851,0.009183709,0.011714677,0.070172675,0.046492696,0.18111664,0.091248244,0.9957559,0.059976354,0.040184498,0.070172675,0.0087965345,0.009183709
S01_sit_center,person,train,1,8.688735099999997,0.9981371,0.08804361,1.0043963,0.0112436805,0.010940301,0.020443797,0.008370062,0.010839809,0.011125186,0.0078065395,0.048033297,0.015707858,0.9929895,0.8796968,0.25078127,1.0196313,0.017210726,0.017266208,0.026564945,0.009196693,0.011763678,0.071786255,0.049726486,0.18036234,0.091961,0.99572265,0.06066107,0.04145572,0.071786255,0.008783378,0.009196693
S01_sit_center,person,train,1,9.168735099999997,0.9978005,0.08831573,1.0048616,0.0111761,0.011236678,0.018930484,0.008396274,0.010905344,0.011362106,0.0077233315,0.04987353,0.015992124,0.9930193,0.88211256,0.24612422,1.0195581,0.018989623,0.01849342,0.03083491,0.009354019,0.0118700145,0.06772185,0.046466827,0.16989118,0.08662244,0.99611765,0.056359746,0.03954198,0.06772185,0.0088751465,0.009354019
S01_sit_center,person,train,1,9.6487351,0.9981853,0.08834227,1.0047464,0.011478923,0.011426251,0.018442519,0.008501233,0.010998867,0.011290462,0.007267475,0.04648322,0.01586462,0.99314743,0.8847351,0.2434614,1.0202786,0.020796128,0.019897293,0.036000457,0.009739379,0.01238127,0.06531491,0.04663074,0.16187376,0.08291875,0.9963442,0.05402445,0.038302686,0.06531491,0.009120306,0.009739379
S01_sit_center,person,train,1,10.128735099999998,0.9985618,0.08761762,1.0037004,0.01127759,0.010732117,0.018753055,0.0085148215,0.010962216,0.010607026,0.006633997,0.04254824,0.014835216,0.99398774,0.8873421,0.23720281,1.0194241,0.021472761,0.021110952,0.036278866,0.010006064,0.012706931,0.059748124,0.042008877,0.14835936,0.07614229,0.9967286,0.049141098,0.035177574,0.059748124,0.009260442,0.010006064
S01_sit_center,person,train,1,10.608735099999999,0.99882627,0.086859085,1.0031186,0.010919362,0.010802755,0.017959533,0.008596769,0.011160057,0.009887291,0.006235242,0.04224956,0.013852448,0.9946802,0.8895907,0.23013394,1.0183101,0.014981016,0.014492483,0.02475675,0.010354694,0.013091588,0.0529606,0.035354257,0.13713741,0.06897614,0.9970084,0.04307331,0.031423945,0.0529606,0.009475731,0.010354694
S01_sit_center,person,train,1,11.088735099999997,0.9989635,0.087683484,1.0020216,0.010909662,0.010814145,0.017958447,0.008616119,0.011136374,0.01044107,0.007065773,0.044433534,0.01454824,0.99454653,0.8879766,0.23247771,1.0180924,0.016167784,0.0156309,0.026337706,0.010277554,0.013083783,0.054974798,0.036720753,0.14385608,0.07193579,0.99671346,0.04453373,0.032707933,0.054974798,0.009446837,0.010277554
S01_sit_center,person,train,1,11.5687351,0.9987655,0.087942705,0.999746,0.010864432,0.010330088,0.019070197,0.008647583,0.01120514,0.010500884,0.007050872,0.04336965,0.014716177,0.9947314,0.88638186,0.23674558,1.0201132,0.016442705,0.015981061,0.026507033,0.010126626,0.012876644,0.058711175,0.03989756,0.15143365,0.07643125,0.9964483,0.048210293,0.03460603,0.058711175,0.009387105,0.010126626
S01_sit_center,person,train,1,12.048735099999998,0.998932,0.08803261,0.99898905,0.01111198,0.010608087,0.020262115,0.008726646,0.011304131,0.01047185,0.0067652464,0.043602586,0.014836594,0.99455315,0.8841061,0.24229155,1.0196949,0.01566235,0.01565207,0.02463425,0.009989162,0.0127101615,0.064368635,0.04504454,0.16171718,0.08239113,0.9961161,0.053896785,0.037420243,0.064368635,0.009357904,0.009989162
S01_sit_center,person,train,1,12.528735099999999,0.9990257,0.08759153,1.0004458,0.011453889,0.011182045,0.020978356,0.00857145,0.011133924,0.010005938,0.005944848,0.04245943,0.01419092,0.9951259,0.8813083,0.2469726,1.0172589,0.013474061,0.013457642,0.019798892,0.009835859,0.012493595,0.06922692,0.048828125,0.16975689,0.087876536,0.9958635,0.059220985,0.03961643,0.06922692,0.009203654,0.009835859
S01_sit_center,person,train,1,13.008735099999999,0.9996876,0.08642266,1.0004592,0.011399065,0.010924369,0.02022836,0.008532161,0.011043698,0.009088728,0.0055630207,0.037473023,0.012853317,0.99564624,0.88279986,0.24386796,1.0191653,0.015640326,0.015483925,0.023707187,0.009880997,0.012609479,0.06614436,0.042946935,0.1632312,0.08436621,0.99615955,0.057055634,0.037616543,0.06614436,0.009206579,0.009880997
S01_sit_center,person,train,1,13.4887351,1.0000137,0.085581265,1.0020125,0.011141119,0.010928985,0.018319868,0.008570024,0.01103644,0.0085269185,0.0056998134,0.036849678,0.011953692,0.9959572,0.88301414,0.24288829,1.0191175,0.016349057,0.016225759,0.025528371,0.010070159,0.012831799,0.06489402,0.042293966,0.16420949,0.08336597,0.9963103,0.056367103,0.03671047,0.06489402,0.009320091,0.010070159
S01_sit_center,person,train,1,13.968735099999996,1.0002359,0.08507626,1.0017676,0.011102654,0.010719102,0.019539762,0.008671878,0.011263182,0.008230436,0.0062776804,0.034338474,0.011298484,0.996342,0.88386506,0.24251173,1.0196078,0.016323622,0.016336853,0.026164528,0.010206521,0.013018351,0.06450144,0.04557836,0.16402829,0.08258104,0.99634975,0.056271005,0.036365937,0.06450144,0.009439199,0.010206521
S01_sit_center,person,train,1,14.448735099999997,1.0001323,0.084796526,1.0016241,0.011458436,0.011199074,0.019178882,0.008954609,0.011542606,0.0080659,0.006401539,0.03045845,0.011048041,0.9964155,0.88310254,0.24304493,1.0207375,0.017040743,0.016933892,0.025483696,0.01017775,0.013051685,0.06500657,0.0419299,0.16469169,0.083431154,0.9963435,0.056940667,0.036536235,0.06500657,0.0095661795,0.01017775
S01_sit_center,person,train,1,14.928735099999997,0.9999409,0.0847369,1.005136,0.01171243,0.011440944,0.020518182,0.009165262,0.011912928,0.008057352,0.0058963895,0.033085763,0.011082244,0.99633116,0.88019484,0.2490745,1.0212923,0.01706877,0.016803512,0.027161386,0.010116407,0.012955791,0.07073208,0.048743725,0.17650658,0.09020214,0.99587965,0.06267473,0.039394714,0.07073208,0.009640834,0.010116407
S01_sit_center,person,train,1,15.4087351,1.0004188,0.084979974,1.0039843,0.011904775,0.011856047,0.02019542,0.00916964,0.011933227,0.008174014,0.005671978,0.035045147,0.011085182,0.9965319,0.8779103,0.2514762,1.0196273,0.015337206,0.015351067,0.023958854,0.010015085,0.012798754,0.07302519,0.050230026,0.18190005,0.09351236,0.9956544,0.06485117,0.040599603,0.07302519,0.009592363,0.010015085
S01_sit_center,person,train,1,15.888735099999996,1.0008832,0.08466152,1.0013407,0.01199788,0.012327787,0.019283859,0.0093668355,0.0120801,0.008437454,0.006298065,0.032479584,0.011032259,0.9960987,0.87698007,0.2515704,1.0190481,0.015585271,0.015743075,0.023738693,0.010301725,0.013162287,0.07252704,0.047436833,0.18761659,0.094092794,0.99564433,0.06408959,0.04048225,0.07252704,0.00983428,0.010301725
S01_sit_center,person,train,1,16.3687351,1.0014119,0.084953226,1.0003552,0.011655104,0.012127084,0.019235874,0.00923943,0.01194955,0.008793643,0.0069105625,0.0343951,0.011199083,0.99614894,0.87588215,0.25252363,1.019364,0.015265636,0.0151917515,0.022649908,0.010624,0.013535687,0.07256138,0.04530382,0.19587603,0.09556408,0.9954433,0.06376774,0.040677514,0.07256138,0.009931715,0.010624
S01_sit_center,person,train,1,16.848735099999995,1.0016887,0.085076496,0.99835044,0.011499439,0.011684915,0.019881828,0.009147002,0.011917624,0.008709918,0.0065689087,0.032282412,0.011171338,0.99635357,0.8748864,0.25439748,1.0195824,0.016496979,0.01644566,0.027829552,0.01070614,0.013632551,0.073936276,0.045482755,0.19987369,0.09772339,0.9952715,0.06522636,0.041323096,0.073936276,0.009926571,0.01070614
S01_sit_center,person,train,1,17.328735099999996,1.0009084,0.08502607,1.0003673,0.012037895,0.011360834,0.022539856,0.009231883,0.012102045,0.008712271,0.006407857,0.030633628,0.011285441,0.99615747,0.875494,0.25616395,1.0196494,0.016272675,0.01642578,0.026281204,0.010788814,0.013748247,0.07537302,0.048250318,0.20134795,0.09892661,0.9951276,0.06666075,0.042042643,0.07537302,0.010010349,0.010788814
S01_sit_center,person,train,1,17.808735099999993,1.0001757,0.08485147,1.0000145,0.012123125,0.011801833,0.021300036,0.009117248,0.012026534,0.008457705,0.0056547523,0.030489326,0.011350748,0.9959549,0.8746969,0.25948325,1.0186052,0.015148672,0.01487434,0.022759441,0.010649875,0.013572277,0.07848368,0.051455617,0.20697352,0.102165386,0.99501425,0.07002597,0.043470692,0.07848368,0.009883561,0.010649875
S01_sit_center,person,train,1,18.288735099999993,1.0001076,0.08446664,0.99960893,0.01240914,0.011683256,0.022749716,0.009009549,0.011981971,0.008043752,0.0052877665,0.03142214,0.011001182,0.9960607,0.87617433,0.25886786,1.0187747,0.015766105,0.0156195965,0.023092287,0.010867154,0.013806179,0.07814922,0.053183198,0.20233262,0.10085781,0.99508256,0.07010547,0.043096486,0.07814922,0.009938352,0.010867154
S01_sit_center,person,train,1,18.768735099999994,0.9997578,0.08430932,1.0005943,0.012268004,0.011605472,0.022333685,0.009030766,0.011873282,0.008145615,0.005403042,0.030997694,0.011041434,0.9958927,0.87669843,0.2561765,1.0182065,0.015004783,0.015080971,0.022383623,0.010539291,0.013437619,0.07610406,0.05211568,0.19599482,0.09825386,0.99524534,0.067958444,0.042124838,0.07610406,0.009785028,0.010539291
S01_sit_center,person,train,1,19.248735099999998,1.0007548,0.08447471,1.0000833,0.012164004,0.011597129,0.022489825,0.009105401,0.011966829,0.007929997,0.005478084,0.034585416,0.010850112,0.9961804,0.8777506,0.25518093,1.0217183,0.014985759,0.014390583,0.02463716,0.010476879,0.013385201,0.0756093,0.05527103,0.19218495,0.09681214,0.99538326,0.0676793,0.041769646,0.0756093,0.0097911395,0.010476879
S01_sit_center,person,train,1,19.728735099999998,1.0002313,0.08489361,1.002373,0.012045521,0.010973478,0.023378437,0.009041476,0.0118607,0.008403828,0.006000519,0.032001436,0.011379954,0.99594706,0.87811375,0.25155747,1.0209621,0.0143957045,0.0143323,0.022438424,0.010115726,0.012934832,0.07290401,0.05240488,0.18366605,0.09352696,0.9955368,0.06450018,0.04065392,0.07290401,0.0095786005,0.010115726
S01_sit_center,person,train,1,20.2087351,0.9995844,0.08609787,1.003894,0.011858913,0.011014272,0.022366114,0.00914085,0.011882319,0.009315175,0.006877184,0.035467744,0.012594081,0.9956739,0.87919533,0.24937275,1.0209513,0.01457598,0.014492818,0.024939436,0.009889646,0.012671638,0.070938066,0.050246477,0.1810965,0.091003224,0.9958286,0.06162289,0.04012662,0.070938066,0.009515248,0.009889646
S01_sit_center,person,train,1,20.688735099999995,0.9998998,0.08669639,1.0049028,0.011721118,0.010908098,0.02255705,0.00922838,0.012036938,0.009719726,0.006605029,0.03857124,0.013106877,0.9955205,0.88145334,0.24616028,1.0216632,0.014356329,0.014478419,0.022174533,0.01021691,0.013021052,0.06806795,0.048015475,0.17289513,0.08700346,0.9961121,0.058348227,0.03889384,0.06806795,0.009722645,0.01021691
S01_sit_center,person,train,1,21.1687351,0.999322,0.086831786,1.0051452,0.012036382,0.011167297,0.020889482,0.009305999,0.012072826,0.009766122,0.0064251423,0.04066229,0.013518612,0.9951135,0.8820909,0.24405812,1.0199392,0.01304125,0.013028545,0.01882693,0.009965637,0.012644123,0.066391826,0.044712067,0.16868597,0.08490673,0.99615,0.0566257,0.038078975,0.066391826,0.009635817,0.009965637
S01_sit_center,person,train,1,21.648735099999996,0.99883974,0.087456815,1.0056369,0.012392148,0.01152816,0.021504,0.009595054,0.012439391,0.010193223,0.0064622164,0.040477514,0.014129652,0.9951039,0.8830333,0.24492465,1.0201283,0.013549151,0.013199981,0.018958613,0.010158284,0.012901633,0.06697915,0.04789883,0.1680561,0.085094,0.99621135,0.056785926,0.038586184,0.06697915,0.009876668,0.010158284
S01_sit_center,person,train,1,22.128735099999993,0.9991368,0.08766103,1.0050412,0.012560445,0.012176068,0.022117956,0.009685714,0.012612712,0.010202901,0.006103277,0.042173862,0.014238211,0.99510044,0.8829928,0.24386345,1.0188158,0.01363214,0.013406736,0.01959145,0.0099303285,0.012574101,0.06640178,0.046304464,0.16618863,0.084296525,0.9960875,0.05619888,0.03830234,0.06640178,0.009808021,0.0099303285
S01_sit_center,person,train,1,22.60873509999999,0.99893045,0.08780361,1.0020878,0.012557041,0.012626524,0.022344276,0.009602351,0.012475173,0.010408707,0.0062585473,0.042576194,0.014465348,0.99495375,0.8838304,0.244184,1.0198822,0.01401669,0.013980387,0.01985507,0.010129868,0.012847045,0.06608023,0.04896617,0.16735083,0.08416501,0.99600434,0.05567152,0.038244467,0.06608023,0.009866109,0.010129868
S01_sit_center,person,train,1,23.088735099999994,0.99868715,0.08774821,1.0011511,0.012549434,0.01245584,0.02221393,0.009530751,0.012377546,0.010282844,0.0070723295,0.04253143,0.014541759,0.99480194,0.88372844,0.24341324,1.0208015,0.01447415,0.014330038,0.02116089,0.010430795,0.013269025,0.06520786,0.047656298,0.16843274,0.08351907,0.9961188,0.054925017,0.037745353,0.06520786,0.009980774,0.010430795
S01_sit_center,person,train,1,23.56873509999999,0.9988763,0.08776411,1.0031947,0.012176612,0.012382572,0.021325728,0.009389651,0.012166683,0.010214858,0.006662369,0.043415904,0.014658365,0.9944879,0.8825124,0.24364579,1.019153,0.014873413,0.014582891,0.024848418,0.010278133,0.013087135,0.06551004,0.047507167,0.17014086,0.084441766,0.99595,0.055295184,0.03786245,0.06551004,0.009833892,0.010278133
S01_sit_center,person,train,1,24.048735099999995,0.99854946,0.08791159,1.0035876,0.011889799,0.012005075,0.021390187,0.009123561,0.011822716,0.010513589,0.006692648,0.04199785,0.015024211,0.9940968,0.8825613,0.24238636,1.0193226,0.015160431,0.01479847,0.025028832,0.0102753425,0.0130721275,0.06408254,0.04575461,0.16891357,0.083308585,0.99609065,0.05356895,0.037298065,0.06408254,0.009699452,0.0102753425
S01_sit_center,person,train,1,24.528735099999995,0.99788517,0.08807542,1.0045342,0.011923114,0.011980547,0.020123014,0.008992326,0.011643316,0.010854614,0.007394314,0.043342292,0.015387448,0.993935,0.88246924,0.24198912,1.0161952,0.01539206,0.014917195,0.027160002,0.010138841,0.012926569,0.06403302,0.044730544,0.16681194,0.08299966,0.9961563,0.053178404,0.037443817,0.06403302,0.009565584,0.010138841
S01_sit_center,person,train,1,25.008735099999996,0.99807405,0.088558085,1.0043294,0.0118923625,0.0115358615,0.019961677,0.008950381,0.011628293,0.0112184305,0.006897986,0.04239899,0.015637666,0.9941443,0.8845094,0.23895782,1.0166919,0.018022053,0.01743774,0.030729348,0.01074829,0.013628117,0.06075829,0.040827274,0.16083312,0.07930363,0.996361,0.049539857,0.03598836,0.06075829,0.009849336,0.01074829
S01_sit_center,person,train,1,25.488735099999996,0.9986484,0.08889487,1.0048971,0.01171192,0.011530846,0.01967743,0.008893744,0.011516608,0.011671411,0.0076857805,0.04332894,0.01588839,0.9939026,0.88667977,0.23435624,1.014915,0.016438827,0.01628259,0.024446718,0.011013661,0.013945381,0.056551617,0.03750658,0.15430918,0.0742571,0.9965649,0.044880204,0.034111515,0.056551617,0.009953702,0.011013661
S01_sit_center,person,train,1,25.968735099999993,0.9978095,0.08881047,1.0048753,0.012133026,0.012065297,0.02078407,0.0088591585,0.011383538,0.01173271,0.007261634,0.043349147,0.016040172,0.9938364,0.8857853,0.23541775,1.0150476,0.01683439,0.016464887,0.025135525,0.0109655885,0.013907963,0.057670116,0.038945556,0.15709606,0.075685576,0.99642974,0.045937408,0.034701414,0.057670116,0.0099123735,0.0109655885
S01_sit_center,person,train,1,26.4487351,0.9987863,0.088812426,1.0057495,0.012306822,0.012176717,0.019843718,0.00893525,0.011490084,0.011379678,0.0078520775,0.04237318,0.015578989,0.99439776,0.8852604,0.23646787,1.0160903,0.016341105,0.016063375,0.026492856,0.010514707,0.01336164,0.05863901,0.03920269,0.15954402,0.07691314,0.9962693,0.04725933,0.035009343,0.05863901,0.009724978,0.010514707
S01_sit_center,person,train,1,26.928735099999997,0.99897885,0.08799198,1.005528,0.012023718,0.011990417,0.019749368,0.008665331,0.011172661,0.010968977,0.0071192384,0.04182422,0.014926167,0.9942605,0.88198406,0.23881967,1.0167147,0.013937912,0.013654296,0.023511907,0.0097590685,0.012399154,0.061248414,0.039921284,0.16717818,0.08086329,0.9958404,0.05027944,0.036108695,0.061248414,0.0092122,0.0097590685
S01_sit_center,person,train,1,27.408735099999994,0.99871904,0.0874007,1.0043638,0.012231395,0.012183728,0.019038638,0.008573981,0.011132969,0.010301067,0.0063039064,0.040364265,0.014251863,0.99480313,0.88105565,0.2416573,1.0184169,0.013192122,0.013099092,0.020430837,0.009761848,0.012458747,0.06362339,0.040908694,0.17265025,0.08367464,0.9958277,0.053322323,0.03696223,0.06362339,0.009167914,0.009761848
S01_sit_center,person,train,1,27.888735099999995,1.0001132,0.08737014,1.0016336,0.011530625,0.0112883225,0.019000065,0.008461025,0.011081506,0.010017255,0.0066455603,0.039829195,0.013903499,0.99496764,0.8793763,0.24259806,1.0184346,0.013133275,0.012922603,0.02000386,0.009829713,0.012523964,0.06454748,0.03776133,0.17677736,0.085461915,0.99565303,0.054530226,0.037282366,0.06454748,0.009145369,0.009829713
S01_sit_center,person,train,1,28.36873509999999,1.0002937,0.0874021,1.0014119,0.01142116,0.010737844,0.019828644,0.008432056,0.011135961,0.010236246,0.007283628,0.045633793,0.014109243,0.9945446,0.8770164,0.24461892,1.0182889,0.014786342,0.014758861,0.0217424,0.010022828,0.012699026,0.06655871,0.0385893,0.17958778,0.08852234,0.9954467,0.056322467,0.03839748,0.06655871,0.009227442,0.010022828
S01_sit_center,person,train,1,28.84873509999999,1.000513,0.08736694,1.003653,0.0113108605,0.01062505,0.020384382,0.00863202,0.011390515,0.010369862,0.007914305,0.045445085,0.014204741,0.9942319,0.87484133,0.24979293,1.0190556,0.015806383,0.015310275,0.024746314,0.009841139,0.0125183,0.07108959,0.042423666,0.18749252,0.09401352,0.99522656,0.060719725,0.040729724,0.07108959,0.00923658,0.009841139
S01_sit_center,person,train,1,29.32873509999999,1.0006654,0.08783344,1.003128,0.011049079,0.009938783,0.01985145,0.008522876,0.011221337,0.011174847,0.008506715,0.044736624,0.0147347925,0.99387646,0.8731824,0.25134236,1.0130143,0.014748283,0.01462855,0.023426853,0.009631398,0.012160085,0.07287609,0.042873323,0.1911934,0.0963172,0.9949653,0.061701242,0.04202547,0.07287609,0.009077137,0.009631398
S01_sit_center,person,train,1,29.808735099999993,1.0002044,0.087695144,1.0029465,0.011113486,0.010176859,0.019403892,0.00847232,0.011207778,0.011117511,0.009242654,0.042636335,0.014686835,0.99383545,0.8736936,0.25234756,1.0163181,0.014637907,0.0144745875,0.023821209,0.009856498,0.012514415,0.073536664,0.046408296,0.1915825,0.09681143,0.99503267,0.062419154,0.042327087,0.073536664,0.009164409,0.009856498
S01_sit_center,person,train,1,30.288735099999993,1.0001818,0.087737136,1.0017378,0.011205303,0.010234865,0.019324599,0.008375055,0.0110480795,0.010989136,0.00829494,0.041941285,0.014557958,0.9941975,0.87422043,0.2526758,1.016333,0.014307535,0.014144357,0.022836616,0.010047944,0.012754019,0.07379857,0.04749775,0.19218248,0.09681475,0.9949692,0.06280943,0.042393852,0.07379857,0.009211499,0.010047944
S01_sit_center,person,train,1,30.768735099999994,0.99951273,0.08812727,1.0018898,0.011139351,0.010570834,0.019510148,0.008408871,0.011020156,0.011120537,0.007886529,0.04203689,0.014975344,0.9941866,0.8744986,0.25247976,1.0159802,0.014124484,0.014212488,0.021417333,0.010331059,0.0130427,0.07376184,0.048289657,0.19066021,0.09644549,0.9950923,0.06264131,0.04244119,0.07376184,0.009369965,0.010331059
S01_sit_center,person,train,1,31.248735099999994,0.99904513,0.08811301,1.002151,0.01181851,0.011407225,0.019780407,0.008730114,0.01147072,0.011144921,0.007810712,0.04288268,0.015145928,0.9939603,0.87454176,0.2541574,1.0178285,0.014859884,0.014855507,0.023747101,0.010733841,0.013542684,0.075553656,0.04927647,0.1913454,0.097793184,0.99509424,0.064408734,0.04334929,0.075553656,0.009731978,0.010733841
S01_sit_center,person,train,1,31.728735099999994,0.99905795,0.08794481,1.002506,0.011993122,0.01146438,0.020003265,0.009159016,0.011910522,0.011170568,0.008714318,0.045180738,0.015097794,0.9937572,0.87455666,0.25565365,1.0172352,0.014398649,0.01420259,0.023202877,0.010679369,0.013473048,0.07726342,0.052092075,0.19301784,0.099025376,0.99507594,0.066092856,0.044216994,0.07726342,0.009919193,0.010679369
S01_sit_center,person,train,1,32.20873509999999,0.99886537,0.087886125,1.0022942,0.012002402,0.011568946,0.019448986,0.00921631,0.011974268,0.0111975605,0.008617282,0.044727087,0.015115166,0.9936963,0.87536734,0.25439453,1.017632,0.0150326835,0.014929725,0.02513311,0.010436844,0.013221106,0.076107584,0.051513553,0.19197726,0.09748049,0.99523133,0.064910024,0.04365257,0.076107584,0.009826577,0.010436844
S01_sit_center,person,train,1,32.688735099999995,0.9984167,0.08745543,1.0035033,0.011921191,0.012001969,0.020460373,0.009256424,0.012018645,0.010934612,0.008157074,0.043150008,0.015017215,0.99336964,0.8779032,0.24958996,1.0198903,0.015807677,0.015888909,0.023716524,0.0102466885,0.013043578,0.07129409,0.047857225,0.18283364,0.09200759,0.995552,0.060359478,0.041114353,0.07129409,0.009751556,0.0102466885
S01_sit_center,person,train,1,33.1687351,0.99861574,0.08766179,1.0041745,0.011752263,0.011898052,0.020520732,0.008869495,0.011517597,0.011113682,0.007850528,0.040858924,0.014914309,0.9938632,0.8792784,0.24608144,1.0196764,0.014912552,0.014478059,0.023508094,0.0099258525,0.012681102,0.06805455,0.045470178,0.17859507,0.08830247,0.9957234,0.05694087,0.039584115,0.06805455,0.009397674,0.0099258525
S01_sit_center,person,train,1,33.64873509999999,0.9979276,0.088175595,1.003748,0.011323458,0.010489707,0.018562064,0.008484616,0.011059029,0.011453492,0.007754445,0.042336047,0.015520673,0.9937871,0.88169163,0.24263626,1.0186049,0.013843293,0.013449148,0.020155821,0.010131146,0.0129073365,0.06468835,0.042722583,0.17298025,0.08410266,0.99586004,0.053234857,0.03807092,0.06468835,0.009307881,0.010131146
S01_sit_center,person,train,1,34.12873509999999,0.9970121,0.088248,1.0033407,0.011437696,0.010709987,0.019291298,0.008535796,0.011180699,0.011400918,0.0070614815,0.043902457,0.01595984,0.99349546,0.8829645,0.24045168,1.016689,0.01434107,0.01398448,0.020459587,0.0105828475,0.013484387,0.06258521,0.042253375,0.1673697,0.08150823,0.99608904,0.051184297,0.036993064,0.06258521,0.009559322,0.0105828475
S01_sit_center,person,train,1,34.60873509999999,0.9975033,0.088804044,1.0040843,0.011724987,0.0106139975,0.01995885,0.008502635,0.01116884,0.011368172,0.006598592,0.045042336,0.01609141,0.99389416,0.8866562,0.23867694,1.0196657,0.016104197,0.016228974,0.025994003,0.011178039,0.01413473,0.060811546,0.043600082,0.16074103,0.077909745,0.99638695,0.04944337,0.03608986,0.060811546,0.009840338,0.011178039
S01_sit_center,person,train,1,35.08873509999999,0.9969171,0.08908699,1.004113,0.011692203,0.009785627,0.020470968,0.008564736,0.011289661,0.011686886,0.0067611933,0.0457536,0.016578931,0.99367326,0.8887053,0.23595643,1.0228126,0.016390262,0.016571887,0.025357174,0.011688838,0.01466431,0.058010448,0.04154861,0.15475243,0.07447415,0.99657863,0.04632356,0.034848668,0.058010448,0.010126786,0.011688838
S01_sit_center,person,train,1,35.56873509999999,0.9980626,0.088839084,1.0040222,0.0116115585,0.010258264,0.020871082,0.00867649,0.011389821,0.011316404,0.007679701,0.04686874,0.015937092,0.9939868,0.8885281,0.23614585,1.0218222,0.016488736,0.01662973,0.023457043,0.011513823,0.014432571,0.058262993,0.04176736,0.15241846,0.07469258,0.99663556,0.04694659,0.034789696,0.058262993,0.010095157,0.011513823
S01_sit_center,person,train,1,36.048735099999995,0.9986213,0.08854495,1.0032473,0.012002188,0.010912344,0.0221801,0.00904126,0.011784269,0.010865883,0.007358849,0.04449874,0.015230275,0.9947631,0.8883922,0.23806396,1.0213599,0.017228754,0.017431485,0.026043508,0.011769639,0.014812597,0.060303446,0.04386115,0.15257153,0.07644274,0.99648726,0.049437564,0.035584666,0.060303446,0.010405449,0.011769639
S01_sit_center,person,train,1,36.52873509999999,0.9978749,0.088768065,1.0056949,0.0121720815,0.011052871,0.021665469,0.009068946,0.011890558,0.011363876,0.007676661,0.0435459,0.015607752,0.99472654,0.8871452,0.23737222,1.0206475,0.017156469,0.016932752,0.027138423,0.01123266,0.01419675,0.059772555,0.040840983,0.15475357,0.07654027,0.99644566,0.04840868,0.035568215,0.059772555,0.010150803,0.01123266
S01_sit_center,person,train,1,37.008735099999996,0.9982303,0.08853016,1.0042545,0.012065032,0.0114163,0.023550592,0.0092156185,0.011977962,0.011068953,0.006826997,0.043474495,0.015264693,0.99485856,0.8872231,0.23651575,1.0170538,0.017663516,0.017506078,0.02965194,0.011020692,0.013964677,0.05868843,0.039331555,0.15604076,0.075706944,0.99660224,0.047619477,0.03487869,0.05868843,0.010118155,0.011020692
S01_sit_center,person,train,1,37.48873509999999,0.99831986,0.088805385,1.0050061,0.01200711,0.011692363,0.022102708,0.0091836145,0.011908922,0.01142001,0.00810802,0.044703245,0.015536163,0.99471277,0.88887304,0.23383783,1.0176331,0.017067406,0.016908366,0.029180074,0.010912923,0.013836417,0.05597802,0.036622047,0.15260419,0.072484046,0.9968476,0.04455801,0.033699013,0.05597802,0.010048268,0.010912923
S01_sit_center,person,train,1,37.968735099999996,0.9983807,0.08886006,1.0042739,0.011572582,0.011036191,0.019246256,0.008996259,0.011752875,0.011521687,0.008219838,0.04591489,0.015623687,0.9945843,0.890777,0.23047642,1.0181612,0.015924064,0.015491086,0.024326095,0.010856021,0.0138038555,0.052445773,0.030653358,0.14305365,0.068522595,0.99715614,0.040924087,0.03198373,0.052445773,0.00992614,0.010856021
S01_sit_center,person,train,1,38.4487351,0.9985496,0.08860738,1.0038784,0.011124128,0.01100561,0.017947342,0.008718198,0.01136232,0.011244912,0.007833242,0.04359454,0.015385141,0.9945647,0.889482,0.23293842,1.0187705,0.0169537,0.016916929,0.025707655,0.011252564,0.014258931,0.054351736,0.031899452,0.14809164,0.07135386,0.99696094,0.043106824,0.032798324,0.054351736,0.009985382,0.011252564
S01_sit_center,person,train,1,38.9287351,0.9986828,0.08842506,1.0034866,0.011414819,0.012045567,0.020179186,0.008752297,0.011381552,0.011209263,0.0071986914,0.040627122,0.0151768075,0.99462986,0.88905585,0.23339981,1.0208297,0.016812729,0.01631749,0.024797799,0.011197719,0.014216853,0.054903477,0.033177495,0.148144,0.071932994,0.99701154,0.043694213,0.03305637,0.054903477,0.009975008,0.011197719
S01_sit_center,person,train,1,39.408735099999994,0.99870276,0.08792617,1.0045298,0.011665736,0.01149708,0.019584691,0.0087554585,0.011462999,0.01079318,0.007751882,0.040304065,0.014805148,0.9945355,0.8887626,0.23386423,1.0198812,0.016778542,0.01672141,0.024967667,0.0111822495,0.014265011,0.055192824,0.033356667,0.15012693,0.07252615,0.9969165,0.044399645,0.032993004,0.055192824,0.0099688545,0.0111822495
S01_sit_center,person,train,1,39.88873509999999,0.997955,0.08839632,1.0052655,0.0121340575,0.011650646,0.022845633,0.008659645,0.011210352,0.011378729,0.0072420835,0.040784597,0.015537992,0.9941397,0.88838017,0.23566025,1.0192281,0.015949251,0.016268143,0.022963386,0.010988276,0.013971475,0.0569797,0.03538108,0.1538282,0.07427192,0.99680907,0.045600973,0.034179214,0.0569797,0.009823961,0.010988276
S01_sit_center,person,train,1,40.36873509999999,0.99706125,0.088976756,1.0049683,0.013100663,0.012503035,0.024070125,0.008737524,0.011365865,0.011937858,0.0075736046,0.04329765,0.016636442,0.9932134,0.88701135,0.23612641,1.0180471,0.016067958,0.015832728,0.024953378,0.010534413,0.013465143,0.057262737,0.035045385,0.16021857,0.07547196,0.9966541,0.04532488,0.0346003,0.057262737,0.009635968,0.010534413
S01_sit_center,person,train,1,40.84873509999999,0.9956447,0.090492085,1.0039531,0.01397137,0.013608469,0.024851209,0.008680089,0.011347183,0.014349985,0.009667754,0.0508039,0.019397616,0.9902116,0.88296545,0.24143688,1.0169024,0.01729071,0.016032204,0.030949304,0.010431609,0.013328852,0.061653495,0.03700161,0.1732795,0.08228243,0.99614716,0.04730351,0.03800174,0.061653495,0.009555849,0.010431609
S01_sit_center,person,train,1,41.328735099999996,0.9940803,0.09271678,1.0005841,0.013113279,0.013078701,0.021107065,0.008739977,0.011409404,0.01820275,0.012842298,0.057084262,0.023460433,0.9845131,0.87845224,0.25028995,1.0203872,0.019858057,0.017672528,0.035839483,0.010775522,0.013704354,0.069717355,0.042165875,0.19317538,0.092262566,0.99560976,0.051514603,0.043960053,0.069717355,0.00975775,0.010775522
S01_sit_center,person,train,1,41.80873509999999,0.994073,0.09384817,1.0039407,0.012758085,0.012382018,0.023393854,0.008791769,0.011624346,0.019266743,0.013558567,0.06309098,0.024869638,0.98263836,0.87693083,0.24996154,1.0202003,0.020757698,0.020720642,0.034372367,0.011104093,0.014081795,0.068807684,0.038928866,0.19598094,0.092982456,0.99525076,0.04954094,0.044037215,0.068807684,0.009947931,0.011104093
S01_sit_center,person,train,1,42.28873509999998,0.99371636,0.09530448,1.0055531,0.012782434,0.013375717,0.023215314,0.008845229,0.0116416225,0.02011799,0.01395762,0.067395985,0.026144667,0.9824882,0.8749718,0.25436816,1.0218037,0.021067344,0.021043774,0.03340003,0.011435965,0.014442838,0.07292457,0.041612387,0.20104939,0.097783305,0.9949852,0.05280658,0.04652128,0.07292457,0.010140597,0.011435965
S01_sit_center,person,train,1,42.768735099999994,0.9928459,0.0957167,1.0062188,0.0126994625,0.0132219745,0.022188015,0.008897625,0.01174112,0.020210074,0.013833404,0.07077974,0.02673891,0.9825244,0.87241256,0.26056194,1.0203846,0.022779018,0.021995401,0.04049304,0.011251689,0.014195468,0.079521514,0.04816532,0.20997968,0.104309335,0.9949081,0.059311442,0.049865793,0.079521514,0.010074656,0.011251689
S01_sit_center,person,train,1,43.2487351,0.9937601,0.09565367,1.006988,0.012237016,0.012315058,0.021040253,0.0090633705,0.0119301705,0.019042946,0.0132933855,0.070833206,0.025781665,0.984714,0.8725993,0.25920525,1.0199379,0.02182084,0.02122929,0.039874274,0.010752975,0.013641848,0.078562915,0.047054887,0.20651773,0.10299703,0.99510676,0.05951997,0.04880293,0.078562915,0.009908173,0.010752975
S01_sit_center,person,train,1,43.728735099999994,0.9936352,0.09531262,1.0050124,0.012392926,0.012561132,0.020781485,0.009097659,0.011912971,0.018515995,0.012792766,0.06614828,0.025235454,0.9858157,0.8694235,0.26407224,1.0186493,0.016044071,0.015889306,0.025877828,0.010177254,0.013041027,0.083455406,0.04987693,0.21568781,0.108804494,0.9949326,0.06493941,0.0509857,0.083455406,0.009637456,0.010177254
S01_sit_center,person,train,1,44.20873509999999,0.99442124,0.09450702,1.0026022,0.012511668,0.012033146,0.021098614,0.00914376,0.011959644,0.017936949,0.0117666125,0.06317693,0.02406304,0.9867635,0.8704086,0.2615682,1.0197767,0.018186856,0.018562308,0.02957874,0.009826436,0.012533672,0.08071047,0.047926784,0.21239835,0.106198475,0.9949434,0.062773526,0.049323708,0.08071047,0.009485098,0.009826436
S01_sit_center,person,train,1,44.688735099999995,0.99570584,0.093781196,1.0025369,0.0123940585,0.012348007,0.020188631,0.009409574,0.012149961,0.017013945,0.011841774,0.058999002,0.022682812,0.98813105,0.8722454,0.25569975,1.0212082,0.01697754,0.017142218,0.026428763,0.010121671,0.012947196,0.07445237,0.03993237,0.20608988,0.100356676,0.99499613,0.057438426,0.045733158,0.07445237,0.009765622,0.010121671
S01_sit_center,person,train,1,45.16873509999999,0.9958318,0.09306109,1.0043044,0.01242759,0.012159967,0.020875765,0.009512797,0.012215482,0.015754225,0.011357665,0.053772032,0.0215296,0.9897827,0.8727021,0.25147152,1.0215769,0.016227305,0.015801627,0.024225289,0.010341776,0.013260904,0.069953315,0.033668756,0.1989778,0.09677717,0.99478066,0.054199092,0.04285377,0.069953315,0.009927286,0.010341776
S01_sit_center,person,train,1,45.648735099999996,0.9965513,0.09258254,1.0030513,0.012358682,0.011878503,0.020812633,0.009585422,0.012393604,0.015221466,0.010685325,0.052554905,0.0207883,0.99024874,0.87333274,0.24621126,1.0187873,0.015288846,0.015361529,0.023828544,0.0103182895,0.013153435,0.06505812,0.02740097,0.193236,0.09240359,0.9944238,0.049836654,0.040139794,0.06505812,0.009951856,0.0103182895
S01_sit_center,person,train,1,46.12873509999999,0.99640554,0.09266691,1.0039154,0.012199293,0.011467149,0.02177174,0.009497178,0.0123711005,0.0151863275,0.010089397,0.05340886,0.02083988,0.9904125,0.8724132,0.24479213,1.0181602,0.014450277,0.014509699,0.022081899,0.0101929,0.012973167,0.064317964,0.025613666,0.19125038,0.091878355,0.9943528,0.049131636,0.039752144,0.064317964,0.009845039,0.0101929
S01_sit_center,person,train,1,46.6087351,0.9967572,0.09301054,1.0031848,0.011942018,0.011542417,0.02274446,0.009280725,0.012246885,0.01566794,0.011694431,0.05413878,0.02110133,0.9902139,0.8722709,0.24324487,1.01636,0.013494108,0.01374211,0.019710518,0.009770813,0.012436747,0.06347131,0.026131272,0.18899527,0.09075802,0.99438703,0.047803372,0.039569624,0.06347131,0.009525769,0.009770813
S01_sit_center,person,train,1,47.088735099999994,0.9969653,0.093285754,1.0062157,0.011763775,0.011189676,0.022234414,0.009101522,0.012066101,0.01626099,0.012340426,0.052133083,0.021508781,0.9895282,0.8723019,0.24190858,1.0152059,0.012293894,0.012046438,0.017897487,0.0092430115,0.011728521,0.06272593,0.028075218,0.18739164,0.089705154,0.9944183,0.046464942,0.03949346,0.06272593,0.009172266,0.0092430115
S01_sit_center,person,train,1,47.5687351,0.99674,0.0934148,1.0087665,0.011668646,0.01091841,0.02131609,0.009051139,0.011916562,0.016868062,0.012756944,0.054149866,0.02193367,0.988716,0.872546,0.24446492,1.0156622,0.012788081,0.01259162,0.020367099,0.009217747,0.011748326,0.06450122,0.028101802,0.19031048,0.09136814,0.9947328,0.047633156,0.04068464,0.06450122,0.009134443,0.009217747
S01_sit_center,person,train,1,48.048735099999995,0.99660975,0.093172014,1.0067203,0.011941701,0.011344455,0.019519141,0.009115549,0.011895599,0.016986946,0.01281786,0.056798458,0.022141492,0.9875565,0.87363607,0.2483779,1.0152009,0.013515859,0.013719454,0.024035228,0.009232758,0.011873806,0.06784819,0.033582807,0.19353521,0.0936595,0.9950241,0.050861247,0.042417567,0.06784819,0.009174153,0.009232758
S01_sit_center,person,train,1,48.528735099999984,0.9963237,0.092206486,1.0070779,0.011977615,0.011363692,0.018839166,0.009278649,0.012012094,0.01624673,0.011193991,0.056554258,0.021372095,0.987774,0.87479216,0.2513074,1.0173004,0.013742555,0.013214428,0.025447518,0.009273135,0.011915689,0.07033847,0.037771583,0.19450772,0.09526331,0.99523574,0.054091744,0.0432926,0.07033847,0.009275893,0.009278649
S01_sit_center,person,train,1,49.00873509999999,0.99605346,0.09105823,1.0022829,0.011615166,0.011067567,0.019156223,0.009126256,0.011882719,0.015302061,0.010849357,0.056277633,0.020317554,0.98846817,0.8753786,0.2536714,1.0174477,0.013399379,0.012517262,0.023785548,0.009394922,0.012040784,0.07280802,0.042313337,0.19673747,0.09686371,0.9952628,0.057505958,0.04405504,0.07280802,0.009260589,0.009394922
S01_sit_center,person,train,1,49.48873509999998,0.99626523,0.09034094,1.0000103,0.011132679,0.010793878,0.01784907,0.008806088,0.011489978,0.014667258,0.010419607,0.056897044,0.019645272,0.9886485,0.8753633,0.2568185,1.020094,0.012770449,0.012077123,0.02207654,0.009116035,0.011713388,0.07587566,0.04664862,0.20042619,0.099469855,0.9952838,0.061208405,0.04527146,0.07587566,0.008961061,0.009116035
S01_sit_center,person,train,1,49.96873509999998,0.99659795,0.089490846,0.9999445,0.010951108,0.010490266,0.018368931,0.0087155765,0.011429691,0.013784518,0.011052847,0.05205202,0.018538747,0.9896706,0.87393695,0.26070988,1.0183687,0.014042645,0.013857561,0.02408278,0.009140666,0.011680139,0.079837136,0.05209446,0.20563793,0.10354848,0.99510294,0.066052616,0.04681083,0.079837136,0.008928121,0.009140666
S01_sit_center,person,train,1,50.44873509999998,0.9962757,0.089672245,1.000435,0.010929625,0.010405275,0.018270776,0.00842794,0.011091056,0.013658522,0.0106499195,0.05222094,0.018529749,0.99032587,0.87283534,0.264577,1.018477,0.014938638,0.014948096,0.025790393,0.009330239,0.011956792,0.083479606,0.058205605,0.21434462,0.10749052,0.99482304,0.06982108,0.048569065,0.083479606,0.00887909,0.009330239
S01_sit_center,person,train,1,50.92873509999998,0.99695325,0.08990154,0.9997826,0.011011428,0.010855748,0.018714577,0.0084649315,0.011028577,0.013778976,0.009981394,0.0498088,0.01847212,0.9904361,0.87129104,0.26757923,1.0186518,0.013563736,0.013336009,0.020960165,0.0093644215,0.012007813,0.08616139,0.061201572,0.22312212,0.11085178,0.9947339,0.07238241,0.049970184,0.08616139,0.0089146765,0.0093644215
S01_sit_center,person,train,1,51.408735099999994,0.99653256,0.090029486,0.9998283,0.011453247,0.01107187,0.019926077,0.008777696,0.011353857,0.013887377,0.010564923,0.050328672,0.018688655,0.99043447,0.87071,0.26845205,1.0189574,0.013242822,0.013035049,0.020908864,0.009483203,0.012159834,0.08696968,0.060747266,0.2238279,0.11189448,0.99471253,0.073082305,0.05042853,0.08696968,0.00913045,0.009483203
S01_sit_center,person,train,1,51.888735099999984,0.9963633,0.0900224,0.99913687,0.011252041,0.011284171,0.01950968,0.008584331,0.011061159,0.014027093,0.010834575,0.05020511,0.018810999,0.99021965,0.8712971,0.26571882,1.0183932,0.0141122155,0.0142111005,0.02205566,0.009799643,0.012542061,0.08440418,0.05855286,0.21819457,0.109332725,0.99460864,0.07037708,0.049215637,0.08440418,0.009191987,0.009799643
S01_sit_center,person,train,1,52.368735099999995,0.9970148,0.08961374,0.9983713,0.011213743,0.011310154,0.019902583,0.008747412,0.011349045,0.013783847,0.010661066,0.048282802,0.018349195,0.9901245,0.87335676,0.26126206,1.0186459,0.014177358,0.014266136,0.02200518,0.009698004,0.012379097,0.07996898,0.053194284,0.21417573,0.10439678,0.99491066,0.06618513,0.046876416,0.07996898,0.009222709,0.009698004
S01_sit_center,person,train,1,52.84873509999999,0.9967854,0.08948412,0.998006,0.011229622,0.010192457,0.019862413,0.008761979,0.0115012815,0.01375836,0.01124835,0.047860086,0.018476207,0.9896835,0.8739076,0.25873128,1.0193322,0.014008073,0.014061517,0.02299542,0.010017611,0.012802925,0.07772302,0.051018834,0.20991218,0.10196925,0.9949705,0.06396466,0.04574069,0.07772302,0.009389795,0.010017611
S01_sit_center,person,train,1,53.328735099999996,0.99731386,0.08965927,1.0002309,0.011300165,0.010264886,0.0197495,0.008851883,0.011636555,0.013705578,0.010868669,0.048537612,0.018252494,0.99027044,0.87635005,0.25276735,1.0188161,0.016563008,0.01652002,0.025358222,0.01054029,0.013424148,0.07175789,0.04379797,0.20076808,0.09565202,0.99514127,0.058052313,0.042731732,0.07175789,0.009696087,0.01054029
S01_sit_center,person,train,1,53.80873509999999,0.99767274,0.089588806,1.0038482,0.011121046,0.010222131,0.019601649,0.008757196,0.01159468,0.013585436,0.01011163,0.047088504,0.017890764,0.9908506,0.8791356,0.24529605,1.0169433,0.01862995,0.018742844,0.028077997,0.009989391,0.012780508,0.06421111,0.03690803,0.18887535,0.08787311,0.99545366,0.05062567,0.03889827,0.06421111,0.009373294,0.009989391
S01_sit_center,person,train,1,54.2887351,0.99757665,0.09004822,1.0007489,0.011166523,0.0098624425,0.01972118,0.00873782,0.0114859855,0.013874269,0.011040568,0.04992777,0.018354915,0.9906381,0.8806358,0.23913202,1.0141581,0.018849175,0.019146148,0.029008687,0.009873207,0.012650375,0.058349315,0.028430462,0.17943612,0.08205628,0.9954954,0.044475045,0.03611179,0.058349315,0.009305513,0.009873207
S01_sit_center,person,train,1,54.768735099999994,0.99708843,0.089950025,1.0013337,0.010912652,0.009805838,0.018743958,0.008525545,0.011216709,0.01387179,0.010390997,0.04911834,0.018358137,0.9907475,0.88056475,0.23446694,1.009667,0.015464056,0.015167439,0.023654412,0.0096680345,0.012349129,0.054892827,0.024461031,0.17538062,0.07852349,0.99534386,0.041021038,0.03438231,0.054892827,0.00909679,0.0096680345
S01_sit_center,person,train,1,55.2487351,0.99771553,0.08969772,1.0003619,0.011041171,0.0101710865,0.018662278,0.008450649,0.0110911215,0.013487436,0.010170341,0.04844141,0.017813053,0.99125093,0.8796608,0.23342282,1.011628,0.013678772,0.013295987,0.023070097,0.009221976,0.011805384,0.054500476,0.024322867,0.17541394,0.07830769,0.9952759,0.04101304,0.033993956,0.054500476,0.008836312,0.009221976
S01_sit_center,person,train,1,55.728735099999994,0.9982887,0.089594215,0.99990946,0.011287576,0.010477852,0.018258765,0.008597717,0.011333243,0.013269755,0.010616541,0.04734248,0.017451083,0.99164575,0.87894183,0.23453294,1.0129545,0.013756721,0.013247779,0.022181345,0.009387725,0.012030169,0.05547855,0.024374247,0.17763034,0.07967877,0.9951084,0.042208795,0.03437415,0.05547855,0.00899272,0.009387725
S01_sit_center,person,train,1,56.20873509999999,0.9980475,0.08934637,1.0018712,0.011326609,0.010567244,0.01830994,0.008504845,0.011232081,0.01287671,0.010160923,0.04488319,0.017214045,0.9918776,0.8776379,0.23639047,1.0145661,0.0133604705,0.013534567,0.02068922,0.009582392,0.012272608,0.057503045,0.026076436,0.17994735,0.0818714,0.99514794,0.044626333,0.03518988,0.057503045,0.009043619,0.009582392
S01_sit_center,person,train,1,56.688735099999995,0.9985692,0.089309424,1.0046636,0.011551944,0.010419019,0.019070312,0.008723089,0.011516585,0.012701065,0.00957644,0.047768474,0.017019158,0.9920184,0.8779721,0.23722975,1.0148544,0.015595525,0.015996868,0.024973182,0.010117312,0.012980775,0.058102783,0.025901437,0.17962229,0.082245775,0.99527884,0.04540172,0.035401925,0.058102783,0.0094202,0.010117312
S01_sit_center,person,train,1,57.16873509999999,0.99822485,0.08895192,1.0038127,0.011870073,0.010744392,0.019265972,0.008776814,0.011519211,0.0119247,0.008320212,0.04595703,0.016313618,0.9932196,0.88006264,0.23745221,1.016287,0.017615234,0.017932862,0.02670188,0.010845804,0.013756399,0.05819221,0.028922677,0.17477188,0.08093596,0.99574447,0.04626751,0.035058454,0.05819221,0.009811308,0.010845804
S01_sit_center,person,train,1,57.648735099999996,0.9983002,0.08767965,1.003208,0.0120161995,0.011159466,0.020771459,0.008865838,0.011566861,0.010570776,0.0064760447,0.039242685,0.014960712,0.9939534,0.883102,0.2392982,1.0195881,0.019215954,0.018902179,0.029657584,0.010925596,0.013933623,0.06067662,0.03631115,0.16549334,0.08037559,0.9963192,0.050105844,0.0356237,0.06067662,0.009895717,0.010925596
S01_sit_center,person,train,1,58.12873509999999,0.99893075,0.08757651,1.0036944,0.012032168,0.01138435,0.021101786,0.008890013,0.01155151,0.010529574,0.007014036,0.036823034,0.014536085,0.99439895,0.88588053,0.2388498,1.0190789,0.020169964,0.0191572,0.031585686,0.011562519,0.014752585,0.060562488,0.040362,0.15828446,0.078395106,0.9965149,0.050032914,0.03554603,0.060562488,0.010226266,0.011562519
S01_sit_center,person,train,1,58.6087351,0.9990206,0.08815646,1.0028775,0.012446052,0.01233984,0.020721754,0.008815638,0.011441375,0.0109414635,0.0068776608,0.039270937,0.014889366,0.9946233,0.88375276,0.2430042,1.0176954,0.021212928,0.01860652,0.03940387,0.011418634,0.014599087,0.064682454,0.044427514,0.1652785,0.08309619,0.99625707,0.05374099,0.037811957,0.064682454,0.010117136,0.011418634
S01_stand_txside,person,train,1,1.0206319000000001,1.0025045,0.053173013,0.9994625,0.01797061,0.01791874,0.027618859,0.010709819,0.013738516,0.07003882,0.05905974,0.18358248,0.0822272,0.23233128,0.93051124,0.18432364,1.0002947,0.012259285,0.012121318,0.020036237,0.008780409,0.0112779895,0.04290695,0.041694522,0.11069608,0.049033627,0.9642296,0.027131867,0.056472883,0.07003882,0.009745114,0.010709819
S01_stand_txside,person,train,1,1.5006319000000006,1.0027548,0.054865547,0.99913645,0.016931733,0.016416699,0.028514799,0.010686565,0.013695252,0.07063644,0.061716616,0.17649615,0.08175149,0.2563749,0.93005055,0.18272495,1.0004123,0.012126787,0.011952633,0.018036837,0.0090453625,0.011624237,0.04272859,0.04108882,0.112377524,0.04914617,0.96326566,0.027907845,0.056682512,0.07063644,0.009865964,0.010686565
S01_stand_txside,person,train,1,1.9806319000000006,1.0017085,0.056604724,0.9990695,0.016763339,0.015482501,0.028860623,0.010124554,0.013036827,0.06987232,0.06343782,0.1626761,0.079584785,0.31134844,0.92880356,0.18262705,1.0016811,0.0119583905,0.012000687,0.018417737,0.009003717,0.011598007,0.042632695,0.041768074,0.11453235,0.049283274,0.96294063,0.027239624,0.05625251,0.06987232,0.009564135,0.010124554
S01_stand_txside,person,train,1,2.460631900000001,1.0011562,0.056844134,1.0024608,0.014981756,0.014707883,0.024315707,0.00991296,0.012793641,0.067240685,0.061577678,0.1479057,0.075919725,0.3789505,0.9292635,0.18247597,1.0007272,0.012549867,0.012834869,0.02010204,0.009271174,0.011937369,0.042619713,0.04306847,0.11521357,0.049239956,0.9629598,0.024620973,0.0549302,0.067240685,0.009592067,0.00991296
S01_stand_txside,person,train,1,2.940631900000001,1.0012958,0.0569549,1.001736,0.013941351,0.013848155,0.022451088,0.00984802,0.01269037,0.06665384,0.061266482,0.14474976,0.075061545,0.3945553,0.92905253,0.1815958,1.0000286,0.01269559,0.012587482,0.021772107,0.009396134,0.012071894,0.04198002,0.041615725,0.117875874,0.048617568,0.9635275,0.02467382,0.05431693,0.06665384,0.0096220765,0.00984802
S01_stand_txside,person,train,1,3.420631900000001,1.0014533,0.0568754,1.0013736,0.014604024,0.015093178,0.022318847,0.009854286,0.012621895,0.06742417,0.060417175,0.1499539,0.07610023,0.3759491,0.9286793,0.18321835,1.0005492,0.012932365,0.012153675,0.020226287,0.00940188,0.0120379925,0.042400498,0.040592074,0.11885333,0.049136996,0.963432,0.025023673,0.054912336,0.06742417,0.009628084,0.009854286
S01_stand_txside,person,train,1,3.900631900000001,1.0024166,0.05470762,0.9994848,0.015242939,0.01511751,0.023280574,0.010204735,0.012996077,0.0674293,0.05843526,0.15936452,0.077002645,0.34531775,0.92965764,0.18396485,1.0010816,0.013591074,0.013237406,0.022040125,0.0098113995,0.012547496,0.042531013,0.043084085,0.11707008,0.049081508,0.963917,0.024898283,0.054980155,0.0674293,0.010008067,0.010204735
S01_stand_txside,person,train,1,4.380631900000001,1.0034287,0.052212413,0.9981653,0.01755948,0.016313083,0.031302717,0.010685041,0.013613659,0.06623707,0.0540787,0.16918194,0.07753609,0.3182375,0.92847157,0.18555997,1.003671,0.013191029,0.012708188,0.023014864,0.009989999,0.012745418,0.042319737,0.041056156,0.11608946,0.048934374,0.96489096,0.023917332,0.054278404,0.06623707,0.01033752,0.010685041
S01_stand_txside,person,train,1,4.860631900000001,1.0037147,0.049680673,1.0008075,0.020850688,0.020395482,0.032352347,0.011172388,0.014179005,0.06381798,0.052820683,0.17490071,0.07700651,0.31134295,0.9257254,0.18901893,1.0033259,0.015254521,0.0145562105,0.027580675,0.01017945,0.013050672,0.04264596,0.039579153,0.117295384,0.049465913,0.9661018,0.021172017,0.05323197,0.06381798,0.010675918,0.011172388
S01_stand_txside,person,train,1,5.340631900000002,1.0045244,0.048657876,0.9994401,0.023482263,0.02303008,0.03607688,0.011640046,0.014743665,0.06157877,0.05301726,0.1768778,0.07644254,0.31648123,0.91975015,0.19411504,0.9984063,0.021060059,0.020290835,0.033291206,0.010433877,0.013341211,0.040805656,0.034381628,0.106758356,0.04849489,0.97178745,0.020773113,0.051192213,0.06157877,0.011036961,0.011640046
S01_stand_txside,person,train,1,5.8206319,1.0050341,0.051572595,1.0038474,0.021277132,0.021509854,0.031447247,0.011776804,0.014968376,0.06445354,0.057581484,0.18457866,0.080050796,0.26432982,0.9104574,0.20058084,0.9975297,0.024075827,0.024781127,0.03709693,0.010146556,0.012932199,0.03871984,0.028761983,0.10849023,0.049698718,0.97850764,0.025733702,0.05158669,0.06445354,0.01096168,0.011776804
S01_stand_txside,person,train,1,6.300631900000001,1.0043274,0.05325506,1.0010157,0.019805111,0.019523837,0.02858335,0.011786912,0.0149673335,0.067859575,0.059846997,0.19451636,0.083731756,0.20299645,0.90150875,0.20747192,1.0047685,0.021301214,0.022163188,0.031618178,0.00983479,0.012592078,0.037820764,0.020283937,0.12557572,0.054004762,0.9839777,0.030038811,0.05284017,0.067859575,0.01081085,0.011786912
S01_stand_txside,person,train,1,6.780631900000002,1.0053947,0.055378586,1.0076501,0.018372755,0.01795775,0.028797157,0.011555796,0.014763131,0.07099059,0.061154664,0.2016223,0.08714324,0.15426634,0.89442873,0.21324277,1.0081067,0.0159749,0.01636426,0.022658609,0.009936674,0.0126694115,0.039400548,0.014630675,0.13827693,0.059219327,0.9876447,0.031590044,0.05519557,0.07099059,0.010746235,0.011555796
S01_stand_txside,person,train,1,7.260631900000001,1.0045434,0.055367544,1.0049151,0.019978117,0.019983264,0.03187029,0.011546218,0.014813816,0.071825966,0.061076283,0.20509845,0.08807653,0.13417223,0.89066243,0.2163303,1.0093279,0.013378457,0.013236194,0.019695587,0.009937731,0.01271898,0.041337147,0.0150203705,0.14306283,0.06247478,0.9893493,0.030488819,0.056581557,0.071825966,0.010741974,0.011546218
S01_stand_txside,person,train,1,7.740631900000002,1.0043632,0.059627227,1.0024824,0.038252763,0.037943993,0.05943464,0.01197779,0.015254678,0.07206496,0.06694454,0.1891151,0.08579969,0.2218575,0.8883213,0.21953462,1.0088868,0.014216335,0.013868624,0.022545485,0.010146235,0.013048452,0.04408362,0.017246723,0.14814162,0.06603632,0.98947585,0.027981337,0.058074288,0.07206496,0.011062013,0.01197779
S01_stand_txside,person,train,1,8.2206319,1.0060142,0.07407226,1.0053633,0.046921887,0.046947397,0.07612626,0.012706163,0.016278256,0.07796271,0.08090806,0.1687656,0.088891245,0.30267167,0.8870337,0.22284319,1.0118347,0.014490845,0.014155111,0.023136333,0.010692596,0.013754232,0.04633565,0.019133627,0.15451425,0.06916974,0.98946065,0.031627063,0.062149182,0.07796271,0.01169938,0.012706163
S01_stand_txside,person,train,1,8.700631900000001,1.0051767,0.0879991,1.0010021,0.038423907,0.037634857,0.061058696,0.013032305,0.016610859,0.08716968,0.09329945,0.16333246,0.098481044,0.28859523,0.8849065,0.22581692,1.0112274,0.015123477,0.014828873,0.024715474,0.01057198,0.013641254,0.048664905,0.01983428,0.1612792,0.07210865,0.99032265,0.038504772,0.06791729,0.08716968,0.0118021425,0.013032305
S01_stand_txside,person,train,1,9.1806319,1.0047667,0.091116704,1.0013018,0.03688651,0.038252633,0.057676096,0.013102708,0.01668163,0.090721965,0.09737873,0.16990954,0.10244383,0.26143092,0.8831032,0.2279361,1.0076028,0.01388062,0.0136124045,0.020297198,0.010318144,0.013283299,0.050742723,0.02283281,0.16609317,0.07430383,0.9911278,0.03997924,0.07073234,0.090721965,0.011710426,0.013102708
S01_stand_txside,person,train,1,9.660631900000002,1.0072718,0.078550115,1.0058805,0.048422635,0.05242373,0.07121318,0.012615702,0.016228065,0.08725903,0.08760375,0.19664663,0.09957179,0.1754694,0.8844675,0.2273467,1.01009,0.014696174,0.014328529,0.023694463,0.010293849,0.0132654095,0.04944502,0.019916773,0.16009128,0.07236289,0.99239653,0.037814014,0.06835203,0.08725903,0.011454776,0.012615702
S01_stand_txside,person,train,1,10.1406319,1.0073541,0.06653173,1.0045224,0.038460117,0.042196058,0.054380894,0.011711893,0.015039851,0.08511885,0.07849461,0.23045057,0.101191305,0.0034266375,0.8872447,0.22496523,1.01039,0.020137303,0.020885587,0.02877415,0.010283017,0.013147095,0.047371063,0.02123797,0.15255672,0.06916791,0.992,0.03774779,0.06624496,0.08511885,0.010997455,0.011711893
S01_stand_txside,person,train,1,10.620631900000003,1.0076805,0.058796413,0.9998171,0.028509516,0.029142303,0.041842848,0.011116061,0.014195642,0.07977637,0.071356356,0.2301529,0.0973207,-0.018132485,0.89631116,0.21508738,1.0099453,0.028577145,0.028962117,0.04619239,0.010196863,0.013073086,0.040589523,0.019690633,0.13300663,0.058537334,0.9891374,0.039186846,0.060182944,0.07977637,0.010656462,0.011116061
S01_stand_txside,person,train,1,11.100631899999998,1.00846,0.052497424,1.0056661,0.025315156,0.021740189,0.055741277,0.010917539,0.013921482,0.07191864,0.059346378,0.21256334,0.08866698,0.0943261,0.9050979,0.20752119,1.0051188,0.029258879,0.030141892,0.051725723,0.010272658,0.013139051,0.037349768,0.023723722,0.12150097,0.05144929,0.9853322,0.03456887,0.054634202,0.07191864,0.010595098,0.010917539
S01_stand_txside,person,train,1,11.580631900000004,1.0054791,0.04934391,1.0055372,0.029960526,0.028608017,0.049517352,0.0109139485,0.013877961,0.06724082,0.056943417,0.19835156,0.0830588,0.18161,0.91502315,0.19596693,1.0102807,0.029277174,0.028270222,0.0536706,0.010135089,0.012960899,0.038328756,0.03322029,0.10510206,0.047803063,0.97554135,0.028912064,0.052784786,0.06724082,0.010524519,0.0109139485
S01_stand_txside,person,train,1,12.060631900000002,1.0027817,0.047452834,1.0034488,0.029325292,0.029280659,0.04304373,0.010946125,0.013974149,0.06276815,0.055585444,0.17791498,0.076435246,0.3078272,0.92422277,0.18576658,0.99841994,0.020076465,0.018669546,0.033762425,0.009951131,0.012831942,0.042159766,0.03970194,0.116437495,0.04939033,0.96447927,0.02060838,0.052463956,0.06276815,0.010448628,0.010946125
S01_stand_txside,person,train,1,12.540631900000003,1.0018649,0.051129706,0.9972251,0.029745985,0.029755574,0.044836886,0.010706954,0.013686673,0.0670185,0.060857892,0.17485005,0.07854852,0.290071,0.9281215,0.18101399,1.0002928,0.02152592,0.020567345,0.03629341,0.010196251,0.013254289,0.044631436,0.045015454,0.11863005,0.051882144,0.9580755,0.022387065,0.05582497,0.0670185,0.010451602,0.010706954
S01_stand_txside,person,train,1,13.020631900000001,1.0016932,0.058142833,0.999154,0.019778797,0.019849526,0.03067776,0.0101912,0.013025314,0.07550867,0.07187772,0.18142253,0.086638495,0.19082344,0.9357754,0.17296761,1.0052915,0.017439514,0.016731441,0.03029269,0.010388204,0.013493612,0.05106445,0.05167198,0.1304959,0.058948267,0.94365877,0.024444219,0.06328656,0.07550867,0.010289703,0.010388204
S01_stand_txside,person,train,1,13.500631900000004,1.0013416,0.058496077,1.0004462,0.017207982,0.016789185,0.02616541,0.009901416,0.012708149,0.073273234,0.069497466,0.16890079,0.08308203,0.2619578,0.93704927,0.17145477,1.0128204,0.017257312,0.016408002,0.028478263,0.010254827,0.013366016,0.053864032,0.05321622,0.13617045,0.062228218,0.9370287,0.019409202,0.06356864,0.073273234,0.010078121,0.010254827
S01_stand_txside,person,train,1,13.980631899999999,1.0019879,0.05198652,1.0010232,0.027610986,0.029347843,0.043606937,0.009982662,0.012825469,0.06296094,0.059107304,0.14714998,0.07192287,0.42214093,0.9395123,0.16966431,1.013342,0.015901767,0.015031734,0.026895557,0.0100065945,0.01300931,0.055576548,0.053789854,0.14323878,0.06452885,0.9325816,0.0073843896,0.059268743,0.06296094,0.009994628,0.0100065945
S01_stand_txside,person,train,1,14.460631900000001,1.0017716,0.046647105,0.9988558,0.031951632,0.033884786,0.050271146,0.010099309,0.012986075,0.0464835,0.04089713,0.115819514,0.054578014,0.70478517,0.9387202,0.17131168,1.012111,0.017263353,0.01604709,0.030415317,0.009800913,0.012579125,0.05469685,0.050902843,0.14668798,0.0639045,0.9340319,0.008213349,0.050590176,0.05469685,0.009950111,0.010099309
S01_stand_txside,person,train,1,14.940631900000003,1.0017276,0.04618701,0.99921227,0.02824374,0.029419778,0.044541057,0.0105267735,0.0135640865,0.04138241,0.03695464,0.108362615,0.049554687,0.7799853,0.9344119,0.17814031,1.0120949,0.018896032,0.01750198,0.03271809,0.009685222,0.01249058,0.05258463,0.050568342,0.14270002,0.061074696,0.9410047,0.01120222,0.046983518,0.05258463,0.010105997,0.0105267735
S01_stand_txside,person,train,1,15.420631900000004,1.0020107,0.04913616,0.9987597,0.036503203,0.038169056,0.05671796,0.012092452,0.015886467,0.0393862,0.038169205,0.10128522,0.04685398,0.80540705,0.92970747,0.18632625,1.0044552,0.019624243,0.016794551,0.042535532,0.009900755,0.012761617,0.052321374,0.05106938,0.13687414,0.060118675,0.946623,0.012935173,0.045853786,0.052321374,0.010996603,0.012092452
S01_stand_txside,person,train,1,15.900631900000002,0.9912944,0.090734534,1.0014086,0.10007664,0.11173245,0.15814878,0.014289217,0.018989608,0.060103487,0.06236291,0.12540668,0.069076546,0.67850083,0.9280442,0.18854174,0.99757856,0.019303808,0.017179536,0.038347904,0.01038964,0.013345627,0.049770102,0.04734087,0.12643015,0.05716702,0.953296,0.010333385,0.054936796,0.060103487,0.012339428,0.014289217
S01_stand_txside,person,train,1,16.380631900000004,0.9597785,0.14953445,1.0082717,0.13344698,0.13432392,0.2491329,0.016275415,0.021040991,0.11359087,0.12754166,0.18659186,0.12524219,0.6254123,0.9308425,0.1846225,1.0002216,0.025805732,0.023164758,0.04829411,0.0106648225,0.013633127,0.04928392,0.04776317,0.12516528,0.056538448,0.952129,0.064306945,0.081437394,0.11359087,0.013470119,0.016275415
S01_stand_txside,person,train,1,16.8606319,0.9321089,0.2037815,1.0202137,0.1120649,0.102681294,0.22456297,0.017610924,0.022698801,0.16443661,0.17922497,0.27557117,0.18277153,0.6050557,0.93523777,0.17848563,0.9987084,0.02821939,0.02534255,0.050520416,0.010826067,0.01386033,0.05122856,0.050108194,0.13395292,0.059018124,0.94530797,0.11320805,0.10783258,0.16443661,0.014218496,0.017610924
S01_stand_txside,person,train,1,17.3406319,0.9259309,0.23003,1.0250434,0.081467666,0.07199832,0.173446,0.01765222,0.022644773,0.18844417,0.20926082,0.31684124,0.20966583,0.58539885,0.94153875,0.16954817,0.9999867,0.02491608,0.02528032,0.039715737,0.010924949,0.01398789,0.051802386,0.048677802,0.13410574,0.060202774,0.942543,0.13664179,0.120123275,0.18844417,0.014288584,0.01765222
S01_stand_txside,person,train,1,17.820631900000002,0.93531704,0.1831374,1.009533,0.11179399,0.08576585,0.24553499,0.017350402,0.022022394,0.14774287,0.15782946,0.25190884,0.16461359,0.5974774,0.94491315,0.16378435,1.0089345,0.020905234,0.021226384,0.03292271,0.010571365,0.013604248,0.054089323,0.0513947,0.14198202,0.06351275,0.9368291,0.093653545,0.100916095,0.14774287,0.013960883,0.017350402
S01_stand_txside,person,train,1,18.300631900000006,0.9675954,0.09964564,0.9805815,0.11396829,0.08310586,0.25561595,0.016359141,0.020562967,0.076451354,0.07984352,0.14092177,0.087797515,0.6062303,0.9458828,0.16324186,1.0099227,0.017888637,0.017896215,0.029352745,0.010345306,0.0134413615,0.054765698,0.053630352,0.14626396,0.06469582,0.93477726,0.021685656,0.065608524,0.076451354,0.013352224,0.016359141
S01_stand_txside,person,train,1,18.780631900000007,0.9986249,0.055603202,0.998875,0.08257668,0.08579241,0.14387725,0.015717879,0.01982633,0.063274905,0.06316286,0.16063362,0.0735001,0.41477606,0.9470054,0.16037837,1.0072489,0.01758292,0.016303789,0.031288873,0.010198373,0.0132205235,0.053813692,0.055294037,0.14350444,0.0638672,0.93758726,0.009461213,0.0585443,0.063274905,0.012958126,0.015717879
S01_stand_txside,person,train,1,19.260631900000007,1.0100282,0.056763694,1.0118757,0.05164256,0.05379827,0.07469445,0.01523241,0.019209776,0.07741912,0.06900334,0.22734743,0.096318595,-0.019726342,0.9519346,0.15362819,1.0044123,0.021005303,0.019930942,0.037807204,0.010242398,0.01332686,0.06080167,0.060667157,0.14894742,0.07142751,0.92425966,0.016617447,0.06911039,0.07741912,0.012737405,0.01523241
S01_stand_txside,person,train,1,19.740631900000004,1.0125937,0.07009027,1.0067647,0.028198646,0.023453936,0.05404238,0.014146143,0.017760612,0.09075334,0.08049786,0.25227505,0.11182102,-0.15512164,0.9581556,0.14556146,1.0058181,0.026226772,0.025843732,0.04494154,0.010359929,0.013417633,0.0716237,0.074103355,0.15984428,0.08231196,0.9018422,0.019129641,0.081188515,0.09075334,0.012253036,0.014146143
S01_stand_txside,person,train,1,20.220631900000004,1.0088564,0.06564507,1.0036517,0.02489619,0.02317299,0.042738575,0.013525242,0.017014937,0.08623076,0.07725704,0.23769754,0.10461934,-0.07681747,0.9641473,0.1384965,0.9947539,0.023008348,0.022206672,0.0362523,0.0106288465,0.013643777,0.08284452,0.08741188,0.17377836,0.09359315,0.8736794,0.0033862442,0.08453764,0.08623076,0.012077045,0.013525242
S01_stand_txside,person,train,1,20.70063190000001,1.0097243,0.06929169,1.0036595,0.022931442,0.022187775,0.033559225,0.013453893,0.016962456,0.09056944,0.08055276,0.25048953,0.11027514,-0.13998917,0.9664956,0.13726145,1.0020976,0.019190274,0.018047957,0.033211157,0.010635651,0.013678843,0.08716253,0.092815876,0.17924953,0.09791969,0.860856,0.0034069046,0.08886598,0.09056944,0.0120447725,0.013453893
S01_stand_txside,person,train,1,21.1806319,1.0110881,0.0723289,1.0049868,0.023890791,0.023127574,0.037248395,0.013332565,0.0169067,0.093254,0.08198649,0.2589473,0.114065126,-0.17008102,0.9688286,0.13508701,1.0078208,0.019399561,0.019207813,0.034334753,0.011056778,0.01434523,0.09118053,0.096796274,0.18437964,0.101816386,0.84963715,0.0020734668,0.09221727,0.093254,0.012194672,0.013332565
S01_stand_txside,person,train,1,21.66063190000001,1.0109134,0.07388781,0.9985367,0.024296463,0.023104535,0.03928624,0.013497406,0.01700095,0.09494901,0.08447671,0.26290792,0.11531667,-0.17202184,0.96801615,0.1359672,1.0088295,0.018957095,0.01851527,0.034993142,0.010995671,0.014339083,0.09113259,0.0972594,0.18700838,0.10183178,0.8476976,0.0038164183,0.093040794,0.09494901,0.012246538,0.013497406
S01_stand_txside,person,train,1,22.140631900000006,1.0109389,0.07256125,1.0022062,0.024382096,0.022991113,0.04024003,0.013982856,0.01769053,0.09384801,0.084104955,0.25864094,0.114499904,-0.17571852,0.96770996,0.13614075,1.0102767,0.019522771,0.018773131,0.034735743,0.011230316,0.014711472,0.092385344,0.09688449,0.18924701,0.10334282,0.8405759,0.0014626682,0.09311668,0.09384801,0.012606585,0.013982856
S01_stand_txside,person,train,1,22.620631900000006,1.010287,0.0674334,1.0046585,0.027791576,0.022948632,0.057617623,0.014249835,0.017923731,0.088298805,0.079770625,0.23861307,0.107337296,-0.10551143,0.9700563,0.13009633,1.0099789,0.018514447,0.018580379,0.032665405,0.011179787,0.014542131,0.10078053,0.10995793,0.19981205,0.1122214,0.8063951,0.012481727,0.09453967,0.10078053,0.012714811,0.014249835
S01_stand_txside,person,train,1,23.100631900000007,1.0079696,0.05778996,1.0069443,0.030612513,0.02588642,0.063937485,0.014216992,0.017846314,0.0775814,0.073037684,0.21249634,0.0941444,0.037613034,0.9710611,0.12743287,1.0074869,0.01642374,0.016566139,0.028428514,0.010802949,0.013909434,0.10560412,0.112672925,0.21014035,0.11739179,0.7831264,0.028022721,0.09159276,0.10560412,0.01250997,0.014216992
S01_stand_txside,person,train,1,23.580631900000004,1.0053205,0.04881207,1.0037841,0.024701668,0.022267073,0.046431866,0.014020476,0.017754067,0.06523025,0.061048627,0.17650247,0.0788,0.26899937,0.9701999,0.12698752,1.0039496,0.015459042,0.015203316,0.027796617,0.010526639,0.01356605,0.10611966,0.113796115,0.21342319,0.11819118,0.777408,0.040889412,0.08567496,0.10611966,0.0122735575,0.014020476
S01_stand_txside,person,train,1,24.060631900000008,1.0044578,0.04452908,1.0007465,0.022815231,0.021965213,0.037754547,0.013152007,0.016655156,0.05645977,0.051873922,0.15601206,0.06820172,0.46460715,0.96989334,0.12731327,1.0033511,0.015107509,0.015046834,0.025705526,0.009937191,0.012734461,0.105562106,0.11292863,0.21218246,0.11781564,0.77868825,0.049102336,0.08101094,0.105562106,0.011544599,0.013152007
S01_stand_txside,person,train,1,24.540631900000005,1.0040851,0.04395726,0.99964905,0.020695722,0.020268902,0.030015009,0.012227545,0.015674,0.054197215,0.048882663,0.15071672,0.0654006,0.51864874,0.9693647,0.12880267,1.0036328,0.014669019,0.014506522,0.022998223,0.0098869065,0.0127019575,0.10443611,0.11273527,0.20945609,0.11685011,0.7822061,0.050238892,0.07931666,0.10443611,0.011057226,0.012227545
S01_stand_txside,person,train,1,25.0206319,1.0039582,0.044903457,1.000759,0.020514037,0.020583214,0.030502668,0.011332373,0.014649378,0.055045635,0.05028993,0.14965928,0.06615351,0.50545603,0.96864635,0.13002087,1.0037009,0.012761132,0.012768188,0.01974841,0.009411529,0.012032634,0.10212835,0.11069417,0.20316088,0.11437282,0.79311454,0.047082715,0.078586996,0.10212835,0.010371951,0.011332373
S01_stand_txside,person,train,1,25.500631900000002,1.0038339,0.044174723,1.000184,0.018200165,0.018012822,0.029837132,0.010646508,0.013686407,0.0534043,0.04840684,0.14690548,0.06411795,0.543437,0.96936244,0.12866051,1.0047996,0.012710125,0.012340065,0.021119643,0.009432468,0.012080529,0.10390796,0.11559826,0.20475781,0.116195306,0.78564596,0.050503656,0.07865613,0.10390796,0.010039488,0.010646508
S01_stand_txside,person,train,1,25.980631900000006,1.0034766,0.044132788,1.0015682,0.018633826,0.018616887,0.028926881,0.009899337,0.012677721,0.049585577,0.04456848,0.13544571,0.059479456,0.6283698,0.9706748,0.12686941,1.0049707,0.012616153,0.012105713,0.020792857,0.009327845,0.012054546,0.10610171,0.116755486,0.20745277,0.118273325,0.77793396,0.05651613,0.07784364,0.10610171,0.00961359,0.009899337
S01_stand_txside,person,train,1,26.460631900000006,1.0033256,0.045112457,0.99780875,0.02059927,0.020109344,0.032340962,0.010298749,0.013326795,0.04363476,0.040427685,0.11471629,0.051883593,0.7502752,0.9704765,0.1277188,1.0073693,0.013991193,0.013297097,0.023460383,0.009541324,0.012515993,0.10437257,0.116108656,0.20719844,0.11652667,0.7864119,0.060737807,0.07400367,0.10437257,0.009920036,0.010298749
S01_stand_txside,person,train,1,26.940631900000007,1.0030222,0.048376553,0.99938256,0.018432863,0.017360019,0.032112557,0.010069191,0.013055738,0.036293536,0.033363342,0.09464079,0.042943012,0.855774,0.9690622,0.13023481,1.0078286,0.016271912,0.015917681,0.02738845,0.009555847,0.012622232,0.10040324,0.10851252,0.20449513,0.11248866,0.80317956,0.064109705,0.06834839,0.10040324,0.009812519,0.010069191
S01_stand_txside,person,train,1,27.420631900000007,1.0027857,0.05204,0.99969244,0.015400812,0.015625676,0.025334308,0.010218703,0.013256858,0.032271106,0.03165734,0.08008069,0.037765376,0.8944445,0.9662562,0.1360756,1.011215,0.020695932,0.019980177,0.03575377,0.009746979,0.012805587,0.09259483,0.09706843,0.19618309,0.1046046,0.8326831,0.060323726,0.062432967,0.09259483,0.009982841,0.010218703
S01_stand_txside,person,train,1,27.900631900000008,1.0029076,0.053199038,1.0015268,0.014189835,0.01421055,0.023554118,0.010108653,0.013152455,0.030841257,0.03027451,0.07653707,0.036160503,0.9046343,0.96289855,0.14319743,1.0025901,0.020134522,0.018733116,0.033365697,0.009608069,0.012593109,0.08332326,0.08426839,0.18358654,0.09584438,0.8611469,0.052482005,0.05708226,0.08332326,0.009858361,0.010108653
S01_stand_txside,person,train,1,28.380631900000008,1.0023423,0.05211539,1.0009955,0.014933083,0.014804375,0.023983398,0.009560647,0.0123311225,0.03086534,0.02800417,0.080758214,0.036521666,0.90568465,0.95710564,0.15041263,0.99762475,0.019557783,0.018374108,0.03257441,0.009818456,0.012739249,0.0736037,0.0751096,0.16855252,0.08616447,0.8865252,0.042738356,0.05223452,0.0736037,0.009689552,0.009818456
S01_stand_txside,person,train,1,28.86063190000001,1.0023245,0.049766738,1.0002012,0.01599991,0.015921101,0.029437138,0.009366105,0.012079313,0.032638177,0.029482663,0.0907079,0.039262474,0.8895486,0.949488,0.1579764,1.0020763,0.019159988,0.018768767,0.030785691,0.009976403,0.012866299,0.06450573,0.06683183,0.15298355,0.075792626,0.9096776,0.031867556,0.048571955,0.06450573,0.009671254,0.009976403
S01_stand_txside,person,train,1,29.340631900000012,1.0016278,0.04849556,1.0014718,0.014396479,0.014258079,0.024220334,0.008908781,0.011450329,0.035251778,0.031852186,0.09906584,0.04255772,0.859523,0.94336605,0.16293636,1.0075455,0.02070475,0.020403702,0.03326905,0.009853626,0.01273853,0.058023073,0.054546118,0.13713247,0.06784171,0.9259571,0.022771295,0.046637423,0.058023073,0.009381203,0.009853626
S01_stand_txside,person,train,1,29.82063190000001,1.0011696,0.048828382,1.0003328,0.01283958,0.013146738,0.019605378,0.008991232,0.011614047,0.037925825,0.033791304,0.10203725,0.044880055,0.8308139,0.93422884,0.1702739,1.0059352,0.021814505,0.021875886,0.035744447,0.009811315,0.012678897,0.050228458,0.050777674,0.120966494,0.05798355,0.9445631,0.012302633,0.044077143,0.050228458,0.009401273,0.009811315
S01_stand_txside,person,train,1,30.300631900000006,1.0014328,0.049090955,0.9971202,0.0132940775,0.01307446,0.02085413,0.00916759,0.011939623,0.041608065,0.036293387,0.10678196,0.048440546,0.78539425,0.92713124,0.1777756,1.0013305,0.018759806,0.018851025,0.030323582,0.009180518,0.011876663,0.044879362,0.047231555,0.10639012,0.05156199,0.9573601,0.0032712966,0.043243714,0.044879362,0.0091740545,0.009180518
S01_stand_txside,person,train,1,30.780631900000003,1.0007766,0.048783857,0.99739283,0.0146215055,0.014582459,0.024528278,0.009487476,0.012352717,0.04599643,0.040854692,0.11377996,0.052848127,0.72645146,0.92246616,0.18321933,1.0064105,0.016844798,0.0167976,0.026297934,0.009054236,0.0117021995,0.041854978,0.04205215,0.099169195,0.048697352,0.964507,0.0041414537,0.043925703,0.04599643,0.009270856,0.009487476
S01_stand_txside,person,train,1,31.260631900000003,1.0011872,0.04920529,1.000978,0.015242104,0.015105981,0.024990566,0.009660647,0.012565022,0.050467215,0.044950962,0.123960614,0.05798132,0.6498419,0.92159843,0.18360797,1.0064598,0.016426913,0.016611643,0.025279172,0.0089950245,0.011689097,0.0410755,0.041047156,0.102155805,0.048119523,0.96571094,0.009391714,0.04577136,0.050467215,0.009327836,0.009660647
S01_stand_txside,person,train,1,31.740631900000007,1.0019059,0.048793368,0.9988175,0.016489055,0.015795073,0.03082407,0.010177504,0.013244857,0.055520244,0.047782302,0.14247358,0.06457845,0.54121524,0.92637885,0.18032755,1.0019237,0.020921264,0.020880226,0.0318636,0.009754358,0.012629615,0.043629415,0.045627594,0.110510826,0.050630152,0.95984524,0.011890829,0.04957483,0.055520244,0.009965931,0.010177504
S01_stand_txside,person,train,1,32.22063190000001,1.0020889,0.04872752,1.0022566,0.01626586,0.015581178,0.025222082,0.010404718,0.013536268,0.058738504,0.050679684,0.15453732,0.06898953,0.4618287,0.929925,0.17747581,1.005872,0.021085875,0.020973736,0.031643003,0.010695094,0.013804883,0.045387685,0.045956373,0.11741722,0.052388165,0.95595473,0.013350818,0.052063093,0.058738504,0.010549907,0.010695094
S01_stand_txside,person,train,1,32.700631900000005,1.0022875,0.048812956,1.0011948,0.015785413,0.015781498,0.024480272,0.010623292,0.01367486,0.059937265,0.051425576,0.16299444,0.07095736,0.42517313,0.93224347,0.17709772,1.0063647,0.020457719,0.020441007,0.028212568,0.011754787,0.0150990635,0.04532993,0.045858026,0.11901611,0.05249397,0.9559077,0.014607336,0.0526336,0.059937265,0.01118904,0.011754787
S01_stand_txside,person,train,1,33.18063190000001,1.0023817,0.0495873,0.9996946,0.01783807,0.017021103,0.02940747,0.01121033,0.0144257685,0.06438089,0.05436504,0.17686069,0.07668623,0.31680465,0.9303831,0.17992415,0.9998654,0.022698438,0.023251485,0.033391137,0.012301883,0.01563338,0.04295038,0.04466808,0.11310631,0.0494561,0.96164817,0.021430511,0.053665638,0.06438089,0.011756106,0.012301883
S01_stand_txside,person,train,1,33.660631900000006,1.002143,0.050907478,1.0024688,0.018181333,0.016983962,0.03025184,0.011774199,0.015164473,0.06769974,0.059716225,0.1810168,0.080261216,0.25340223,0.92454094,0.18548176,1.0031627,0.021788465,0.021820277,0.031278558,0.0132554425,0.0167677,0.038710967,0.03946364,0.09918684,0.044817876,0.9709424,0.028988771,0.053205352,0.06769974,0.01251482,0.0132554425
S01_stand_txside,person,train,1,34.14063190000001,1.001501,0.052399244,1.0030243,0.019040916,0.018852144,0.029959844,0.012046395,0.015459895,0.07047085,0.063188195,0.18427289,0.0828055,0.21357702,0.91888595,0.19039789,1.0084096,0.018664703,0.018768424,0.029697277,0.012715642,0.016191421,0.036535304,0.03300649,0.09143782,0.043499146,0.9764026,0.033935543,0.053503074,0.07047085,0.012381019,0.012715642
S01_stand_txside,person,train,1,34.620631900000014,1.0019016,0.05397229,1.0002785,0.01994922,0.019513788,0.029661847,0.012125488,0.015605468,0.07125343,0.06193173,0.1874572,0.083121106,0.22129542,0.91758,0.18968679,1.0106232,0.017106451,0.016700659,0.028845066,0.011898679,0.015264534,0.035886038,0.032103658,0.09057337,0.043078754,0.97690576,0.03536739,0.053569734,0.07125343,0.012012083,0.012125488
S01_stand_txside,person,train,1,35.10063190000001,1.0020286,0.052899826,0.9987674,0.020139072,0.019509938,0.033865068,0.011483083,0.014854257,0.06744216,0.060483575,0.17106164,0.07795204,0.31475237,0.9194865,0.18619247,1.0099274,0.018622857,0.01747392,0.034146983,0.011659579,0.0149955135,0.034610808,0.031614542,0.09172213,0.041180678,0.9769781,0.03283135,0.051026482,0.06744216,0.011571331,0.011659579
S01_stand_txside,person,train,1,35.58063190000001,1.001367,0.051298182,0.99701273,0.018171579,0.017885193,0.03066464,0.010535695,0.013633025,0.062144652,0.055725098,0.15674454,0.07130026,0.43014994,0.9212887,0.18374489,1.0094723,0.01756411,0.016010484,0.032066785,0.010633053,0.013643395,0.034672372,0.034206927,0.093786836,0.04092574,0.97581,0.02747228,0.048408512,0.062144652,0.010584374,0.010633053
S01_stand_txside,person,train,1,36.060631900000004,1.0017107,0.050655987,0.999478,0.014756312,0.014868785,0.023290321,0.010172694,0.013183191,0.057214577,0.05203092,0.14474559,0.06544732,0.5306699,0.9236087,0.18044029,1.0104475,0.016130084,0.01591082,0.024902465,0.010466563,0.013419985,0.03307168,0.03309107,0.092528045,0.0387251,0.9769932,0.024142895,0.045143127,0.057214577,0.010319628,0.010466563
S01_stand_txside,person,train,1,36.54063190000001,1.0016335,0.04991891,0.9998139,0.013497723,0.013061127,0.022827826,0.0100813145,0.013100042,0.055885788,0.052689314,0.13973981,0.0641015,0.5516701,0.92312175,0.1797424,1.0070287,0.016522007,0.016506514,0.023913607,0.010273039,0.013163386,0.029825915,0.029310346,0.08608276,0.03528118,0.98090875,0.026059873,0.04285585,0.055885788,0.010177176,0.010273039
S01_stand_txside,person,train,1,37.020631900000005,1.0019355,0.050000448,0.99798846,0.015244079,0.015256446,0.02745792,0.009966791,0.012939363,0.05908408,0.054597735,0.15096927,0.06812586,0.48206764,0.9204124,0.18264686,1.0079834,0.016368685,0.016137034,0.024461411,0.010235205,0.013095868,0.0279758,0.02649957,0.08117831,0.033897407,0.9837989,0.03110828,0.04352994,0.05908408,0.010100998,0.010235205
S01_stand_txside,person,train,1,37.50063190000001,1.0019697,0.051817834,0.9957931,0.0181282,0.016968282,0.03212954,0.009933142,0.01282426,0.06555075,0.0593912,0.16944408,0.075839825,0.3480829,0.9175924,0.18446894,1.008341,0.01514071,0.015185994,0.023057908,0.010183519,0.013092389,0.026623588,0.023168206,0.07792431,0.033091154,0.9860517,0.038927164,0.04608717,0.06555075,0.01005833,0.010183519
S01_stand_txside,person,train,1,37.980631900000006,1.0021971,0.05510114,1.0021391,0.019246787,0.01864929,0.037980415,0.010214494,0.013170938,0.073341385,0.06549311,0.18990648,0.08504111,0.1930102,0.9149396,0.1869873,1.0082773,0.014919996,0.014782046,0.024594914,0.0102536455,0.013160564,0.02590218,0.019153237,0.076175034,0.033361923,0.98773545,0.047439203,0.049621783,0.073341385,0.010234069,0.0102536455
S01_stand_txside,person,train,1,38.46063190000001,1.0039785,0.05991094,1.0054536,0.017849341,0.01675715,0.03638464,0.010083171,0.012998578,0.08171455,0.07395744,0.21316224,0.095616035,0.02947849,0.91369736,0.18889567,1.0080928,0.015638903,0.015236597,0.023399727,0.010534462,0.013488518,0.025084471,0.01752758,0.07349467,0.033201225,0.9892864,0.056630075,0.05339951,0.08171455,0.010308816,0.010534462
S01_stand_txside,person,train,1,38.94063190000001,1.0051693,0.06587345,1.0011826,0.016579144,0.016218418,0.029836725,0.010263532,0.013220893,0.089516476,0.08201617,0.23314875,0.10529385,-0.09140715,0.91177905,0.19106118,1.0083559,0.016246516,0.016124416,0.024862928,0.010534877,0.01341958,0.023421267,0.012151599,0.07751578,0.033094656,0.99135894,0.06609521,0.05646887,0.089516476,0.010399205,0.010534877
S01_stand_txside,person,train,1,39.42063190000001,1.0071331,0.06882912,1.0034153,0.016024876,0.01610962,0.025511632,0.010476489,0.013496637,0.09257394,0.08581668,0.24601835,0.11015341,-0.1476836,0.91103834,0.19330052,1.0106848,0.015715184,0.015735658,0.025649382,0.010655995,0.013508155,0.022378135,0.009101033,0.080188155,0.03300813,0.99305624,0.07019581,0.057476036,0.09257394,0.010566242,0.010655995
S01_stand_txside,person,train,1,39.900631900000015,1.0082647,0.07195567,1.002476,0.014898901,0.014527047,0.026120696,0.01038263,0.013409779,0.09561995,0.08728105,0.25322145,0.11418429,-0.18234946,0.9113772,0.19412945,1.0130343,0.015998106,0.015953127,0.025078071,0.010859861,0.013732867,0.023184143,0.011141658,0.081631124,0.033525076,0.9928785,0.0724358,0.059402045,0.09561995,0.010621246,0.010859861
S01_stand_txside,person,train,1,40.380631900000004,1.0069398,0.07145204,1.000111,0.016739197,0.016944276,0.0249956,0.010709586,0.013746011,0.09502863,0.08536923,0.24736112,0.112545945,-0.15757011,0.9104471,0.1955584,1.0140942,0.016308814,0.016226748,0.02801895,0.010586113,0.013374536,0.025888579,0.014263153,0.08705926,0.03642436,0.99125946,0.069140054,0.060458604,0.09502863,0.010647849,0.010709586
S01_stand_txside,person,train,1,40.860631900000016,1.0054084,0.06624344,1.0022233,0.02078522,0.019431781,0.035147004,0.011879919,0.015379547,0.08894728,0.08108485,0.23378724,0.10519209,-0.08377956,0.9105665,0.19594657,1.0077437,0.017753512,0.017326493,0.029285373,0.010849858,0.013753774,0.030910563,0.019775987,0.09307045,0.04067473,0.9866697,0.05803672,0.059928924,0.08894728,0.011364888,0.011879919
S01_stand_txside,person,train,1,41.340631900000005,1.0031185,0.06103413,1.004481,0.02163793,0.019707683,0.04009657,0.012403774,0.01588444,0.08261999,0.07474482,0.21512634,0.09708859,0.012743653,0.9106474,0.19535314,1.0006546,0.016487055,0.016160663,0.029357383,0.010730131,0.013575363,0.03486876,0.025244892,0.09637439,0.043949433,0.9821662,0.04775123,0.05874437,0.08261999,0.011566952,0.012403774
S01_stand_txside,person,train,1,41.82063190000001,1.0019298,0.05783211,1.0028119,0.019835442,0.0199379,0.032647055,0.012791494,0.016292576,0.07769651,0.07104927,0.20059747,0.0906004,0.108167656,0.9095817,0.19631013,1.0042464,0.017179735,0.017065179,0.02840813,0.010474113,0.013304214,0.03411206,0.023970008,0.095380664,0.04409305,0.9832021,0.04358445,0.055904284,0.07769651,0.011632804,0.012791494
S01_stand_txside,person,train,1,42.300631900000006,1.0012027,0.056259196,1.0025325,0.01929901,0.019238012,0.029789105,0.012494338,0.01595417,0.07434972,0.06789982,0.19354707,0.086263046,0.17971918,0.909749,0.19516876,1.0058707,0.01738455,0.017236808,0.029614385,0.010458981,0.013323652,0.03249633,0.02340269,0.092036545,0.04255686,0.9842643,0.041853387,0.053423025,0.07434972,0.011476659,0.012494338
S01_stand_txside,person,train,1,42.78063190000001,1.0005281,0.056277625,0.9993867,0.017978942,0.018205496,0.029274482,0.01133297,0.014413836,0.07337487,0.06709504,0.19008768,0.08461644,0.21283713,0.9093977,0.19487762,1.0082903,0.016649483,0.016980596,0.024358433,0.010419883,0.013223372,0.029697008,0.018012166,0.08722937,0.04038149,0.98690295,0.04367786,0.051535938,0.07337487,0.0108764265,0.01133297
S01_stand_txside,person,train,1,43.260631900000014,1.0010475,0.059353326,1.0002353,0.017631346,0.017711427,0.026363572,0.01175739,0.014948897,0.07501252,0.068528235,0.19079489,0.086093284,0.21311519,0.90998995,0.19532298,1.0088584,0.016285155,0.016210144,0.025335383,0.01098653,0.014035059,0.028778125,0.015875816,0.08933681,0.039888114,0.98746717,0.046234395,0.05189532,0.07501252,0.01137196,0.01175739
S01_stand_txside,person,train,1,43.74063190000002,1.0010492,0.059006136,1.0048509,0.020412538,0.020430205,0.033015553,0.011759676,0.014868761,0.07636663,0.0691275,0.20112616,0.08839473,0.16519241,0.91145575,0.19436146,1.0061244,0.016589828,0.016554985,0.025012288,0.011581833,0.01472336,0.030612085,0.019227743,0.08984971,0.040678717,0.98516774,0.04575455,0.053489357,0.07636663,0.011670754,0.011759676
S01_stand_txside,person,train,1,44.220631900000015,1.0014768,0.054561943,1.0103759,0.02844522,0.026835581,0.054505397,0.012174028,0.015332375,0.07317564,0.064284444,0.20440155,0.08700706,0.14718793,0.9093066,0.19860786,1.007252,0.018819548,0.019206394,0.028857848,0.011752129,0.014850335,0.032563064,0.019020796,0.102258086,0.044285942,0.9847994,0.040612575,0.05286935,0.07317564,0.011963079,0.012174028
S01_stand_txside,person,train,1,44.70063190000002,1.0014179,0.05147072,1.00315,0.030030701,0.029134816,0.053742327,0.012743096,0.015974456,0.0692518,0.059268653,0.20442325,0.08495345,0.15926556,0.90435326,0.20427121,1.0086825,0.022842351,0.021524156,0.034498006,0.011335303,0.014363457,0.034379307,0.018170953,0.11433762,0.048998594,0.9861883,0.03487249,0.051815554,0.0692518,0.0120391995,0.012743096
S01_stand_txside,person,train,1,45.180631900000016,1.0031519,0.053544972,1.0011973,0.02684477,0.027697807,0.04093482,0.012727015,0.01598796,0.073413946,0.06415397,0.21825439,0.0903002,0.06521468,0.8985831,0.21033582,1.0102186,0.02160603,0.021188382,0.032626376,0.011030164,0.0139311,0.037440307,0.017896175,0.12778255,0.054872863,0.9877695,0.03597364,0.055427127,0.073413946,0.011878589,0.012727015
S01_stand_txside,person,train,1,45.660631900000006,1.0087413,0.05986132,1.003524,0.03247385,0.024702733,0.06711592,0.012955439,0.01630896,0.081541434,0.067800045,0.24789721,0.10163926,-0.09659413,0.8956229,0.21342549,1.015522,0.017972346,0.017353937,0.027426573,0.010672816,0.013434969,0.03844525,0.01569593,0.1312753,0.05725814,0.9898623,0.043096185,0.05999334,0.081541434,0.011814128,0.012955439
S01_stand_txside,person,train,1,46.14063190000001,1.0140488,0.069316894,0.9989656,0.037791155,0.029819267,0.074645475,0.013702328,0.017373635,0.091235854,0.077292025,0.28068024,0.11492173,-0.23038946,0.8946685,0.21172561,1.0135862,0.01776944,0.016975708,0.029937752,0.010623129,0.013455659,0.03739518,0.013211191,0.12763184,0.056333225,0.9903008,0.053840674,0.06431551,0.091235854,0.012162728,0.013702328
S01_stand_txside,person,train,1,46.62063190000001,1.0190562,0.08100025,0.9993027,0.032096513,0.028068451,0.059047155,0.013816712,0.017590232,0.1012759,0.081071794,0.3092913,0.1288155,-0.31720746,0.8976974,0.2070421,1.0122544,0.017009914,0.016316023,0.030312981,0.011474757,0.014636899,0.03419754,0.012666225,0.11753988,0.0517825,0.98976165,0.06707836,0.067736715,0.1012759,0.0126457345,0.013816712
S01_stand_txside,person,train,1,47.10063190000001,1.020756,0.08592637,0.9993068,0.02544385,0.023144495,0.046386052,0.013765684,0.01753583,0.10608313,0.08698046,0.3153848,0.1343409,-0.34254462,0.8989712,0.20467436,1.009171,0.015939452,0.015104155,0.025122872,0.011421806,0.014563902,0.031842474,0.010954142,0.11146551,0.048717305,0.99084556,0.074240655,0.068962805,0.10608313,0.012593745,0.013765684
S01_stand_txside,person,train,1,47.58063190000001,1.0175722,0.083518386,1.0007147,0.022228125,0.019097745,0.043626994,0.012987918,0.016779032,0.104636475,0.08689368,0.29860336,0.12989987,-0.30097196,0.9006562,0.20315897,1.0092083,0.015931647,0.0158286,0.027198689,0.011367787,0.01456397,0.029907387,0.009468198,0.1044637,0.04579765,0.9920972,0.074729085,0.06727193,0.104636475,0.012177853,0.012987918
S01_stand_txside,person,train,1,48.060631900000004,1.0163919,0.08162158,1.0009079,0.019064268,0.017830983,0.033309527,0.011892077,0.01528768,0.10330065,0.08604914,0.29236275,0.12776954,-0.29189852,0.90306306,0.20056023,1.011963,0.016768279,0.016026298,0.029793175,0.011357593,0.014662759,0.02678071,0.00801903,0.09407282,0.04128062,0.9938243,0.076519944,0.06504068,0.10330065,0.011624835,0.011892077
S01_stand_txside,person,train,1,48.54063190000001,1.0153264,0.080287926,1.0038314,0.017683417,0.01655238,0.029445529,0.01152775,0.014720173,0.10216141,0.086328804,0.2852804,0.1258798,-0.27767137,0.9024775,0.20160112,1.0103259,0.016025547,0.015323873,0.026030561,0.010559752,0.013574213,0.027337436,0.009909153,0.092675686,0.04185359,0.994372,0.074823976,0.06474942,0.10216141,0.011043751,0.01152775
S01_stand_txside,person,train,1,49.020631900000005,1.0138714,0.078167915,1.004366,0.018995605,0.016375659,0.040278565,0.010874922,0.013957072,0.10040228,0.085553646,0.28019482,0.12306985,-0.25781083,0.900759,0.2035515,1.0100341,0.016405351,0.01509834,0.029927922,0.010020562,0.012882106,0.029447613,0.012404203,0.0998593,0.044032488,0.99457943,0.070954666,0.06492495,0.10040228,0.010447742,0.010874922
S01_stand_txside,person,train,1,49.50063190000001,1.0119835,0.07328162,1.0007855,0.02244883,0.01836545,0.049103506,0.010994136,0.014068776,0.09578232,0.08216411,0.2698539,0.117161416,-0.21795768,0.89875513,0.20570858,1.0096918,0.017248137,0.016353954,0.0294527,0.010270215,0.01317382,0.0321529,0.015649498,0.10644436,0.046763275,0.99453604,0.06362942,0.06396761,0.09578232,0.010632176,0.010994136
S01_stand_txside,person,train,1,49.980631900000006,1.0072777,0.06464716,1.0009444,0.021412158,0.017825013,0.04197373,0.0107175615,0.013728168,0.08729548,0.07661313,0.24353868,0.1056773,-0.115722574,0.89617586,0.20991072,1.0101196,0.014754385,0.01404325,0.022114407,0.010542115,0.013387748,0.03572035,0.01772213,0.112351954,0.051572904,0.9941096,0.05157513,0.061507914,0.08729548,0.010629838,0.0107175615
S01_stand_txside,person,train,1,50.46063190000001,1.0041453,0.058523066,1.0008615,0.016488481,0.016002519,0.026921554,0.010460894,0.013468068,0.08051014,0.07017022,0.22512561,0.09716391,-0.021575414,0.8945798,0.21155958,1.0128762,0.014696823,0.014430652,0.02212324,0.010934511,0.01398434,0.037589196,0.017245352,0.11697137,0.054077625,0.9935751,0.042920943,0.059049666,0.08051014,0.010697702,0.010934511
S01_stand_txside,person,train,1,50.94063190000001,1.0036871,0.057120685,0.99504036,0.015419495,0.015325763,0.024039213,0.010955983,0.014014435,0.078830294,0.067317486,0.22304827,0.095418334,-0.0023510263,0.89535785,0.21083243,1.011885,0.017373929,0.0175364,0.0257174,0.011831013,0.0151124075,0.037761297,0.01828885,0.11864257,0.054070726,0.9921532,0.041068997,0.058295794,0.078830294,0.011393498,0.011831013
S01_stand_txside,person,train,1,51.42063190000001,1.0033622,0.056367047,0.9987419,0.018444864,0.018514808,0.028108988,0.011398656,0.014581267,0.07718733,0.06671804,0.22292823,0.0947204,0.0029805037,0.8958763,0.211121,1.0089955,0.016905803,0.016295416,0.027909277,0.011609057,0.014887126,0.038776077,0.017218828,0.12190479,0.055527445,0.9898334,0.038411252,0.057981703,0.07718733,0.011503857,0.011609057
S01_stand_txside,person,train,1,51.90063190000001,1.0036895,0.055173416,1.0018818,0.019565461,0.019286973,0.030124059,0.01173566,0.015046898,0.074745715,0.06369501,0.22178763,0.092697516,0.032397036,0.89604294,0.21205273,1.0018904,0.017553382,0.017649788,0.027783742,0.012007766,0.015521312,0.041739866,0.022831798,0.1264754,0.057985235,0.9868975,0.03300585,0.05824279,0.074745715,0.011871713,0.012007766
S01_stand_txside,person,train,1,52.380631900000004,1.0030447,0.053302146,1.0022264,0.022243042,0.022588488,0.031629052,0.012045392,0.015386231,0.071402214,0.060284197,0.21906966,0.089254156,0.08538744,0.89793617,0.21245305,1.0057157,0.016902618,0.016778817,0.026312403,0.011772424,0.015232249,0.04362506,0.026754916,0.13203293,0.059164878,0.9839019,0.027777154,0.05751364,0.071402214,0.011908907,0.012045392
S01_stand_txside,person,train,1,52.86063190000001,1.0016679,0.05286676,1.0037353,0.03346237,0.032627404,0.056210864,0.012421667,0.015877638,0.066226155,0.057115197,0.2013846,0.08221623,0.22983478,0.8966078,0.21573077,1.0053647,0.016860023,0.01650068,0.024729079,0.0111966655,0.014398909,0.045209706,0.026624203,0.13733202,0.06200537,0.98407364,0.021016449,0.05571793,0.066226155,0.0118091665,0.012421667
S01_stand_txside,person,train,1,53.34063190000002,1.0037034,0.06775946,1.0127064,0.05269437,0.0504726,0.10336165,0.013545626,0.017435439,0.07066008,0.07356489,0.17517275,0.08173912,0.3609871,0.8943621,0.21966659,0.99913085,0.018327856,0.018556843,0.026974486,0.011260709,0.014413635,0.046737537,0.027157187,0.14855808,0.065335914,0.98512113,0.02392254,0.058698807,0.07066008,0.012403168,0.013545626
S01_stand_txside,person,train,1,53.820631900000016,1.0060612,0.095073685,1.0051687,0.05472573,0.053184155,0.105336785,0.014458833,0.01841327,0.08513638,0.08952761,0.1752072,0.09723271,0.37371725,0.8920529,0.22169486,1.0064397,0.017503064,0.017673206,0.025114313,0.010810647,0.013762867,0.046671644,0.02324748,0.15300506,0.066895664,0.98705363,0.038464732,0.06590401,0.08513638,0.01263474,0.014458833
S01_stand_txside,person,train,1,54.30063190000001,1.0079213,0.11593061,1.006927,0.0419003,0.041000467,0.07284827,0.014917979,0.018943073,0.099933006,0.1016916,0.22433001,0.11505216,0.3425034,0.8887016,0.22396915,1.0097377,0.015124746,0.015049469,0.023257256,0.010648496,0.013538304,0.04729385,0.021123886,0.15480149,0.06895038,0.98960555,0.052639157,0.07361343,0.099933006,0.012783238,0.014917979
S01_stand_txside,person,train,1,54.78063190000002,1.0100828,0.11107847,1.0036063,0.054259602,0.057579584,0.07826683,0.015196188,0.019261446,0.10102917,0.10344577,0.22079676,0.11575692,0.2846768,0.8887715,0.22125526,1.0136586,0.015255158,0.014377175,0.02529647,0.010210165,0.013124574,0.045017358,0.018854737,0.14436293,0.06599197,0.9912101,0.056011815,0.07302327,0.10102917,0.012703177,0.015196188
S01_stand_txside,person,train,1,55.26063190000003,1.0115805,0.082493626,1.0128682,0.07539707,0.08146532,0.111816674,0.014195845,0.018073129,0.08953944,0.09551376,0.21071655,0.10270291,0.17237528,0.8943927,0.2135955,1.0114745,0.018768106,0.016729971,0.036654286,0.010076278,0.013014486,0.03820033,0.016381383,0.12363821,0.05650145,0.992276,0.05133911,0.063869886,0.08953944,0.012136062,0.014195845
S01_stand_txside,person,train,1,55.74063190000002,1.0099229,0.061820053,1.0064214,0.0648914,0.06818817,0.113195874,0.01279592,0.01648803,0.081420526,0.07468426,0.23991889,0.0990997,-0.012342606,0.8998945,0.20577812,1.0101404,0.019703606,0.016846271,0.03830302,0.009655863,0.012394425,0.032245334,0.013939917,0.10398334,0.047755316,0.99239653,0.04917519,0.056832932,0.081420526,0.011225891,0.01279592
S01_stand_txside,person,train,1,56.22063190000003,1.0075328,0.061494026,1.003217,0.04142706,0.043157198,0.0698874,0.011936526,0.0155284135,0.08326883,0.07274002,0.24376589,0.10372876,-0.120259024,0.9054482,0.19721012,1.0098772,0.018625608,0.01758684,0.032949705,0.009928502,0.012777809,0.026969695,0.0112921,0.08542514,0.03945398,0.99189246,0.056299135,0.05511926,0.08326883,0.010932514,0.011936526
S01_stand_txside,person,train,1,56.70063190000002,1.006221,0.06770882,1.0025699,0.02378349,0.021422213,0.04949213,0.010761752,0.013912341,0.08992775,0.082949996,0.23221785,0.106481604,-0.08877183,0.91055006,0.19093968,1.008795,0.014826398,0.014791265,0.025512232,0.0103534665,0.013263966,0.024216054,0.013037682,0.07614708,0.03354018,0.99145657,0.06571169,0.0570719,0.08992775,0.010557609,0.010761752
S01_stand_txside,person,train,1,57.180631900000016,1.002692,0.067895636,1.0001155,0.016845724,0.01688091,0.02810284,0.009986154,0.012914799,0.08959021,0.08314502,0.2147345,0.103044964,-0.018307334,0.9107877,0.18966061,1.0089332,0.014488945,0.013683205,0.026843235,0.010820177,0.013886195,0.02480761,0.015278459,0.08025044,0.033444107,0.99077356,0.0647826,0.05719891,0.08959021,0.010403166,0.010820177
S01_stand_txside,person,train,1,57.660631900000006,1.0020871,0.06978088,0.99811774,0.015626095,0.015794754,0.027282435,0.009978927,0.012810009,0.091693304,0.08784276,0.21071273,0.10451142,-0.022079097,0.90885574,0.19046001,1.0088514,0.015517562,0.015275121,0.028826185,0.011040825,0.014106881,0.025277449,0.014722586,0.07936984,0.034419272,0.99122095,0.066415854,0.058485378,0.091693304,0.010509877,0.011040825
S01_stand_txside,person,train,1,58.14063190000001,1.0034456,0.07164379,0.9992494,0.014999788,0.015378807,0.023888774,0.0100869415,0.012926694,0.09383296,0.08827716,0.22433144,0.10765403,-0.05818757,0.9060875,0.19374119,1.0107591,0.016080718,0.015621093,0.032053724,0.011317212,0.01443689,0.026925022,0.01384747,0.08172119,0.03741376,0.9915254,0.06690794,0.06037899,0.09383296,0.010702077,0.011317212
S01_stand_txside,person,train,1,58.62063190000001,1.0049487,0.072682045,0.9981488,0.014906561,0.014592949,0.022497363,0.010218725,0.013100528,0.09517105,0.08710647,0.23572356,0.10996396,-0.08855387,0.90281034,0.1974317,1.0115134,0.015677944,0.01531775,0.026669208,0.011145295,0.014253784,0.029472824,0.014787793,0.092211366,0.041582342,0.9913452,0.06569822,0.06232194,0.09517105,0.010682009,0.011145295
S01_stand_rxside,person,train,1,1.0128314999999999,0.9963636,0.09057331,0.9984687,0.013484027,0.013010066,0.022152657,0.0101531325,0.013179933,0.014080206,0.008705437,0.05670792,0.019698294,0.9889241,0.94691277,0.14379114,1.0059108,0.015062668,0.01508608,0.023020243,0.01104584,0.014283326,0.042049725,0.04419428,0.08537114,0.04735924,0.9818099,0.027969519,0.028064966,0.042049725,0.0105994865,0.01104584
S01_stand_rxside,person,train,1,1.4928314999999999,0.99756086,0.09055068,0.9995922,0.013158055,0.013031807,0.020796381,0.010081935,0.012986423,0.013899039,0.008516073,0.055885136,0.019134736,0.9896036,0.94708616,0.14395066,1.0050346,0.014314777,0.014708024,0.021645471,0.010608262,0.013649525,0.04158428,0.044094086,0.08232778,0.04678296,0.98284614,0.02768524,0.02774166,0.04158428,0.010345099,0.010608262
S01_stand_rxside,person,train,1,1.9728314999999994,0.99804294,0.09074316,1.0001079,0.01352725,0.0132640395,0.023068117,0.0101556545,0.013090312,0.014032564,0.0091302395,0.05731207,0.019267954,0.98937064,0.94642866,0.14442083,1.00329,0.014281398,0.014078254,0.02447586,0.010589074,0.013565172,0.041002907,0.04411894,0.08073646,0.046064347,0.98315674,0.026970342,0.027517736,0.041002907,0.010372365,0.010589074
S01_stand_rxside,person,train,1,2.4528314999999994,0.9987419,0.090187825,1.0028293,0.013620046,0.013086324,0.02237028,0.010073557,0.012982481,0.013145432,0.008986235,0.057617784,0.01836532,0.9902728,0.94437945,0.1467186,1.0052545,0.013999218,0.013099731,0.023510797,0.010409602,0.013267883,0.038192753,0.04164201,0.080388606,0.042976305,0.9847496,0.02504732,0.025669092,0.038192753,0.010241579,0.010409602
S01_stand_rxside,person,train,1,2.9328314999999994,0.9992537,0.08944805,1.0011882,0.013894199,0.013700578,0.023553269,0.010184101,0.01311517,0.012675365,0.008935213,0.055381536,0.017458653,0.99088717,0.9438847,0.14592792,1.0036379,0.014914272,0.014566503,0.023229469,0.010733606,0.013697465,0.03805503,0.039574087,0.07928312,0.042831518,0.9854719,0.025379663,0.025365196,0.03805503,0.010458853,0.010733606
S01_stand_rxside,person,train,1,3.4128315,0.99909246,0.088802114,1.003008,0.013847417,0.013893094,0.022187764,0.00988828,0.0126987705,0.01138943,0.007249713,0.049681008,0.016165437,0.9928702,0.94635326,0.14248116,1.0033413,0.01771838,0.017434934,0.031066386,0.01065975,0.013634009,0.04140275,0.045393944,0.08012706,0.04661299,0.9842871,0.03001332,0.02639609,0.04140275,0.010274015,0.01065975
S01_stand_rxside,person,train,1,3.8928314999999993,0.9986064,0.0893578,1.0026029,0.013534922,0.013542657,0.022431774,0.009810136,0.012562332,0.011349383,0.006648779,0.04881698,0.016274907,0.993915,0.9510235,0.1374902,1.0037246,0.018771738,0.017328486,0.032385673,0.010697866,0.013660592,0.046170164,0.05140996,0.08444351,0.052308716,0.98330027,0.03482078,0.028759774,0.046170164,0.010254001,0.010697866
S01_stand_rxside,person,train,1,4.372831499999999,0.99848515,0.08915013,1.0017803,0.013142794,0.012865995,0.022533018,0.009665266,0.012381901,0.0115140155,0.007405877,0.046123266,0.015859742,0.9945452,0.95615244,0.13177572,1.0018457,0.017343717,0.016367868,0.029732369,0.010517834,0.013542827,0.052385375,0.057846308,0.0971508,0.05964249,0.98047894,0.04087136,0.031949695,0.052385375,0.01009155,0.010517834
S01_stand_rxside,person,train,1,4.852831499999999,0.9975655,0.08947529,1.0011318,0.0126401875,0.011988456,0.020969419,0.009546726,0.012255657,0.012237993,0.008211732,0.047481,0.016405921,0.99441653,0.9602938,0.12729391,1.0030012,0.013913287,0.013683078,0.021766204,0.010260835,0.013277614,0.05712455,0.06182432,0.10615581,0.06551708,0.9780644,0.04488656,0.03468127,0.05712455,0.009903781,0.010260835
S01_stand_rxside,person,train,1,5.3328315,0.99703395,0.08947103,1.0036764,0.01277219,0.012120593,0.022845037,0.009637659,0.01247565,0.012390106,0.00935781,0.04890579,0.016563503,0.99438536,0.9604008,0.12652777,1.002496,0.013591272,0.013287828,0.022693753,0.010039081,0.013008993,0.0571935,0.059801698,0.107255995,0.065826,0.97882956,0.044803392,0.0347918,0.0571935,0.009838371,0.010039081
S01_stand_rxside,person,train,1,5.8128315,0.9973695,0.08882039,1.0040759,0.012464177,0.0115204,0.02124604,0.009521086,0.012351451,0.011860491,0.009495676,0.049468458,0.015991686,0.9942497,0.9601408,0.12629579,1.0007594,0.013681359,0.012766003,0.023364924,0.010073957,0.0131285135,0.05735624,0.0598557,0.10709953,0.06586198,0.97880703,0.04549575,0.034608364,0.05735624,0.009797521,0.010073957
S01_stand_rxside,person,train,1,6.292831499999998,0.99664116,0.089120604,1.0054294,0.012863342,0.0118774725,0.024142245,0.009784644,0.012730829,0.012089968,0.0090126395,0.048496664,0.016563097,0.9939854,0.9590439,0.12722634,0.99993837,0.013623586,0.012503037,0.023366278,0.010136843,0.013100643,0.056340043,0.060643077,0.106644034,0.06464825,0.9789403,0.044250075,0.034215003,0.056340043,0.009960743,0.010136843
S01_stand_rxside,person,train,1,6.772831499999999,0.99715203,0.08924322,1.0043586,0.013141137,0.012228764,0.024641769,0.010078998,0.013091766,0.011856403,0.008822203,0.047332525,0.016489374,0.99402994,0.95776653,0.12838541,1.0001838,0.0134491855,0.013241747,0.02308421,0.010006385,0.012904864,0.055337567,0.061026692,0.10331386,0.06320698,0.9790614,0.043481164,0.033596985,0.055337567,0.010042692,0.010078998
S01_stand_rxside,person,train,1,7.252831499999998,0.9978924,0.08876767,1.0025473,0.013196505,0.011904536,0.024607528,0.010025726,0.012986517,0.011444198,0.0075197816,0.045675635,0.015870353,0.99410504,0.95615256,0.13019851,1.0003186,0.013846728,0.013383675,0.02451349,0.010192568,0.013219658,0.05375371,0.06046474,0.0984332,0.06111669,0.97936314,0.042309515,0.032598954,0.05375371,0.010109147,0.010192568
S01_stand_rxside,person,train,1,7.732831499999999,0.99846065,0.08820972,1.0010545,0.013296443,0.01245764,0.025199484,0.010051645,0.0129919825,0.010689158,0.0068957806,0.0423702,0.015047299,0.99463207,0.9551004,0.13274331,1.0013083,0.013273409,0.012388213,0.022863545,0.010014606,0.012892523,0.052357312,0.05887568,0.09431034,0.059225626,0.97864836,0.041668154,0.031523235,0.052357312,0.010033125,0.010051645
S01_stand_rxside,person,train,1,8.212831499999998,0.9986782,0.087966,1.0012063,0.012895988,0.012726095,0.02106466,0.009942995,0.012846649,0.010507492,0.0068044662,0.042226017,0.014777513,0.99467987,0.9536306,0.13444476,1.0002483,0.013475847,0.01263237,0.024019837,0.010037432,0.012923447,0.050976574,0.058332026,0.08936757,0.05746766,0.97863317,0.04046908,0.030742034,0.050976574,0.009990213,0.010037432
S01_stand_rxside,person,train,1,8.692831499999999,0.9991035,0.08806316,0.9984951,0.012878016,0.012217452,0.021119114,0.009672721,0.012442983,0.010376801,0.0061980486,0.042699695,0.014694791,0.99484676,0.95285606,0.1355322,1.0003153,0.013490905,0.012636737,0.024304025,0.010005867,0.012880726,0.049745105,0.056349695,0.08787745,0.05608664,0.9794532,0.039368305,0.030060953,0.049745105,0.0098392945,0.010005867
S01_stand_rxside,person,train,1,9.1728315,0.9990392,0.08875167,0.99816585,0.013280046,0.013042858,0.022434518,0.010008449,0.012853871,0.011026912,0.007113576,0.04386878,0.015447759,0.99447095,0.9521471,0.1364602,1.0019411,0.0128847575,0.0129495,0.021221863,0.009886919,0.012656935,0.048653845,0.053234637,0.08871347,0.054951567,0.9799892,0.037626933,0.029840378,0.048653845,0.009947684,0.010008449
S01_stand_rxside,person,train,1,9.652831499999998,0.99836874,0.08918648,1.0009401,0.0130066015,0.012637348,0.02404966,0.009863014,0.012672906,0.011708964,0.00850451,0.045919895,0.016104868,0.99409986,0.9526675,0.1358966,1.0036572,0.013025946,0.012597719,0.021411926,0.01011088,0.013012863,0.049374357,0.053198397,0.09261811,0.055724397,0.979563,0.037665393,0.03054166,0.049374357,0.009986947,0.01011088
S01_stand_rxside,person,train,1,10.132831499999998,0.9982947,0.08926568,1.0030622,0.01287263,0.012671723,0.019611146,0.009855121,0.012671101,0.0119750835,0.0078012943,0.045897007,0.01628585,0.99386394,0.9542528,0.13499612,1.0032636,0.0137847215,0.013369969,0.021006849,0.010479329,0.013475371,0.050332222,0.053768158,0.097058,0.05702477,0.9795535,0.03835714,0.031153653,0.050332222,0.010167225,0.010479329
S01_stand_rxside,person,train,1,10.612831499999997,0.99872583,0.08923863,1.0033548,0.013177662,0.012852415,0.021553565,0.010074925,0.012925737,0.012014779,0.008180499,0.04703909,0.016096532,0.99404645,0.9559912,0.13259642,1.0039922,0.014797078,0.014632226,0.021673596,0.010622658,0.013681191,0.052844025,0.056825995,0.101148605,0.060033727,0.97788423,0.040829245,0.0324294,0.052844025,0.010348791,0.010622658
S01_stand_rxside,person,train,1,11.092831499999999,0.9982226,0.0894262,1.0046744,0.012741586,0.012461626,0.019387344,0.009976629,0.012763825,0.012495002,0.009320855,0.048601806,0.016469013,0.9937812,0.95789015,0.13004334,1.002862,0.015081645,0.014963276,0.024979554,0.010854207,0.0138800675,0.055569142,0.060971916,0.10528016,0.063347004,0.9757811,0.04307414,0.034032073,0.055569142,0.010415418,0.010854207
S01_stand_rxside,person,train,1,11.572831499999998,0.99815285,0.08977193,1.0030226,0.01287562,0.012731152,0.019460991,0.010005424,0.012827733,0.012465124,0.008968592,0.05116582,0.016826782,0.99364567,0.9582362,0.12910806,1.0010324,0.015006696,0.015257835,0.023577387,0.010856784,0.013824966,0.056076273,0.060278058,0.1059618,0.06405841,0.97593576,0.04361115,0.0342707,0.056076273,0.010431103,0.010856784
S01_stand_rxside,person,train,1,12.0528315,0.9975858,0.09064559,1.0047532,0.013446586,0.013602337,0.021664867,0.010172128,0.013062002,0.012902549,0.008886337,0.05508572,0.01783633,0.99326694,0.9582791,0.12955609,1.0030146,0.015386259,0.015762206,0.020846052,0.010967095,0.014060929,0.05581368,0.06095934,0.10474676,0.06369863,0.9761934,0.042911135,0.034358114,0.05581368,0.010569612,0.010967095
S01_stand_rxside,person,train,1,12.532831499999997,0.9965907,0.09076276,1.0018544,0.013304021,0.012969786,0.020684987,0.010292288,0.013203656,0.012832249,0.008287907,0.055810153,0.01829759,0.99300706,0.9554112,0.13256876,1.0026773,0.016275603,0.01645293,0.024644893,0.010805584,0.0138594825,0.0523512,0.05808699,0.09681797,0.059563495,0.9784414,0.039518952,0.032591723,0.0523512,0.010548936,0.010805584
S01_stand_rxside,person,train,1,13.012831499999997,0.9973846,0.09083249,1.0040952,0.013311531,0.013331981,0.021865465,0.0100508155,0.01296596,0.012778982,0.008021355,0.054709375,0.018238159,0.99275285,0.95209694,0.13598943,1.0026141,0.016169252,0.016098395,0.025507346,0.010672283,0.013764207,0.048206028,0.05493462,0.087856054,0.054730333,0.98114187,0.035427045,0.030492505,0.048206028,0.010361549,0.010672283
S01_stand_rxside,person,train,1,13.492831499999998,0.99827,0.090000495,1.0036964,0.013650303,0.013487396,0.021114642,0.01004698,0.012969045,0.012401308,0.008024275,0.050555468,0.017226866,0.99305975,0.95120555,0.13757798,1.0037917,0.015378652,0.015361245,0.023362322,0.010549297,0.0136702955,0.046646897,0.053756714,0.083871126,0.05293334,0.9819855,0.034245588,0.029524103,0.046646897,0.0102981385,0.010549297
S01_stand_rxside,person,train,1,13.9728315,0.99836165,0.089696355,1.0033445,0.013328052,0.013027518,0.021323863,0.009865151,0.012719092,0.012432524,0.008788824,0.048058033,0.016791053,0.9934684,0.95101714,0.13699554,1.0040604,0.015109296,0.015031617,0.024686133,0.010256059,0.013237813,0.046890438,0.053708673,0.084046185,0.053265404,0.9818989,0.034457915,0.02966148,0.046890438,0.010060605,0.010256059
S01_stand_rxside,person,train,1,14.452831499999995,0.99870336,0.09007919,1.0057383,0.013220556,0.012526333,0.023943448,0.00986222,0.012784704,0.013066188,0.009381771,0.049548864,0.017101532,0.9933216,0.9534694,0.1344955,1.0042623,0.015210618,0.015097177,0.025855906,0.010308914,0.013271328,0.04906927,0.055802107,0.09148681,0.056109507,0.9816586,0.036003083,0.031067729,0.04906927,0.010085567,0.010308914
S01_stand_rxside,person,train,1,14.932831499999997,0.99808854,0.09003812,1.0052071,0.013039922,0.011935638,0.024756307,0.009966071,0.01295034,0.013295235,0.010662556,0.049510717,0.017167978,0.9933836,0.95653474,0.13140287,1.0047499,0.014115492,0.013797083,0.022823257,0.01039142,0.013360988,0.052090388,0.059186816,0.09673226,0.059855912,0.98104656,0.03879515,0.032692812,0.052090388,0.010178745,0.01039142
S01_stand_rxside,person,train,1,15.412831499999998,0.9977256,0.08983892,1.00535,0.013197395,0.012200725,0.025109384,0.009755481,0.012600547,0.0132913245,0.010869265,0.048892796,0.017071769,0.9934234,0.958122,0.1293773,1.0037173,0.014260161,0.014071746,0.022771288,0.01036435,0.013265531,0.054461844,0.06029284,0.10370451,0.06260478,0.97936183,0.04117052,0.033876583,0.054461844,0.0100599155,0.01036435
S01_stand_rxside,person,train,1,15.892831499999998,0.99816,0.089901276,1.003133,0.0134409685,0.012946131,0.023301639,0.009925271,0.012815859,0.013579348,0.012395024,0.04865247,0.01711031,0.9932051,0.96170014,0.12556909,1.0022409,0.015551393,0.015681334,0.024664521,0.010315816,0.013203068,0.05859792,0.063803494,0.11317575,0.06767901,0.9771359,0.04501857,0.036088634,0.05859792,0.010120544,0.010315816
S01_stand_rxside,person,train,1,16.372831499999997,0.99837995,0.08912282,1.003356,0.013268629,0.012440462,0.022716101,0.009738923,0.012533784,0.013431571,0.012288332,0.046302438,0.01670156,0.99252945,0.9648286,0.12235458,1.0018146,0.015773889,0.015449965,0.02763582,0.010236584,0.013066046,0.06229182,0.06592643,0.11938429,0.07222372,0.97451156,0.04886025,0.037861697,0.06229182,0.009987753,0.010236584
S01_stand_rxside,person,train,1,16.8528315,0.9993145,0.08844093,1.0036397,0.013070394,0.012527742,0.022452973,0.009669637,0.01245743,0.013256115,0.011758566,0.043492615,0.016074823,0.9923081,0.9662589,0.12103889,1.0044465,0.015666695,0.014900174,0.026733734,0.010464293,0.013401236,0.06443971,0.069384575,0.12463641,0.07473344,0.97137785,0.051183593,0.038847912,0.06443971,0.010066966,0.010464293
S01_stand_rxside,person,train,1,17.332831499999998,0.99924517,0.088831134,1.0049745,0.013189051,0.012560475,0.020689322,0.0098625645,0.012708933,0.0131557435,0.011449456,0.042827725,0.016104423,0.9930101,0.96549374,0.12144478,1.0028023,0.01654713,0.01597014,0.026931027,0.010511619,0.013488057,0.06328695,0.06638354,0.12100947,0.073546685,0.973218,0.05013121,0.038221348,0.06328695,0.010187091,0.010511619
S01_stand_rxside,person,train,1,17.8128315,0.9986806,0.088924095,1.005547,0.01308213,0.012534897,0.02316402,0.009919282,0.012789945,0.01303242,0.0108270645,0.043557763,0.016156023,0.99331146,0.9629677,0.12321693,1.0016922,0.01671037,0.016340425,0.026344612,0.010655357,0.013625379,0.060867976,0.06336427,0.11520237,0.070482545,0.9752465,0.04783556,0.036950197,0.060867976,0.010287319,0.010655357
S01_stand_rxside,person,train,1,18.2928315,0.9982938,0.0889617,1.0061026,0.01279035,0.01220494,0.0228245,0.00998235,0.012868461,0.012766175,0.010731816,0.0438174,0.0160445,0.9938434,0.96038187,0.12557603,0.9999232,0.015738247,0.015340714,0.022627287,0.010678501,0.013702021,0.058377545,0.06018722,0.11050713,0.06715491,0.9767256,0.04561137,0.03557186,0.058377545,0.010330426,0.010678501
S01_stand_rxside,person,train,1,18.7728315,0.99780715,0.08885985,1.0051154,0.012702137,0.012590239,0.021334233,0.010082057,0.012943896,0.0124010015,0.009200335,0.044206202,0.016043201,0.9939256,0.95865476,0.12717976,1.0008563,0.014179204,0.014286495,0.01952737,0.010526683,0.013477422,0.056201436,0.058731675,0.10716885,0.06466289,0.9784433,0.043800436,0.034301218,0.056201436,0.01030437,0.010526683
S01_stand_rxside,person,train,1,19.2528315,0.99753344,0.08919317,1.0035913,0.012842735,0.012326774,0.020838866,0.010046686,0.012904677,0.012173898,0.008873522,0.04762739,0.016376093,0.99394983,0.95885235,0.12798405,1.0035219,0.014391905,0.014079776,0.02012551,0.01027707,0.013169075,0.055909388,0.06069815,0.10702491,0.06423982,0.97837687,0.04373549,0.034041643,0.055909388,0.010161879,0.01027707
S01_stand_rxside,person,train,1,19.732831499999996,0.9974897,0.08856076,1.0016128,0.012905756,0.01260639,0.021450143,0.009824153,0.012652477,0.0114912875,0.0077878237,0.047827244,0.015787726,0.99415606,0.95657027,0.13047685,1.0030843,0.015202972,0.01544923,0.023714539,0.01010733,0.012951219,0.05297464,0.057242036,0.101419926,0.060776424,0.9803008,0.041483354,0.032232963,0.05297464,0.009965742,0.01010733
S01_stand_rxside,person,train,1,20.212831499999997,0.9979109,0.088379435,1.0004457,0.0129785575,0.012606277,0.021694219,0.009803221,0.012691594,0.01124488,0.0073162317,0.04798162,0.015497337,0.9942278,0.9559108,0.13145557,1.0028903,0.015367964,0.015128512,0.023473097,0.010315449,0.013164714,0.051972598,0.056863785,0.100366175,0.059639867,0.9807404,0.04072772,0.031608738,0.051972598,0.010059334,0.010315449
S01_stand_rxside,person,train,1,20.692831499999997,0.9981444,0.08762165,0.9997638,0.01301391,0.012673508,0.020488175,0.009809617,0.012622655,0.010752609,0.0068619847,0.045107067,0.01469698,0.99452144,0.95572406,0.13230067,1.004091,0.015293481,0.014850785,0.026483104,0.010231488,0.013014356,0.051366888,0.057271957,0.099898815,0.058936663,0.9808727,0.040614277,0.03105975,0.051366888,0.010020552,0.010231488
S01_stand_rxside,person,train,1,21.172831499999997,0.99785227,0.0875551,1.0008031,0.013009309,0.012562179,0.020128237,0.009711496,0.01251188,0.011008899,0.007862866,0.044516206,0.014754637,0.99444795,0.9571909,0.13127254,1.0025735,0.015820391,0.015445481,0.02794923,0.010371156,0.013271144,0.053023186,0.05642104,0.10295576,0.060746677,0.9797683,0.042014286,0.032016043,0.053023186,0.010041326,0.010371156
S01_stand_rxside,person,train,1,21.6528315,0.99762976,0.08756131,1.000951,0.012852749,0.012283345,0.021394404,0.009704549,0.012508796,0.01139872,0.008435965,0.04155433,0.014867478,0.994347,0.95959485,0.12837896,1.0017639,0.0153599195,0.015061617,0.02713686,0.010513681,0.013426094,0.056664623,0.060735226,0.11067414,0.06490559,0.9767526,0.045265906,0.03403167,0.056664623,0.010109115,0.010513681
S01_stand_rxside,person,train,1,22.132831499999998,0.99769396,0.08769869,1.0028448,0.012612611,0.011577292,0.020604445,0.009573292,0.0122582475,0.011678749,0.008953333,0.041040838,0.015097469,0.9940333,0.96137226,0.12657443,1.0008837,0.014097846,0.013381615,0.024542984,0.010520468,0.013502928,0.05892703,0.063256025,0.11511004,0.06768934,0.9745714,0.04724828,0.03530289,0.05892703,0.01004688,0.010520468
S01_stand_rxside,person,train,1,22.6128315,0.9979277,0.087934755,1.0018839,0.013020714,0.01235734,0.023800364,0.009773579,0.012644706,0.011954666,0.00940901,0.04295796,0.015260916,0.99394315,0.9622851,0.12583433,1.0020825,0.014114347,0.013928203,0.021877717,0.010867313,0.013888144,0.0596454,0.064499855,0.115605,0.0686165,0.9746008,0.047690734,0.035800032,0.0596454,0.0103204455,0.010867313
S01_stand_rxside,person,train,1,23.092831499999992,0.997854,0.08775917,1.0020139,0.01310564,0.012583097,0.02296183,0.009862729,0.012771239,0.012136183,0.00993377,0.044131577,0.015335881,0.99350035,0.96183556,0.12551409,1.0033029,0.0141931055,0.014330361,0.02143167,0.010955061,0.01395721,0.059423838,0.06446171,0.11333281,0.06845496,0.9750518,0.047287654,0.03578001,0.059423838,0.010408895,0.010955061
S01_stand_rxside,person,train,1,23.572831499999992,0.9988183,0.08863278,1.0018536,0.0133029865,0.0131861195,0.020445606,0.010057995,0.0130115,0.012735939,0.010764837,0.047222435,0.01603696,0.9929702,0.9607554,0.12619999,1.002537,0.013984226,0.014039725,0.021072663,0.010766537,0.013782617,0.05817079,0.06184417,0.110282004,0.06710896,0.9761561,0.045434855,0.035453364,0.05817079,0.0104122665,0.010766537
S01_stand_rxside,person,train,1,24.052831499999993,0.9978363,0.089385845,1.0049042,0.013994219,0.013839315,0.021914797,0.010296563,0.0134238545,0.0131741995,0.011114836,0.050351918,0.016947132,0.992748,0.9595801,0.12776683,1.0027004,0.014783869,0.014301275,0.023028895,0.010930578,0.014004939,0.056289963,0.058267534,0.10759574,0.064841285,0.97808635,0.043115765,0.03473208,0.056289963,0.01061357,0.010930578
S01_stand_rxside,person,train,1,24.532831499999997,0.9975613,0.09046969,1.0031989,0.013975126,0.013878982,0.022425232,0.0101763755,0.013254723,0.0136586595,0.01008904,0.053485155,0.018022718,0.9924209,0.9567539,0.13043658,1.0023464,0.016200766,0.015821666,0.028158072,0.010792409,0.013830489,0.052833453,0.056301594,0.099301994,0.060710788,0.98078156,0.039174795,0.033246055,0.052833453,0.010484392,0.010792409
S01_stand_rxside,person,train,1,25.012831499999997,0.99734384,0.09184394,1.0045272,0.013964937,0.01340987,0.023489827,0.010184485,0.01335196,0.014005254,0.0092025995,0.056524873,0.019384898,0.9919543,0.95241034,0.13507348,1.0035976,0.0176005,0.017126005,0.030205151,0.010570441,0.013578856,0.047620606,0.05345714,0.08883649,0.05442059,0.9835783,0.03361535,0.03081293,0.047620606,0.010377463,0.010570441
S01_stand_rxside,person,train,1,25.492831499999998,0.99644095,0.09274737,1.0066152,0.0133225145,0.012903086,0.022028102,0.010080704,0.013210353,0.014308847,0.008199096,0.059925556,0.02075458,0.9908312,0.94816905,0.13952059,1.005547,0.017016176,0.016194532,0.029703537,0.010773652,0.013820157,0.04245312,0.046256483,0.078095615,0.048317418,0.986193,0.028144274,0.028380984,0.04245312,0.010427179,0.010773652
S01_stand_rxside,person,train,1,25.972831499999998,0.99684757,0.092533,1.0056838,0.01314866,0.012559994,0.023385432,0.009971513,0.012994546,0.014052299,0.008685112,0.060653508,0.020427587,0.99096435,0.94431186,0.14340451,1.0053452,0.015129901,0.014588185,0.023798008,0.010721651,0.013727583,0.038112517,0.040560782,0.074496984,0.043276735,0.98775995,0.02406022,0.026082408,0.038112517,0.010346582,0.010721651
S01_stand_rxside,person,train,1,26.4528315,0.9966354,0.09220058,1.0033504,0.013144871,0.012789221,0.022595812,0.009922002,0.012928261,0.013624281,0.0084738135,0.061002553,0.020130623,0.99118304,0.9415476,0.14646631,1.004358,0.013459506,0.013097507,0.021288238,0.01036008,0.013344531,0.035097785,0.03713113,0.07451975,0.039878666,0.9883203,0.021473505,0.024361033,0.035097785,0.010141041,0.01036008
S01_stand_rxside,person,train,1,26.9328315,0.9969239,0.091750585,1.0034454,0.013205556,0.012590487,0.022343524,0.01003062,0.012987105,0.013382359,0.008008361,0.059323728,0.019556109,0.9915484,0.9406901,0.14723594,1.0037553,0.0137525005,0.013477815,0.021601101,0.010343705,0.013341416,0.03442513,0.037673354,0.07114774,0.03903389,0.9883938,0.021042768,0.023903744,0.03442513,0.010187162,0.010343705
S01_stand_rxside,person,train,1,27.412831500000003,0.99691707,0.09090833,1.0030873,0.01297549,0.012666394,0.02076147,0.009749171,0.012566329,0.012860121,0.007983446,0.055636644,0.018555453,0.9923965,0.9395073,0.14869693,1.0040925,0.013456378,0.013326728,0.020489883,0.010266451,0.013167795,0.0328876,0.0361861,0.069773376,0.037356514,0.9889015,0.02002748,0.02287386,0.0328876,0.010007812,0.010266451
S01_stand_rxside,person,train,1,27.892831499999996,0.996609,0.08992348,1.0038803,0.012874535,0.012339254,0.020741183,0.009611541,0.012303195,0.012138172,0.0077341795,0.054102004,0.017699454,0.992776,0.9393255,0.14927216,1.0039215,0.013350039,0.013133032,0.020726183,0.009953275,0.01278964,0.032538384,0.03542769,0.070833564,0.036788173,0.98910207,0.020400211,0.022338279,0.032538384,0.009782408,0.009953275
S01_stand_rxside,person,train,1,28.372831499999997,0.9965478,0.08944158,1.0006614,0.012728258,0.0124559235,0.020397687,0.009560344,0.012218634,0.011675816,0.007475376,0.05118662,0.017170198,0.9931904,0.9394761,0.1497934,1.005647,0.013612826,0.013685091,0.02243993,0.010364075,0.013170315,0.03200781,0.033890605,0.0712865,0.036339022,0.9893331,0.020331994,0.021841813,0.03200781,0.0099622095,0.010364075
S01_stand_rxside,person,train,1,28.852831499999994,0.99589866,0.09016604,1.0019851,0.012580083,0.012444275,0.021436157,0.009448272,0.012120873,0.012410187,0.007930398,0.05441588,0.018077973,0.9928791,0.9397016,0.14997806,1.0067078,0.013557066,0.0134140765,0.021300567,0.010261602,0.013036419,0.03195139,0.035009146,0.07505125,0.03642626,0.9891527,0.019541204,0.022180788,0.03195139,0.009854937,0.010261602
S01_stand_rxside,person,train,1,29.332831499999994,0.99649644,0.09032116,1.0023304,0.012643659,0.012255354,0.021144155,0.009910058,0.012695502,0.012574833,0.007640362,0.054323494,0.018087676,0.9926859,0.9407909,0.14959116,1.0068976,0.013721857,0.01394758,0.020259779,0.010584787,0.013453873,0.032392714,0.034644246,0.076262355,0.03718282,0.98895377,0.019817881,0.022483774,0.032392714,0.010247422,0.010584787
S01_stand_rxside,person,train,1,29.812831499999994,0.9957957,0.09208686,1.004188,0.012688098,0.012610938,0.023850529,0.009926232,0.012854887,0.014196941,0.009839654,0.058514476,0.02000165,0.99196273,0.94269514,0.14838772,1.0051278,0.014062064,0.01375476,0.021104446,0.010586695,0.013509159,0.034269713,0.035910964,0.07534802,0.039268557,0.98801947,0.020072773,0.024233326,0.034269713,0.010256464,0.010586695
S01_stand_rxside,person,train,1,30.29283149999999,0.99611485,0.092231154,1.0059431,0.013055892,0.0128112435,0.024249658,0.010186802,0.013166685,0.0144481035,0.009992242,0.056996465,0.020005984,0.9920193,0.9442892,0.14592518,1.0048256,0.01449529,0.014676513,0.023662953,0.0104785925,0.013475785,0.036250368,0.04061967,0.07414657,0.041550066,0.98785585,0.021802265,0.025349235,0.036250368,0.010332697,0.0104785925
S01_stand_rxside,person,train,1,30.77283149999999,0.99660045,0.09139996,1.0040038,0.013033722,0.013118401,0.023379635,0.01006315,0.012961308,0.014109289,0.010142565,0.05321288,0.018964438,0.9926194,0.945887,0.14349692,1.0054271,0.014624861,0.014482488,0.022207176,0.010405641,0.013380029,0.03900855,0.043985605,0.07519376,0.04456075,0.98649985,0.024899261,0.02655892,0.03900855,0.010234395,0.010405641
S01_stand_rxside,person,train,1,31.2528315,0.99691594,0.09036633,1.0028247,0.013361812,0.013181971,0.022348192,0.0097415075,0.012557771,0.013381773,0.0105137825,0.050219417,0.017735826,0.99338037,0.9477714,0.14132863,1.0040259,0.014351199,0.014508577,0.021076567,0.010395965,0.013325144,0.041225474,0.04620242,0.07683051,0.046961404,0.9861461,0.027843703,0.027303623,0.041225474,0.010068736,0.010395965
S01_stand_rxside,person,train,1,31.732831499999996,0.9978035,0.08899951,1.0038548,0.012943073,0.01312558,0.022672974,0.009603534,0.0123014925,0.012515331,0.010874271,0.044520557,0.016190475,0.9938479,0.94774634,0.14043048,1.0047717,0.013781985,0.014105562,0.01966508,0.01017032,0.012945284,0.04141961,0.047078848,0.076813936,0.047239315,0.98674273,0.02890428,0.02696747,0.04141961,0.009886927,0.01017032
S01_stand_rxside,person,train,1,32.2128315,0.99820703,0.08913414,1.0037303,0.013019561,0.012807217,0.02013774,0.009613736,0.012339096,0.01237592,0.009649098,0.043742895,0.016013004,0.99429995,0.9473383,0.14229283,1.0046325,0.014181592,0.014243386,0.020999182,0.010389502,0.013232469,0.040409043,0.04476744,0.073862255,0.045957856,0.9864915,0.028033122,0.026392482,0.040409043,0.010001618,0.010389502
S01_stand_rxside,person,train,1,32.6928315,0.998276,0.08872841,1.0046458,0.012922746,0.012466889,0.021571081,0.00953423,0.012319188,0.011883901,0.008701324,0.042235434,0.015564365,0.99452466,0.9462172,0.14301355,1.0039946,0.014050904,0.01389582,0.020451447,0.010335929,0.013160575,0.039736293,0.043409765,0.072437644,0.045006968,0.98650664,0.027852392,0.025810096,0.039736293,0.009935079,0.010335929
S01_stand_rxside,person,train,1,33.1728315,0.9977978,0.0894101,1.004749,0.012749641,0.012764908,0.020842852,0.009531776,0.012355207,0.012203424,0.008978248,0.044445753,0.016348343,0.99428135,0.9442597,0.14482348,1.0036949,0.0133692995,0.012683417,0.020789413,0.010102055,0.01296857,0.03770969,0.041045368,0.07500559,0.04276148,0.98700446,0.025506265,0.024956558,0.03770969,0.009816916,0.010102055
S01_stand_rxside,person,train,1,33.652831500000005,0.99785626,0.08921469,1.0037434,0.012647159,0.012836829,0.0218097,0.009553459,0.012423239,0.011778456,0.008317828,0.04512751,0.016169608,0.9942866,0.94421905,0.14505178,1.0021653,0.013003134,0.012511968,0.02140172,0.009972119,0.012788336,0.03793826,0.040837765,0.0774622,0.04293896,0.9864298,0.026159804,0.024858357,0.03793826,0.009762788,0.009972119
S01_stand_rxside,person,train,1,34.132831499999995,0.9979153,0.0884388,1.003896,0.012562714,0.0123425,0.021732949,0.009332778,0.012136682,0.011025512,0.006916046,0.044998467,0.015470596,0.9943973,0.94337696,0.14480278,1.0043797,0.013109368,0.013163741,0.020166237,0.009849626,0.01253372,0.03763503,0.041619122,0.08005786,0.0425899,0.98675233,0.026609518,0.02433027,0.03763503,0.009591201,0.009849626
S01_stand_rxside,person,train,1,34.6128315,0.9986814,0.08774087,1.0024508,0.01263288,0.0115504,0.022744142,0.009253539,0.0119786775,0.010328566,0.0068365335,0.042225838,0.014654182,0.9945464,0.94354904,0.14413606,1.0038443,0.013012205,0.012910735,0.020608839,0.009945275,0.012641196,0.03761092,0.04138899,0.07888746,0.042654067,0.9874917,0.027282353,0.023969742,0.03761092,0.009599407,0.009945275
S01_stand_rxside,person,train,1,35.092831499999996,0.99937814,0.08689216,1.0020541,0.012376217,0.011429965,0.021714576,0.009331814,0.012064844,0.009549239,0.005612731,0.04319507,0.01365129,0.99491984,0.9442695,0.14360268,1.0026757,0.013243954,0.012984987,0.019182732,0.00997956,0.012731309,0.03789613,0.04180336,0.075217485,0.043055642,0.98788244,0.028346892,0.023722684,0.03789613,0.009655687,0.00997956
S01_stand_rxside,person,train,1,35.57283149999999,0.9999647,0.08727038,1.0017198,0.0126579115,0.012157418,0.019551722,0.009457538,0.012296282,0.009827432,0.00645566,0.04366958,0.0137742385,0.9951065,0.94346404,0.1439144,1.0021956,0.013218021,0.01299327,0.020552065,0.010142459,0.012933946,0.03717977,0.04052615,0.07534683,0.04228046,0.98832047,0.02735234,0.023503602,0.03717977,0.009799998,0.010142459
S01_stand_rxside,person,train,1,36.052831499999996,1.0003769,0.08714299,1.0012683,0.012744158,0.012556986,0.021181144,0.009640387,0.012482502,0.00946684,0.0062947273,0.043056846,0.013485933,0.99537414,0.94486356,0.14278325,1.0014751,0.013047706,0.01281573,0.021018451,0.009867333,0.012647746,0.03894877,0.042580247,0.072434604,0.044151336,0.98733693,0.02948193,0.024207804,0.03894877,0.0097538605,0.009867333
S01_stand_rxside,person,train,1,36.53283149999999,0.9997692,0.087742314,1.0040249,0.012677985,0.012018234,0.020684034,0.009722034,0.012663066,0.010288833,0.0073640347,0.0446828,0.014080097,0.99534744,0.9454057,0.1428895,1.0036888,0.0134894615,0.013097486,0.0217271,0.010017778,0.012852871,0.039765377,0.043334663,0.07493007,0.04500835,0.9860601,0.029476544,0.025027104,0.039765377,0.009869906,0.010017778
S01_stand_rxside,person,train,1,37.01283149999999,0.99885595,0.087800026,1.0028044,0.012663069,0.01173439,0.01978211,0.009732111,0.012689772,0.010505778,0.0068238974,0.04388976,0.014516566,0.9948699,0.94539165,0.1431915,1.0054551,0.013407521,0.012783306,0.021232886,0.010091521,0.013019175,0.04031543,0.043872595,0.08115387,0.04562577,0.9845787,0.029809654,0.025410604,0.04031543,0.009911817,0.010091521
S01_stand_rxside,person,train,1,37.492831499999994,0.99856526,0.087482885,1.0012658,0.012557666,0.01241975,0.020528523,0.009574143,0.012426551,0.010057416,0.0065419674,0.044324696,0.014342282,0.9948268,0.94618124,0.14319196,1.0053325,0.013182386,0.013177199,0.020667976,0.010003901,0.01284814,0.0414221,0.04533279,0.08039504,0.046768926,0.98303986,0.031364683,0.025739757,0.0414221,0.009789022,0.010003901
S01_stand_rxside,person,train,1,37.97283149999999,0.998146,0.087715454,1.0020592,0.0125956815,0.012387405,0.02054433,0.009251329,0.0120056765,0.010380939,0.0060300827,0.04370475,0.014938075,0.9941522,0.9456492,0.14372201,1.0064712,0.0132020945,0.013158366,0.01905941,0.009975631,0.012785269,0.040956073,0.043793738,0.08347309,0.046336424,0.9828569,0.030575134,0.025668506,0.040956073,0.00961348,0.009975631
S01_stand_rxside,person,train,1,38.452831499999995,0.9977566,0.08814282,1.0033104,0.012731427,0.0125731025,0.02045215,0.009277779,0.012000048,0.011204802,0.006909728,0.044254005,0.01578132,0.99322325,0.94555587,0.14458242,1.0051258,0.013486163,0.013453664,0.020553175,0.009915781,0.012713917,0.040199947,0.043551147,0.08335823,0.04551376,0.9833464,0.028995145,0.025702374,0.040199947,0.00959678,0.009915781
S01_stand_rxside,person,train,1,38.9328315,0.9976737,0.08916464,1.001035,0.012728974,0.012339488,0.020016259,0.009299968,0.011996696,0.012696788,0.008854508,0.04586929,0.017034655,0.9921877,0.94681597,0.14285171,1.003685,0.014121368,0.013871495,0.02283764,0.009820934,0.012432665,0.041838005,0.047350824,0.08300924,0.04720918,0.98308235,0.029141217,0.027267396,0.041838005,0.009560451,0.009820934
S01_stand_rxside,person,train,1,39.4128315,0.99699706,0.08941254,1.0017494,0.012510644,0.012727955,0.019761004,0.009260294,0.012006746,0.013083067,0.009839296,0.046446443,0.017708894,0.9914173,0.9499009,0.13905291,1.0036426,0.015776807,0.0148934405,0.027388595,0.009862996,0.012583174,0.0460485,0.051564097,0.08432853,0.051900115,0.9809649,0.032965433,0.029565783,0.0460485,0.009561645,0.009862996
S01_stand_rxside,person,train,1,39.8928315,0.99687,0.09019596,1.003647,0.012617448,0.012942463,0.01952632,0.009481317,0.01219174,0.013788468,0.009948492,0.049000442,0.0184079,0.991289,0.9510792,0.13729595,1.0051101,0.015715532,0.015239867,0.026847081,0.010165065,0.012989513,0.04831593,0.05566013,0.08641887,0.054272417,0.97927135,0.034527462,0.0310522,0.04831593,0.009823191,0.010165065
S01_stand_rxside,person,train,1,40.3728315,0.9960734,0.09211969,1.0035883,0.013114701,0.013142293,0.021852184,0.009437018,0.012086175,0.015902132,0.01131779,0.05456394,0.0210293,0.9888035,0.95195323,0.13543911,1.0038669,0.014494003,0.014068093,0.022855155,0.0101347985,0.012975651,0.04982563,0.055627823,0.0885883,0.056121543,0.9785664,0.0339235,0.03286388,0.04982563,0.009785908,0.0101347985
S01_stand_rxside,person,train,1,40.85283149999999,0.993998,0.09470912,1.0022111,0.014478227,0.013958085,0.026285606,0.009439338,0.012170745,0.019011108,0.0123458505,0.065326095,0.025142303,0.98407936,0.9525247,0.13437662,1.0017415,0.014648211,0.014101982,0.02372841,0.010208403,0.013134328,0.05106837,0.056402206,0.0912714,0.057524394,0.9774028,0.032057263,0.035039738,0.05106837,0.00982387,0.010208403
S01_stand_rxside,person,train,1,41.33283149999999,0.992375,0.097216636,1.0027903,0.014265298,0.014126238,0.026027557,0.009567959,0.012279322,0.021404384,0.013483763,0.072912574,0.02867925,0.98021704,0.9527729,0.13454776,1.0022295,0.014670916,0.014280627,0.024797257,0.010165379,0.0131190475,0.050698556,0.055885196,0.09266478,0.0573649,0.9777921,0.029294172,0.03605147,0.050698556,0.00986667,0.010165379
S01_stand_rxside,person,train,1,41.812831499999994,0.9919771,0.09767677,1.0007892,0.014478633,0.014020468,0.025390714,0.009391035,0.012110896,0.020987866,0.011910915,0.07686621,0.029112956,0.9804547,0.95560855,0.13136819,1.0025486,0.015501293,0.015778424,0.024245266,0.009984489,0.0128614465,0.053904038,0.06003928,0.10194349,0.06131553,0.9761078,0.032916173,0.03744595,0.053904038,0.009687762,0.009984489
S01_stand_rxside,person,train,1,42.29283149999999,0.99190205,0.09681981,0.99884915,0.015330669,0.015028194,0.024530105,0.009301421,0.011989413,0.0190948,0.0104340315,0.07379514,0.027744416,0.98321754,0.9600812,0.12697935,1.0026453,0.015041406,0.015230084,0.026862511,0.010063412,0.012939511,0.05856969,0.06635493,0.11169547,0.067178205,0.9734059,0.03947489,0.038832244,0.05856969,0.009682417,0.010063412
S01_stand_rxside,person,train,1,42.772831499999995,0.99465585,0.09374382,1.0002173,0.015332961,0.014880707,0.028286904,0.009232135,0.011829433,0.0151053555,0.008016169,0.064077795,0.022768095,0.98874986,0.96269035,0.12408513,1.0048121,0.013973093,0.0141103435,0.022778608,0.009945731,0.012734608,0.06124544,0.067542255,0.1178596,0.07083234,0.97178406,0.046140086,0.038175397,0.06124544,0.009588933,0.009945731
S01_stand_rxside,person,train,1,43.25283149999999,0.9971801,0.09064027,1.0008898,0.013638101,0.013231419,0.024895476,0.009239837,0.011853803,0.012689217,0.008782744,0.053554893,0.018165333,0.9926636,0.9651475,0.12180106,1.0028484,0.012935593,0.012787508,0.020401448,0.0097412225,0.012443653,0.063510366,0.06690192,0.12511623,0.07379194,0.97094506,0.050821148,0.03809979,0.063510366,0.009490529,0.0097412225
S01_stand_rxside,person,train,1,43.732831499999996,0.99895483,0.08772356,1.0019318,0.012845319,0.012324244,0.023859993,0.009117105,0.011719152,0.010917013,0.0076321363,0.04486251,0.014702179,0.99428475,0.9648893,0.12176572,1.0036765,0.012939306,0.012916949,0.02185826,0.00990864,0.012627335,0.06280523,0.066993475,0.12479329,0.07320617,0.97259474,0.051888216,0.03686112,0.06280523,0.009512872,0.00990864
S01_stand_rxside,person,train,1,44.21283149999999,1.0002517,0.08483204,1.0003589,0.012755277,0.0123392455,0.021571001,0.009132673,0.011735991,0.008998763,0.00682199,0.03838867,0.011775454,0.99514955,0.9635751,0.122230224,1.0004709,0.0131231,0.013116162,0.020635305,0.009685846,0.012343831,0.062185142,0.067239165,0.12193853,0.07218928,0.97276235,0.05318638,0.035591953,0.062185142,0.00940926,0.009685846
S01_stand_rxside,person,train,1,44.69283149999999,1.0002462,0.08311669,0.99693006,0.01235229,0.01202036,0.020547777,0.009050948,0.01160357,0.00849433,0.0075985193,0.034101307,0.0106015075,0.99504,0.96320176,0.12310578,0.9993896,0.013191672,0.013019545,0.022436876,0.009936267,0.0126633365,0.061481774,0.06696385,0.120628536,0.071177304,0.9735885,0.052987445,0.034988053,0.061481774,0.009493607,0.009936267
S01_stand_rxside,person,train,1,45.172831499999994,1.0005572,0.08179073,0.9965926,0.012012607,0.011788992,0.019959416,0.008962767,0.011440314,0.008278469,0.0074474216,0.030199528,0.010055546,0.9944762,0.962466,0.12306575,1.0010072,0.0133898845,0.013729376,0.021750739,0.010067815,0.012756207,0.061545424,0.068311095,0.11936653,0.070956185,0.9732029,0.053266957,0.034911945,0.061545424,0.009515291,0.010067815
S01_stand_rxside,person,train,1,45.65283149999999,1.0006334,0.08074379,0.9969583,0.011936818,0.01169015,0.020675,0.009140226,0.011764731,0.008150417,0.0074083805,0.028630853,0.009782863,0.99397945,0.96292007,0.1228424,1.0004358,0.013551769,0.013548226,0.021342717,0.010032253,0.012748664,0.06229694,0.07017636,0.121194184,0.07169933,0.97196484,0.05414652,0.035223678,0.06229694,0.009586239,0.010032253
S01_stand_rxside,person,train,1,46.132831499999995,1.0006535,0.07990591,0.99782234,0.012139704,0.0117751695,0.019630184,0.009247737,0.0119190635,0.007828042,0.0075332522,0.025154233,0.009225324,0.9942251,0.9635812,0.12368425,1.0021724,0.013595905,0.013467349,0.021913493,0.010120375,0.012885567,0.0624481,0.06988233,0.11682248,0.07167699,0.9713137,0.054620057,0.03513807,0.0624481,0.009684056,0.010120375
S01_stand_rxside,person,train,1,46.61283149999999,1.0011659,0.07911228,0.99793535,0.012378148,0.011913257,0.019824393,0.009450769,0.01220746,0.0068214517,0.0062488317,0.022782624,0.008128534,0.9952355,0.96350384,0.124280274,1.0033565,0.014066692,0.014110139,0.021956444,0.010507075,0.013368341,0.0625208,0.069547236,0.116167545,0.07163124,0.97008157,0.05569935,0.034671128,0.0625208,0.009978922,0.010507075
S01_stand_rxside,person,train,1,47.092831499999996,1.000836,0.07890373,0.99748975,0.01239022,0.01165224,0.020813223,0.009507867,0.012298449,0.006048561,0.00544858,0.01995498,0.007301201,0.9962378,0.9619309,0.124961995,1.0027208,0.014031588,0.013980142,0.019876346,0.010441632,0.013342419,0.06118338,0.06802428,0.11512518,0.07000205,0.97143745,0.05513482,0.033615973,0.06118338,0.00997475,0.010441632
S01_stand_rxside,person,train,1,47.5728315,1.0012723,0.07924872,0.99888045,0.012649332,0.012165301,0.02024052,0.009409441,0.012111798,0.0064073796,0.0058692098,0.020107329,0.007674409,0.9958909,0.962436,0.12433842,1.0033636,0.014465212,0.014510717,0.020289097,0.010566434,0.013446631,0.061942335,0.06764698,0.116895735,0.07086944,0.9707227,0.055534955,0.034174856,0.061942335,0.009987937,0.010566434
S01_stand_rxside,person,train,1,48.052831499999996,1.0013812,0.08028931,1.0006983,0.012637508,0.012081749,0.02026174,0.009422294,0.012060794,0.007090893,0.0068861246,0.021393418,0.008280877,0.99573743,0.96402097,0.12363708,1.0035379,0.015025608,0.014428785,0.022931285,0.010641814,0.0136374645,0.06310923,0.0687058,0.117039084,0.07236212,0.96986645,0.056018334,0.03510006,0.06310923,0.010032054,0.010641814
S01_stand_rxside,person,train,1,48.5328315,1.0009499,0.08075929,1.0005897,0.012151418,0.011724192,0.01992079,0.009112112,0.011638287,0.0074742613,0.0073560476,0.025455773,0.008840502,0.99535966,0.963912,0.12317379,1.0000515,0.014555491,0.014045073,0.024218641,0.0101756565,0.01309684,0.06319529,0.06711161,0.11824292,0.07250628,0.9701891,0.055721026,0.035334773,0.06319529,0.009643884,0.0101756565
S01_stand_rxside,person,train,1,49.01283149999999,1.001399,0.08095495,0.9988599,0.012118781,0.011863787,0.020218201,0.009159203,0.011691019,0.007231049,0.0065971017,0.026495099,0.008712145,0.99564594,0.9656728,0.12310972,1.0015607,0.013895339,0.013050486,0.023056451,0.010132061,0.013040882,0.06420016,0.066765785,0.12160784,0.07375538,0.9691211,0.056969114,0.035715606,0.06420016,0.009645632,0.010132061
S01_stand_rxside,person,train,1,49.492831499999994,1.0010778,0.08098252,0.9978899,0.012348102,0.01218901,0.020211052,0.009305583,0.011817416,0.0073317667,0.006780386,0.028092444,0.0087306965,0.99567634,0.96545917,0.12365262,1.0034614,0.013368102,0.012501226,0.022765806,0.009956055,0.012841301,0.06345439,0.067383885,0.12031597,0.0730175,0.9700975,0.056122623,0.035393078,0.06345439,0.00963082,0.009956055
S01_stand_rxside,person,train,1,49.972831499999984,1.000161,0.08177096,0.99692255,0.012766692,0.012808964,0.019849008,0.009331378,0.011961404,0.00789536,0.0076977015,0.031009197,0.009576193,0.9953094,0.96432376,0.123124376,1.0022576,0.012834198,0.012427709,0.02060961,0.009924814,0.012614326,0.063451715,0.06897843,0.1226325,0.07301347,0.96927834,0.055556357,0.035673536,0.063451715,0.009628097,0.009924814
S01_stand_rxside,person,train,1,50.452831499999995,0.99955446,0.084540084,0.99982816,0.01439917,0.014179653,0.021543797,0.009399614,0.012044227,0.008648911,0.006323874,0.036884904,0.0114976885,0.99546874,0.9597672,0.12774613,1.0026652,0.020545391,0.018576862,0.036472004,0.010278226,0.012973757,0.057629794,0.064192414,0.11051488,0.066001184,0.9749953,0.048980884,0.03313935,0.057629794,0.00983892,0.010278226
S01_stand_rxside,person,train,1,50.932831499999985,0.9995674,0.08570511,0.997873,0.0151867885,0.015101248,0.023653764,0.00937773,0.012003775,0.008538681,0.004541397,0.04092872,0.012777974,0.994725,0.951867,0.13581617,1.0060933,0.024857279,0.021266865,0.049683694,0.010190344,0.012862114,0.04834407,0.054630876,0.08762765,0.0548368,0.9809198,0.039805386,0.028441375,0.04834407,0.009784037,0.010190344
S01_stand_rxside,person,train,1,51.412831499999996,0.99919415,0.087019295,0.99981004,0.01563647,0.01542598,0.028724464,0.009170401,0.011879494,0.010550188,0.0067517757,0.043490052,0.014819768,0.99269813,0.9428105,0.14638004,1.0056415,0.02616656,0.021892626,0.051965293,0.010163503,0.012782962,0.036803048,0.038841248,0.078758955,0.04169802,0.9862251,0.02625286,0.023676619,0.036803048,0.009666951,0.010163503
S01_stand_rxside,person,train,1,51.89283149999999,0.9986604,0.08882221,1.000375,0.015425614,0.014647572,0.028591912,0.0093322275,0.012097132,0.012222732,0.008209586,0.04785347,0.016958343,0.99116325,0.9416592,0.1492586,1.0051485,0.024278278,0.019756157,0.049111243,0.010387613,0.013084258,0.033829458,0.034689903,0.07582706,0.038368095,0.9879873,0.021606725,0.023026096,0.033829458,0.0098599205,0.010387613
S01_stand_rxside,person,train,1,52.37283149999999,0.9991256,0.0856263,0.99688226,0.016079707,0.015965845,0.029607093,0.009139485,0.01191151,0.00938688,0.005982518,0.039699018,0.0135556,0.99321157,0.94554144,0.14463378,1.0028195,0.027536333,0.021794792,0.05718996,0.00993717,0.012520845,0.039423503,0.042063296,0.07680577,0.04444212,0.985188,0.030036623,0.024405193,0.039423503,0.009538327,0.00993717
S01_stand_rxside,person,train,1,52.85283149999999,0.999433,0.083567664,0.9966926,0.016246047,0.01557849,0.02895921,0.009122762,0.011869675,0.0077938125,0.0044323206,0.03343308,0.011299752,0.9946294,0.9517191,0.13744737,1.004778,0.026101125,0.021535926,0.051150233,0.009822433,0.012416707,0.047918793,0.05256796,0.08846253,0.054105908,0.98006713,0.04012498,0.027856303,0.047918793,0.009472597,0.009822433
S01_stand_rxside,person,train,1,53.33283149999999,0.99938816,0.083168626,1.0005045,0.015963733,0.01586553,0.027007079,0.009251397,0.011986137,0.00735282,0.0041929483,0.03305602,0.010822369,0.99500746,0.95855814,0.12995799,1.0024371,0.018531268,0.017962517,0.032014757,0.009730513,0.012297953,0.057269882,0.06483847,0.108048916,0.064855315,0.9725751,0.04991706,0.03231135,0.057269882,0.009490956,0.009730513
S01_stand_rxside,person,train,1,53.812831499999994,1.0013316,0.08048723,0.9983025,0.014027889,0.013984608,0.026086565,0.0091518145,0.0117445495,0.0067448956,0.004378259,0.024544895,0.009242101,0.994513,0.95940363,0.12892619,1.0042778,0.015077326,0.014720583,0.026574714,0.009805646,0.012474707,0.05964667,0.06894803,0.11086172,0.067328975,0.96834904,0.052901775,0.033195782,0.05964667,0.00947873,0.009805646
S01_stand_rxside,person,train,1,54.29283149999999,1.0014153,0.080181934,0.996782,0.013258822,0.012664104,0.019700816,0.009641187,0.012376405,0.008142745,0.005583048,0.027451336,0.010938326,0.991484,0.9572293,0.13251095,1.001747,0.0130480835,0.012702657,0.02082835,0.00977156,0.012439101,0.05633258,0.06516904,0.10157311,0.06349753,0.9703346,0.048189834,0.032237664,0.05633258,0.009706374,0.00977156
S01_stand_rxside,person,train,1,54.772831499999995,1.0015073,0.07994882,0.9956565,0.013298421,0.012309039,0.020336444,0.009603401,0.012375067,0.007751178,0.006063938,0.026893437,0.010282497,0.99244887,0.9569296,0.13307872,1.0017829,0.012612968,0.012432772,0.019820655,0.009733852,0.012400876,0.055136662,0.065045714,0.09960896,0.062233858,0.9724739,0.047385484,0.03144392,0.055136662,0.009668626,0.009733852
S01_stand_rxside,person,train,1,55.25283149999999,1.0018954,0.07856179,0.9956796,0.012916895,0.012193409,0.02029978,0.009580983,0.0122973425,0.006312275,0.004393816,0.024658024,0.008587075,0.994283,0.95732516,0.13303347,1.0031713,0.013176295,0.012597238,0.019953879,0.009881358,0.012621185,0.05476391,0.061840415,0.1019392,0.062008638,0.9736492,0.048451636,0.030538091,0.05476391,0.00973117,0.009881358
S01_stand_rxside,person,train,1,55.732831499999996,1.001628,0.07806156,0.99641985,0.012634236,0.011993481,0.021553805,0.009588789,0.012414399,0.0058862194,0.0043096542,0.020607114,0.0076754154,0.9953264,0.9572472,0.13237964,1.0049675,0.0130061805,0.0129426485,0.020249981,0.009764513,0.0124474745,0.05459417,0.061366975,0.1006819,0.06188219,0.97494584,0.04870795,0.030240195,0.05459417,0.009676651,0.009764513
S01_stand_rxside,person,train,1,56.21283149999999,1.0022709,0.07815694,0.99656904,0.012284767,0.011468954,0.02061703,0.009268667,0.011950647,0.005651046,0.0042592287,0.02172935,0.0076190038,0.9954396,0.9557932,0.13272299,1.0034815,0.013458605,0.013741859,0.02340733,0.009799333,0.012511988,0.05389574,0.061433792,0.097991645,0.060867544,0.9752611,0.048244696,0.029773394,0.05389574,0.0095339995,0.009799333
S01_stand_rxside,person,train,1,56.69283149999999,1.0021827,0.07846639,0.99433464,0.012434148,0.012403055,0.02099832,0.009408308,0.012087068,0.0061474703,0.003910601,0.024940252,0.008398528,0.9945148,0.9550502,0.13370901,1.0047247,0.01359173,0.013573416,0.023058439,0.009878811,0.012609817,0.053197157,0.060888052,0.0941267,0.059944224,0.97519505,0.047049686,0.029672313,0.053197157,0.00964356,0.009878811
S01_stand_rxside,person,train,1,57.172831499999994,1.001954,0.07889877,0.99422616,0.012273715,0.012343571,0.02012371,0.00939537,0.0121078165,0.0067926073,0.005010307,0.029000103,0.009259721,0.9934477,0.9540882,0.13459101,1.0017451,0.013199681,0.012702749,0.025923159,0.00979349,0.012555565,0.0527158,0.06057644,0.09178096,0.05920982,0.97459465,0.045923192,0.029754205,0.0527158,0.00959443,0.00979349
S01_stand_rxside,person,train,1,57.65283149999999,1.0011348,0.07927581,0.9949077,0.012460342,0.012248491,0.0209172,0.009359519,0.0119746905,0.0081350785,0.006299615,0.032889426,0.010608604,0.99148566,0.9535999,0.13518701,1.0012934,0.013141188,0.012665398,0.026139246,0.00992093,0.012767892,0.052236315,0.06018573,0.09105128,0.05859105,0.9747027,0.04410124,0.030185696,0.052236315,0.009640224,0.00992093
S01_stand_rxside,person,train,1,58.132831499999995,1.000684,0.079850554,0.9962393,0.012751664,0.012515731,0.021395465,0.009504126,0.0121566765,0.008409715,0.006403327,0.030132055,0.011010635,0.9912165,0.9550103,0.13421807,1.001826,0.013184478,0.012658752,0.021248229,0.009889956,0.012787475,0.05323463,0.06049198,0.09273744,0.05989466,0.9744842,0.044824913,0.030822173,0.05323463,0.009697041,0.009889956
S01_stand_rxside,person,train,1,58.61283149999999,1.0005124,0.0796954,0.99450296,0.013336245,0.013557166,0.021421291,0.009321754,0.011975817,0.0067993766,0.004547775,0.02464801,0.009093938,0.9943163,0.9563814,0.1325899,1.0033592,0.013773362,0.013460027,0.022585487,0.009982711,0.012890552,0.054334596,0.060288787,0.09853941,0.061441284,0.97468567,0.04753522,0.030566987,0.054334596,0.009652233,0.009982711
S01_stand_left,person,train,1,1.0109071,0.97905695,0.10568759,1.0015936,0.01217318,0.011791192,0.022980386,0.009000844,0.01180319,0.044351425,0.04422903,0.09488845,0.051419254,0.9220145,0.9251134,0.16624634,1.0031925,0.014084014,0.013963065,0.02243494,0.0097067,0.012394084,0.023107871,0.022665739,0.06362462,0.02724688,0.9885736,0.021243554,0.03372965,0.044351425,0.009353772,0.0097067
S01_stand_left,person,train,1,1.4909071,0.9780996,0.106527984,1.0015082,0.0122605525,0.011659411,0.023191307,0.009272182,0.012074677,0.04576892,0.04523921,0.09816527,0.05301532,0.9182053,0.9286564,0.16246925,1.0031161,0.01455215,0.014363113,0.021947598,0.01003053,0.012722242,0.025300933,0.024464369,0.065340996,0.029948527,0.98687226,0.020467987,0.035534926,0.04576892,0.009651356,0.01003053
S01_stand_left,person,train,1,1.9709071,0.97818613,0.106901534,1.0021957,0.012271596,0.011761268,0.023464426,0.009177101,0.011974061,0.04648892,0.04510379,0.09814471,0.05363927,0.91555274,0.93122196,0.15979598,1.0025604,0.015288536,0.015001073,0.023893006,0.010185082,0.012856964,0.027031684,0.027337074,0.06835759,0.03210395,0.98577064,0.019457234,0.0367603,0.04648892,0.009681092,0.010185082
S01_stand_left,person,train,1,2.4509071,0.97729224,0.107728586,1.0027925,0.011504882,0.011224755,0.020906087,0.008926201,0.011627193,0.04812886,0.046954513,0.09743661,0.055355825,0.91056865,0.9343767,0.15680902,1.0036597,0.014602446,0.014418404,0.022282824,0.010176218,0.012853492,0.02958914,0.030495405,0.07096326,0.03473884,0.9846704,0.018539717,0.038859,0.04812886,0.009551209,0.010176218
S01_stand_left,person,train,1,2.9309071000000007,0.977029,0.10775678,1.004535,0.011312262,0.01069136,0.018688697,0.008863367,0.011417806,0.04896687,0.048241317,0.096722126,0.05604769,0.9068031,0.9356618,0.15567854,1.0035884,0.014135101,0.013871768,0.02144012,0.010493059,0.013276706,0.030862104,0.03237158,0.072931945,0.035745922,0.9843712,0.018104766,0.03991449,0.04896687,0.009678213,0.010493059
S01_stand_left,person,train,1,3.4109071,0.9766507,0.107457854,1.0045525,0.011261285,0.010786139,0.01812704,0.00881425,0.011390852,0.04877906,0.04805988,0.09705216,0.055921525,0.90741986,0.9356137,0.1550207,1.0028162,0.01427597,0.014112428,0.021293163,0.0103133945,0.013117791,0.031200912,0.03432536,0.07508588,0.03606564,0.98433775,0.017578147,0.039989986,0.04877906,0.009563822,0.0103133945
S01_stand_left,person,train,1,3.8909071,0.97612184,0.10729763,1.0051311,0.011482744,0.010659714,0.01856496,0.00908149,0.011630834,0.048716318,0.048319757,0.09647733,0.055933148,0.90824145,0.9354278,0.15479131,1.0040401,0.01440184,0.014499557,0.022104789,0.010190796,0.013018087,0.030726785,0.032230854,0.07420927,0.035530232,0.9851372,0.017989533,0.039721552,0.048716318,0.009636143,0.010190796
S01_stand_left,person,train,1,4.3709071,0.9760367,0.10684777,1.0042725,0.011394093,0.011126328,0.02336047,0.0089227855,0.011489686,0.04802506,0.046456397,0.09609473,0.055389673,0.91013676,0.9341257,0.15575896,1.0040463,0.014165156,0.014306363,0.02251066,0.010048054,0.0128642395,0.029187964,0.031016171,0.07556671,0.034067553,0.9860667,0.018837096,0.038606513,0.04802506,0.00948542,0.010048054
S01_stand_left,person,train,1,4.8509071,0.97659165,0.10673335,1.0041151,0.011356032,0.0113711925,0.024067428,0.008788301,0.011374793,0.047376614,0.04557562,0.096535385,0.054754052,0.91216725,0.9334355,0.15629841,1.004272,0.014211873,0.014299994,0.021453029,0.009895711,0.012635706,0.027792739,0.028114557,0.0740248,0.032466266,0.9875407,0.019583875,0.037584677,0.047376614,0.0093420055,0.009895711
S01_stand_left,person,train,1,5.330907100000001,0.9770383,0.10646139,1.0054047,0.011139554,0.011415532,0.024356423,0.00864172,0.011173139,0.047095504,0.044591546,0.094753325,0.054343875,0.91230345,0.93459904,0.15553896,1.0037172,0.014223656,0.014192196,0.021240234,0.009979696,0.012779635,0.028708832,0.028827906,0.07260764,0.03317363,0.98742425,0.018386671,0.03790217,0.047095504,0.009310707,0.009979696
S01_stand_left,person,train,1,5.8109071000000005,0.9777925,0.105586104,1.0047911,0.010726136,0.010312151,0.02357646,0.008464878,0.011001214,0.04623216,0.04466921,0.09270632,0.053230446,0.91348755,0.9339723,0.15575315,1.0044942,0.013999915,0.01396353,0.020619111,0.009725584,0.012524202,0.028511843,0.029907942,0.07412565,0.033222426,0.9870789,0.017720317,0.037372,0.04623216,0.009095231,0.009725584
S01_stand_left,person,train,1,6.290907100000001,0.9777516,0.10568835,1.00428,0.010575861,0.009923718,0.018832581,0.00846243,0.011003216,0.046390686,0.04478383,0.094221234,0.053345367,0.9133059,0.93509686,0.1555827,1.0043305,0.013814653,0.013719856,0.019217415,0.009653454,0.012417695,0.029562322,0.030457735,0.0726518,0.034228425,0.9862212,0.016828364,0.037976503,0.046390686,0.009057942,0.009653454
S01_stand_left,person,train,1,6.7709071000000005,0.97856754,0.10531296,1.0033314,0.010845118,0.010446973,0.018556023,0.008591273,0.011140384,0.046003684,0.04468131,0.09113932,0.052650332,0.91380614,0.9347849,0.15561843,1.0027846,0.01331244,0.013246196,0.020346241,0.009605854,0.012318157,0.030451715,0.0302006,0.07643092,0.03552414,0.9844537,0.015551969,0.0382277,0.046003684,0.009098563,0.009605854
S01_stand_left,person,train,1,7.250907100000001,0.97925556,0.10504726,1.0025364,0.011577659,0.0106128985,0.021167504,0.008974809,0.011732412,0.045597915,0.04447317,0.089841366,0.052026626,0.9147302,0.9344825,0.15594909,1.0039091,0.013731148,0.0137907,0.021497414,0.0099518085,0.012657922,0.029993841,0.030619979,0.075350106,0.035239402,0.98454887,0.015604073,0.03779588,0.045597915,0.009463308,0.0099518085
S01_stand_left,person,train,1,7.7309071000000005,0.9794794,0.10521301,1.0008408,0.011839067,0.011195293,0.020870477,0.009108538,0.011940458,0.04556981,0.045024514,0.08946657,0.05200327,0.91498333,0.9349372,0.15601368,1.0038582,0.014293801,0.014279153,0.023780394,0.010367327,0.013145769,0.030205628,0.030429125,0.07368368,0.03517181,0.9847159,0.015364183,0.03788772,0.04556981,0.009737933,0.010367327
S01_stand_left,person,train,1,8.2109071,0.9796007,0.10557008,1.0039052,0.011863099,0.012030956,0.019141056,0.009182151,0.012030722,0.045989737,0.045844436,0.08992058,0.05242318,0.9135026,0.9360588,0.15483151,1.0040723,0.014827593,0.0144927865,0.025304789,0.010608693,0.013442794,0.03184359,0.032221317,0.07393712,0.03676764,0.9836469,0.014146145,0.038916662,0.045989737,0.009895422,0.010608693
S01_stand_left,person,train,1,8.6909071,0.9789266,0.10507229,1.0011059,0.012173918,0.011653954,0.023441393,0.009390309,0.012390351,0.045778215,0.0459491,0.09020418,0.052364267,0.91357696,0.9381153,0.15157422,1.003388,0.014735059,0.014930418,0.020222355,0.010533564,0.013333751,0.035130724,0.036208272,0.074272275,0.03999121,0.98200566,0.010647491,0.04045447,0.045778215,0.009961937,0.010533564
S01_stand_left,person,train,1,9.170907099999999,0.9780826,0.105417356,1.0003425,0.011704736,0.011437403,0.022456532,0.009121897,0.012003881,0.046292342,0.04539776,0.09281814,0.053161707,0.9123259,0.9382971,0.15011825,1.0036873,0.014133142,0.014185442,0.020449348,0.010337986,0.013134774,0.03670111,0.037564516,0.07660705,0.041828495,0.98036504,0.009591233,0.041496724,0.046292342,0.009729941,0.010337986
S01_stand_left,person,train,1,9.650907100000001,0.9773945,0.105419725,1.0020251,0.011738823,0.011358056,0.022122722,0.009144962,0.011997354,0.046544217,0.04569018,0.0937807,0.053547945,0.9118407,0.9387893,0.1491285,1.0026708,0.01322518,0.012960784,0.01908219,0.009916745,0.012601905,0.038476672,0.042740285,0.07952815,0.043911528,0.9779675,0.008067545,0.042510442,0.046544217,0.0095308535,0.009916745
S01_stand_left,person,train,1,10.1309071,0.9778273,0.10534399,1.0027063,0.011981643,0.012138269,0.021346796,0.009328783,0.0122555625,0.04633717,0.046168864,0.09372538,0.05318774,0.9125872,0.9390832,0.14945169,1.0020747,0.013177088,0.01302709,0.02040942,0.009865287,0.012499611,0.038897596,0.041990638,0.08201945,0.04436206,0.9770658,0.0074395724,0.04261738,0.04633717,0.009597035,0.009865287
S01_stand_left,person,train,1,10.610907099999999,0.97758913,0.10600116,1.0004251,0.011654778,0.011736558,0.018720651,0.009233688,0.012086716,0.046976008,0.04670793,0.094224036,0.053849597,0.91184974,0.938303,0.15043508,1.0032345,0.013219203,0.012929419,0.020639213,0.010037044,0.012722012,0.038168248,0.041448593,0.08376616,0.04375558,0.9769769,0.00880776,0.042572126,0.046976008,0.0096353665,0.010037044
S01_stand_left,person,train,1,11.090907099999999,0.97769976,0.105486,1.0020791,0.011749587,0.012351009,0.018604718,0.00929294,0.01212435,0.046815313,0.04749888,0.092515886,0.053532887,0.91131276,0.9386884,0.15013972,1.0037624,0.013330751,0.013104184,0.019858537,0.01006889,0.012774743,0.038873695,0.040971518,0.08395094,0.04436629,0.9763405,0.007941619,0.042844504,0.046815313,0.009680915,0.01006889
S01_stand_left,person,train,1,11.570907100000001,0.9785488,0.105389625,1.0008652,0.012242792,0.012521132,0.018526625,0.009314834,0.012076576,0.04650558,0.046744466,0.09324306,0.053030133,0.91170377,0.9399335,0.15055975,1.0026867,0.0137511715,0.013549422,0.020355888,0.010346911,0.013113652,0.03917637,0.04058075,0.08285141,0.044653233,0.9760836,0.0073292106,0.042840976,0.04650558,0.0098308725,0.010346911
S01_stand_left,person,train,1,12.050907100000002,0.97944665,0.1043332,0.9992101,0.012448589,0.013263318,0.020167584,0.009100189,0.011739749,0.04521567,0.046930134,0.08809382,0.05158876,0.9139061,0.9406579,0.14905521,1.0036083,0.013686907,0.013565824,0.02050376,0.010237698,0.012979205,0.039970286,0.04112804,0.08474028,0.04535233,0.9764262,0.005245384,0.04259298,0.04521567,0.009668944,0.010237698
S01_stand_left,person,train,1,12.530907100000002,0.98028296,0.10313517,1.0019056,0.012483777,0.013316339,0.020768797,0.008995055,0.0115969535,0.044146795,0.045060694,0.08575624,0.050228056,0.9151885,0.9414967,0.14815317,1.0033511,0.013327814,0.013195533,0.019412678,0.010112668,0.012850641,0.040651225,0.041208267,0.0840736,0.04595199,0.9765709,0.0034955703,0.04239901,0.044146795,0.009553862,0.010112668
S01_stand_left,person,train,1,13.010907099999999,0.9805639,0.10242985,1.0005369,0.012519787,0.012923128,0.021881714,0.009032187,0.011722487,0.043219753,0.04462397,0.08493841,0.04922043,0.9178522,0.9424736,0.14837068,1.0040388,0.013055998,0.012708434,0.019313065,0.010085439,0.012773937,0.04054592,0.0408749,0.08327812,0.04560364,0.97753835,0.0026738308,0.041882835,0.043219753,0.009558814,0.010085439
S01_stand_left,person,train,1,13.4909071,0.9808995,0.10136494,1.0003369,0.011791762,0.01137928,0.021786563,0.008983732,0.011686576,0.04207721,0.043917716,0.084074855,0.048002657,0.9201982,0.94198585,0.14765614,1.0019928,0.012909655,0.0127610685,0.019331139,0.009896647,0.012605317,0.040425453,0.04237938,0.08321518,0.045505445,0.9780676,0.0016517565,0.04125133,0.04207721,0.009440189,0.009896647
S01_stand_left,person,train,1,13.9709071,0.9807272,0.101588,1.0001956,0.011883548,0.0115766935,0.021736035,0.009021621,0.011813579,0.04231148,0.043991208,0.08430755,0.048277777,0.9198581,0.9417579,0.14714654,1.0013666,0.012975848,0.012858259,0.018446641,0.009942849,0.012633547,0.041064102,0.042395353,0.084018886,0.046228103,0.97711813,0.0012473762,0.04168779,0.04231148,0.009482235,0.009942849
S01_stand_left,person,train,1,14.450907100000002,0.9798987,0.10196993,1.0019155,0.011601276,0.010608973,0.02092502,0.009078809,0.011851362,0.04282452,0.042271376,0.08474934,0.04891549,0.91972524,0.9429906,0.14621295,1.001881,0.013440013,0.013538739,0.019830465,0.010012473,0.0127230715,0.04269941,0.046207488,0.08289367,0.047702,0.97599846,0.00012511015,0.042761967,0.04282452,0.009545641,0.010012473
S01_stand_left,person,train,1,14.930907100000002,0.9800821,0.102347605,1.0018655,0.011734527,0.011486495,0.020998947,0.0091547975,0.011899359,0.043200497,0.043269336,0.08418691,0.049283892,0.91844195,0.94376105,0.14575619,1.0016813,0.013719593,0.013631552,0.019454803,0.010055697,0.012734696,0.043472704,0.046903133,0.08475268,0.04846377,0.97547656,0.00027220696,0.0433366,0.043472704,0.0096052475,0.010055697
S01_stand_left,person,train,1,15.410907100000001,0.97921324,0.10260085,1.0027641,0.0119674485,0.012022686,0.020105653,0.009238015,0.012016185,0.04387252,0.044479072,0.08833474,0.050137762,0.91653717,0.94490314,0.14484602,1.0037402,0.013445309,0.013378893,0.021558443,0.010054026,0.012681681,0.044650983,0.047552228,0.08611536,0.049641944,0.9748505,0.00077846274,0.044261754,0.044650983,0.009646021,0.010054026
S01_stand_left,person,train,1,15.8909071,0.97936034,0.10331846,1.0022439,0.011953161,0.012349552,0.019638188,0.009243133,0.012008217,0.044505823,0.045336366,0.09090167,0.050737593,0.91528594,0.9452396,0.14500436,1.0022637,0.013375361,0.013314757,0.022846065,0.010029091,0.01266704,0.044361833,0.04791963,0.084842205,0.049259093,0.9756703,0.00014398992,0.04443383,0.044505823,0.009636112,0.010029091
S01_stand_left,person,train,1,16.3709071,0.97914237,0.10356899,1.0027722,0.011971292,0.012358702,0.01917886,0.00920028,0.011892349,0.044966627,0.045586467,0.09152776,0.051198583,0.9140026,0.94550407,0.14473087,1.0029871,0.013564133,0.013693498,0.01988108,0.010282887,0.013004078,0.044116937,0.0487839,0.08294487,0.049126547,0.9763904,0.0008496903,0.044541784,0.044966627,0.009741584,0.010282887
S01_stand_left,person,train,1,16.8509071,0.97919166,0.10333187,1.000938,0.011828695,0.011471206,0.018413927,0.008954088,0.011680965,0.044828776,0.046460807,0.09081048,0.050987527,0.9142139,0.9446176,0.14503144,1.0017883,0.013458997,0.013263767,0.019140098,0.010380837,0.013164589,0.043192107,0.047477245,0.08327526,0.048332002,0.97700393,0.001636669,0.04401044,0.044828776,0.009667463,0.010380837
S01_stand_left,person,train,1,17.330907100000005,0.97904146,0.10393131,1.0007478,0.011585186,0.010877672,0.019145098,0.008888396,0.011543121,0.045437638,0.046381354,0.09187901,0.051622584,0.91309893,0.94385964,0.14533913,1.0007901,0.013506857,0.013329788,0.020225424,0.010366317,0.013145563,0.04215785,0.04624486,0.0825696,0.047161832,0.9783994,0.0032797866,0.043797746,0.045437638,0.009627357,0.010366317
S01_stand_left,person,train,1,17.8109071,0.9793621,0.103869885,1.0008923,0.011540185,0.010902441,0.019295258,0.008730099,0.011309846,0.045475237,0.047116995,0.08860749,0.051551145,0.91238004,0.9431707,0.14538144,1.0019637,0.013934341,0.0138644725,0.02161772,0.010533438,0.013353611,0.041430157,0.044490695,0.08347052,0.046417743,0.97929704,0.0040450804,0.043452695,0.045475237,0.009631768,0.010533438
S01_stand_left,person,train,1,18.290907100000002,0.9781911,0.10425036,0.9995405,0.011605461,0.011192651,0.019881,0.008786782,0.011457705,0.04619469,0.04757017,0.09251648,0.05261881,0.9104407,0.9418793,0.14613776,1.0032538,0.013838057,0.013949804,0.020426638,0.010252657,0.012923725,0.039954025,0.043035507,0.085575104,0.044906158,0.9804964,0.006240666,0.04307436,0.04619469,0.0095197195,0.010252657
S01_stand_left,person,train,1,18.7709071,0.97822255,0.1054083,1.0024633,0.011651045,0.010968908,0.02002227,0.0089500435,0.011602727,0.046918012,0.048054874,0.09421641,0.05354566,0.9093243,0.94086635,0.14678822,1.0042747,0.013623829,0.0135582,0.022747714,0.010213414,0.012892377,0.038732592,0.042135954,0.08574766,0.043672,0.98145485,0.00818542,0.042825304,0.046918012,0.009581729,0.010213414
S01_stand_left,person,train,1,19.2509071,0.97816676,0.105864294,1.0009884,0.011829201,0.010740118,0.02035054,0.00904078,0.011804029,0.046801023,0.047248363,0.09439963,0.05367116,0.91070366,0.93910027,0.14946774,1.0039936,0.014536184,0.014098302,0.023229705,0.010289259,0.012952251,0.035923705,0.0376935,0.08580792,0.041176844,0.9822762,0.010877319,0.041362364,0.046801023,0.00966502,0.010289259
S01_stand_left,person,train,1,19.7309071,0.97769964,0.1068934,1.0010735,0.011732284,0.01154686,0.018634697,0.009100387,0.011789805,0.047197793,0.04703337,0.09774864,0.054448914,0.91157866,0.93767536,0.15250629,1.0034331,0.015111106,0.0147933625,0.022890562,0.010771192,0.013598198,0.033266705,0.03557384,0.07921338,0.03856941,0.9832483,0.013931088,0.04023225,0.047197793,0.009935789,0.010771192
S01_stand_left,person,train,1,20.2109071,0.9781696,0.10725646,1.0017926,0.011575609,0.011578153,0.017511234,0.009223327,0.011880588,0.046864484,0.04513848,0.09556198,0.054174338,0.913691,0.93508303,0.15570281,1.0052027,0.014818857,0.014965689,0.023294812,0.010516066,0.013359191,0.03085797,0.032232344,0.07700038,0.036340088,0.98340523,0.016006514,0.038861226,0.046864484,0.009869697,0.010516066
S01_stand_left,person,train,1,20.6909071,0.97809577,0.10732263,1.0031453,0.011654564,0.011794228,0.01808934,0.009213944,0.011884785,0.046771783,0.045238853,0.09611201,0.0541107,0.9146299,0.9325268,0.15729627,1.0055693,0.014923596,0.015265123,0.020906294,0.010744586,0.013614681,0.028949706,0.029592156,0.073623955,0.034388326,0.9844546,0.017822077,0.037860744,0.046771783,0.009979265,0.010744586
S01_stand_left,person,train,1,21.170907100000004,0.97801644,0.10725823,1.0033083,0.011843325,0.011992469,0.018403245,0.009291891,0.01196259,0.04648304,0.043637455,0.09621549,0.0538962,0.91598153,0.93061817,0.15810607,1.0050638,0.015876796,0.015536061,0.025886396,0.0109146545,0.013805307,0.027788764,0.02799642,0.070658386,0.033260882,0.9851441,0.018694276,0.037135903,0.04648304,0.010103272,0.0109146545
S01_stand_left,person,train,1,21.650907100000005,0.9798856,0.106252275,1.0044122,0.012869567,0.01303963,0.020174313,0.009622182,0.012493049,0.044839162,0.04266846,0.09146845,0.05181261,0.9196997,0.9290629,0.1594257,1.003704,0.016176576,0.015594059,0.026851907,0.010542235,0.013345373,0.027654123,0.027993202,0.07369155,0.033353962,0.9842768,0.01718504,0.036246642,0.044839162,0.010082209,0.010542235
S01_stand_left,person,train,1,22.130907100000005,0.98103344,0.10547839,1.0056722,0.01291791,0.013129186,0.02056533,0.009643404,0.0125880055,0.043756012,0.042963505,0.09062958,0.050374936,0.92233634,0.92952466,0.15856215,1.0041776,0.016242713,0.015300945,0.02739697,0.010432702,0.0132309655,0.028284902,0.028167129,0.074193954,0.034154017,0.9837346,0.01547111,0.036020458,0.043756012,0.010038053,0.010432702
S01_stand_left,person,train,1,22.6109071,0.9821955,0.10439172,1.0061183,0.012779212,0.013081022,0.019901196,0.009507327,0.012413547,0.04236608,0.04123473,0.08717215,0.0486596,0.9253245,0.9297656,0.15885434,1.0032783,0.015666844,0.01479412,0.026217904,0.009803382,0.012562106,0.028756049,0.028916836,0.077958524,0.034643907,0.983006,0.013610031,0.035561062,0.04236608,0.009655355,0.009803382
S01_stand_left,person,train,1,23.090907099999995,0.9831091,0.102639295,1.008089,0.01258524,0.012198882,0.019255834,0.009457393,0.01234641,0.040621005,0.040041566,0.08327234,0.046537705,0.9286075,0.92839056,0.16036889,1.0017015,0.014142775,0.0142139355,0.021754304,0.009097488,0.011750788,0.028072605,0.028518438,0.07927793,0.033799846,0.98330957,0.0125484,0.034346804,0.040621005,0.009277441,0.009457393
S01_stand_left,person,train,1,23.5709071,0.9828732,0.10213855,1.0052963,0.012178304,0.011804963,0.02084185,0.009019387,0.011746584,0.04016601,0.040186822,0.08305931,0.04607292,0.9299138,0.9271604,0.16054197,1.0011322,0.013105097,0.012856797,0.021010289,0.008655694,0.011173708,0.027533676,0.026165783,0.079485595,0.033291765,0.9838415,0.012632333,0.033849843,0.04016601,0.008837541,0.009019387
S01_stand_left,person,train,1,24.0509071,0.98311543,0.101457305,1.0060129,0.011864862,0.011514465,0.020786991,0.0090045715,0.011661191,0.039097846,0.038313508,0.08096743,0.04509024,0.9323931,0.9249972,0.1641934,1.0021366,0.01307187,0.013100892,0.021411944,0.008863597,0.011413005,0.026239099,0.023864985,0.07815671,0.031612497,0.98464423,0.012858747,0.03266847,0.039097846,0.008934084,0.0090045715
S01_stand_left,person,train,1,24.5309071,0.9838441,0.10098145,1.0036734,0.012163628,0.01211681,0.020928757,0.009167148,0.011830459,0.03830545,0.037436604,0.08082342,0.04414926,0.9342425,0.9252514,0.16535711,1.003223,0.0144297,0.014202661,0.021372678,0.009553056,0.012274634,0.027443243,0.025407553,0.07975972,0.032758705,0.9830521,0.010862207,0.032874346,0.03830545,0.009360102,0.009553056
S01_stand_left,person,train,1,25.0109071,0.98373145,0.10170961,1.0054874,0.012048971,0.012240595,0.018555654,0.009041314,0.011668595,0.039044157,0.03789246,0.0806039,0.04501897,0.93233114,0.92767334,0.16326807,1.0055478,0.016025662,0.015132349,0.025362689,0.010149559,0.0129052745,0.029043224,0.025177658,0.080625296,0.034743343,0.98115003,0.010000933,0.034043692,0.039044157,0.009595437,0.010149559
S01_stand_left,person,train,1,25.4909071,0.98330283,0.10245987,1.0042293,0.011885848,0.011593308,0.01913604,0.008876864,0.011504901,0.039576832,0.038645744,0.083199024,0.045838434,0.93154883,0.93102276,0.16041362,1.0034623,0.017408073,0.015974145,0.027857516,0.011055407,0.01401559,0.0314849,0.02968359,0.08498508,0.0376733,0.97854626,0.008091934,0.035530865,0.039576832,0.009966135,0.011055407
S01_stand_left,person,train,1,25.970907100000005,0.98236,0.10308022,1.0051651,0.0122228535,0.011776862,0.020324491,0.00890548,0.01161528,0.040722657,0.04040891,0.08626211,0.0471091,0.92882633,0.9352052,0.1562714,1.0042435,0.016332025,0.016085487,0.026095973,0.01151333,0.014787991,0.03425246,0.034311414,0.087803066,0.04072923,0.97691476,0.006470196,0.03748756,0.040722657,0.010209405,0.01151333
S01_stand_left,person,train,1,26.450907100000006,0.9805386,0.10353572,1.004505,0.011735995,0.0116328,0.02106554,0.008785485,0.01149186,0.04181479,0.04094827,0.08957231,0.048538186,0.9267601,0.9370378,0.15340024,1.0033286,0.015238741,0.014754445,0.024900666,0.011380306,0.014625754,0.036249828,0.038494647,0.087011755,0.042659912,0.97619057,0.0055649616,0.03903231,0.04181479,0.010082896,0.011380306
S01_stand_left,person,train,1,26.930907100000002,0.9802547,0.10341407,1.0024239,0.01186637,0.011165409,0.021108447,0.008787533,0.011558499,0.041987207,0.04141438,0.09066945,0.04863883,0.92640865,0.9373304,0.15318231,1.0016266,0.016016703,0.015967501,0.02530471,0.011607318,0.014812903,0.036332678,0.038139224,0.08427459,0.04242659,0.97680646,0.0056545287,0.039159942,0.041987207,0.010197425,0.011607318
S01_stand_left,person,train,1,27.410907100000003,0.9801274,0.10294552,1.002369,0.01184555,0.011395793,0.020911295,0.0087661315,0.011515212,0.04213798,0.040706754,0.08985585,0.048537888,0.92544454,0.9374774,0.15375844,1.0025772,0.015255246,0.015358968,0.02412892,0.010860387,0.013953721,0.035789993,0.03666842,0.08561325,0.041781776,0.97750115,0.006347988,0.03896399,0.04213798,0.009813259,0.010860387
S01_stand_left,person,train,1,27.890907100000003,0.98043394,0.10262163,0.9998916,0.011609986,0.0111990925,0.02142774,0.00853863,0.011239745,0.042212818,0.04173577,0.08750063,0.048391886,0.92416984,0.9377028,0.15375459,1.0028872,0.014868744,0.014875991,0.021918193,0.010285153,0.01303273,0.036492597,0.037405252,0.08599454,0.042516537,0.97643435,0.0057202205,0.039352708,0.042212818,0.009411892,0.010285153
S01_stand_left,person,train,1,28.3709071,0.98054373,0.10315754,1.0013032,0.011627824,0.010830197,0.020110121,0.008565101,0.011246867,0.04259845,0.042883635,0.08639729,0.048853252,0.9232269,0.9384171,0.15350968,1.0052452,0.014778524,0.0146739315,0.021429034,0.010286493,0.012994535,0.036144,0.03518057,0.084046125,0.042042937,0.97761315,0.006454449,0.039371222,0.04259845,0.009425797,0.010286493
S01_stand_left,person,train,1,28.850907100000004,0.98083264,0.10385221,1.0015402,0.011792945,0.011556341,0.020596597,0.00879031,0.011502151,0.042965915,0.04214406,0.088189125,0.049332608,0.9223839,0.93895715,0.152988,1.0038786,0.0142122945,0.014061145,0.022192316,0.010150067,0.0129126,0.03673091,0.03663051,0.0878942,0.042836815,0.9769188,0.0062350035,0.039848413,0.042965915,0.009470188,0.010150067
S01_stand_left,person,train,1,29.3309071,0.9808156,0.10457946,1.0008156,0.011970613,0.011982048,0.020197619,0.00908198,0.011845762,0.044058375,0.04329288,0.08774984,0.05036475,0.91906565,0.93921703,0.15230364,1.0044701,0.013981759,0.01387566,0.022116994,0.010031673,0.012765512,0.03676662,0.036180377,0.08579707,0.042930055,0.97734475,0.0072917566,0.040412497,0.044058375,0.009556826,0.010031673
S01_stand_left,person,train,1,29.810907099999998,0.98001266,0.105262086,0.99897856,0.011970155,0.01157214,0.020822654,0.009261135,0.012107215,0.04489903,0.044128537,0.09079379,0.05147952,0.9171042,0.9393881,0.15218364,1.0045775,0.013594599,0.013733478,0.021667486,0.009933879,0.012649166,0.036042962,0.035666943,0.08092296,0.041899536,0.97914696,0.008856069,0.040470995,0.04489903,0.009597506,0.009933879
S01_stand_left,person,train,1,30.2909071,0.980315,0.10518484,1.00132,0.011812495,0.011766207,0.020395083,0.008915928,0.011675695,0.04488689,0.04501319,0.088674664,0.05145121,0.9161271,0.9397293,0.15106308,1.0020993,0.013529793,0.01351684,0.020503432,0.009583537,0.012297527,0.037358936,0.03858924,0.08159995,0.043244835,0.9779578,0.007527955,0.041122913,0.04488689,0.009249732,0.009583537
S01_stand_left,person,train,1,30.7709071,0.9803691,0.10517711,1.0007622,0.011566652,0.011277628,0.019212233,0.00883449,0.011573592,0.0452912,0.04684913,0.08691746,0.051712703,0.9142666,0.9402738,0.15079513,1.0022013,0.0127428705,0.012734918,0.021522732,0.009385555,0.012035778,0.038122877,0.039424956,0.084670305,0.044280868,0.9766953,0.007168323,0.04170704,0.0452912,0.009110022,0.009385555
S01_stand_left,person,train,1,31.2509071,0.97959197,0.10494133,1.0019547,0.011309061,0.010851847,0.019319406,0.0087161595,0.011386475,0.045191184,0.04567492,0.087432325,0.0517496,0.9151153,0.9389462,0.15186399,1.0020274,0.013323757,0.013158615,0.02066307,0.009475869,0.012153437,0.037153635,0.03906572,0.083101034,0.043241132,0.9770326,0.0080375485,0.041172408,0.045191184,0.009096014,0.009475869
S01_stand_left,person,train,1,31.730907100000003,0.979333,0.10473315,1.002215,0.011332462,0.011153936,0.018252786,0.008630581,0.01126341,0.04500087,0.045681536,0.088528514,0.051537707,0.91629916,0.93901306,0.15149067,1.00334,0.013661025,0.013722756,0.019765818,0.009991016,0.012773343,0.037931237,0.04057306,0.084961414,0.044025213,0.9760375,0.0070696324,0.041466054,0.04500087,0.009310799,0.009991016
S01_stand_left,person,train,1,32.21090710000001,0.9790148,0.104689196,1.002394,0.011611676,0.011575326,0.01918569,0.008959206,0.0116667235,0.045225076,0.04525262,0.09125346,0.051737934,0.9157179,0.9392006,0.15055658,1.0009657,0.013994984,0.013758865,0.020517046,0.010129675,0.012890313,0.038334846,0.041540027,0.083345234,0.04438745,0.97620374,0.00689023,0.04177996,0.045225076,0.009544441,0.010129675
S01_stand_left,person,train,1,32.690907100000004,0.97900087,0.104700565,1.0005193,0.011786171,0.011542469,0.019101309,0.0089395745,0.011625901,0.045221426,0.04432106,0.09380418,0.051798217,0.9154174,0.94108915,0.14795785,1.0011071,0.015250153,0.015133524,0.025878377,0.010379108,0.0131826755,0.04089038,0.0418849,0.08216715,0.046553597,0.9754502,0.004331045,0.043055903,0.045221426,0.009659341,0.010379108
S01_stand_left,person,train,1,33.1709071,0.9791809,0.10454391,1.0036421,0.011941011,0.012009032,0.020428289,0.00909152,0.011860463,0.0452093,0.04480481,0.092109144,0.051696893,0.914876,0.94459367,0.14384729,1.0009178,0.015147911,0.014971404,0.024224652,0.010137583,0.012936062,0.045126524,0.047479928,0.08528274,0.050631337,0.97369945,8.277595e-05,0.04516791,0.0452093,0.009614551,0.010137583
S01_stand_left,person,train,1,33.650907100000005,0.98130536,0.103753395,1.0036925,0.012191444,0.012111417,0.020793783,0.0092385225,0.012013059,0.04400937,0.04534626,0.08625138,0.05006475,0.9161245,0.94778705,0.13994567,1.0000068,0.013625922,0.013494965,0.020876322,0.009761035,0.012400195,0.049220357,0.05516565,0.08843297,0.054898202,0.97142065,0.005210988,0.046614863,0.049220357,0.009499779,0.009761035
S01_stand_left,person,train,1,34.1309071,0.98228115,0.10273889,1.0047647,0.012548309,0.012907088,0.020747919,0.009373271,0.012146694,0.042478245,0.04502189,0.08285689,0.04837311,0.9199265,0.9497783,0.13810326,1.001477,0.012649798,0.0124674635,0.019468091,0.0097685745,0.012446181,0.051157676,0.055944502,0.09023535,0.05698177,0.97068,0.008679431,0.04681796,0.051157676,0.009570923,0.0097685745
S01_stand_left,person,train,1,34.6109071,0.98428756,0.100903444,1.0052364,0.012824202,0.012504791,0.022920283,0.009671105,0.012614902,0.040249135,0.04289651,0.07441282,0.0455791,0.92457956,0.9513647,0.1371271,1.0017589,0.012625753,0.012425466,0.0189463,0.009706869,0.012302903,0.05232185,0.056550384,0.09062052,0.05833646,0.97024137,0.012072716,0.046285495,0.05232185,0.009688986,0.009706869
S01_stand_left,person,train,1,35.0909071,0.9854141,0.09964088,1.0052452,0.012465362,0.012019759,0.023259312,0.00955626,0.012517066,0.038502425,0.040985703,0.07157731,0.043549713,0.92901105,0.95172113,0.13690348,1.0024818,0.012934851,0.012849718,0.019814337,0.009829861,0.012419616,0.05253751,0.05728954,0.09065449,0.05854372,0.9703952,0.014035083,0.045519967,0.05253751,0.00969306,0.009829861
S01_stand_left,person,train,1,35.5709071,0.98543525,0.0987063,1.0069016,0.0128736505,0.012331739,0.02261744,0.009794098,0.012815116,0.037406076,0.039309025,0.07076073,0.042309098,0.9325241,0.95180213,0.13694336,1.0008541,0.013213847,0.013062558,0.021030853,0.010034937,0.012769745,0.05231965,0.05793369,0.0887686,0.058233876,0.9711784,0.014913574,0.044862863,0.05231965,0.009914517,0.010034937
S01_stand_left,person,train,1,36.050907099999996,0.98510545,0.09837815,1.0055339,0.012858956,0.011978822,0.021563297,0.00985183,0.012889747,0.03720525,0.038999915,0.07270175,0.042136032,0.9330301,0.95146006,0.13703202,1.000332,0.01342634,0.0135206375,0.021729896,0.010067038,0.012786923,0.052027505,0.056675076,0.08989084,0.057843722,0.9716603,0.014822256,0.04461638,0.052027505,0.009959434,0.010067038
S01_stand_left,person,train,1,36.5309071,0.98492026,0.0984593,1.0037162,0.012584448,0.011528589,0.022417404,0.009693838,0.012764559,0.037207156,0.03961152,0.07300758,0.04215275,0.9336468,0.9503087,0.13696972,1.0008993,0.013322753,0.013222545,0.020783933,0.010196672,0.013006915,0.051581606,0.055384874,0.092044115,0.05740087,0.97169405,0.01437445,0.04439438,0.051581606,0.009945255,0.010196672
S01_stand_left,person,train,1,37.010907100000004,0.98406917,0.09845531,1.0041192,0.01217304,0.010511822,0.019358277,0.009511679,0.0125428885,0.037731294,0.040034056,0.07527965,0.04276104,0.93216527,0.94991666,0.13722664,1.0020894,0.012930699,0.013134916,0.018369323,0.009870525,0.012624363,0.051137395,0.054623544,0.090795875,0.056978945,0.9719828,0.013406102,0.044434346,0.051137395,0.009691102,0.009870525
S01_stand_left,person,train,1,37.4909071,0.98402923,0.098669045,1.0028418,0.011767229,0.011015418,0.019461118,0.0091793705,0.012124327,0.038318377,0.04090476,0.07376647,0.043320026,0.9298432,0.94972146,0.13708095,0.999994,0.012622849,0.012924096,0.018335186,0.009822912,0.012536408,0.05112368,0.05473423,0.089873135,0.056967027,0.97202927,0.012805302,0.04472103,0.05112368,0.009501141,0.009822912
S01_stand_left,person,train,1,37.9709071,0.98501515,0.09865756,1.0043232,0.011741848,0.010907735,0.021039462,0.009023333,0.011919681,0.03818892,0.041519463,0.06874454,0.043012924,0.9292865,0.9505466,0.13649195,0.99936897,0.012500286,0.012735027,0.019745491,0.009669778,0.012337325,0.051651362,0.05531633,0.08906531,0.057491455,0.97236544,0.013462443,0.04492014,0.051651362,0.009346556,0.009669778
S01_stand_left,person,train,1,38.4509071,0.98587906,0.0980353,1.0030935,0.011656263,0.011103588,0.018688608,0.008907329,0.01166659,0.037472744,0.040797234,0.06575173,0.04215661,0.92997724,0.9515219,0.136121,1.0012704,0.0124199735,0.012261947,0.0204958,0.009568013,0.012220151,0.052202296,0.056019425,0.08959103,0.058114186,0.972335,0.014729552,0.04483752,0.052202296,0.009237671,0.009568013
S01_stand_left,person,train,1,38.930907100000006,0.98537964,0.09765564,1.0032032,0.011816546,0.010959533,0.019058801,0.008932196,0.011666129,0.037643895,0.040784717,0.06845242,0.042206712,0.9294127,0.95220834,0.13633727,1.0004216,0.012571493,0.012569083,0.020520985,0.009863297,0.012621003,0.052232947,0.05684179,0.09142882,0.058200084,0.97251743,0.014589053,0.044938423,0.052232947,0.009397747,0.009863297
S01_stand_left,person,train,1,39.4109071,0.9849482,0.09717656,1.0037578,0.012118677,0.011551187,0.021981642,0.008881337,0.011630694,0.03748052,0.039814174,0.07060951,0.041888908,0.9304749,0.95249534,0.1354744,1.0010911,0.012556837,0.011630691,0.019756196,0.009813059,0.012517034,0.052411493,0.056642354,0.09170836,0.05842569,0.9735015,0.014930975,0.044946007,0.052411493,0.0093471985,0.009813059
S01_stand_left,person,train,1,39.89090710000001,0.9848727,0.0966847,1.003917,0.011790002,0.010870454,0.02120965,0.00874422,0.011545696,0.03643676,0.03856474,0.07051104,0.040943593,0.9342266,0.9528666,0.13552028,1.0012858,0.012663535,0.01215874,0.019382603,0.00983782,0.012581771,0.052096233,0.05572462,0.0914886,0.058206506,0.9743666,0.015659474,0.044266496,0.052096233,0.00929102,0.00983782
S01_stand_left,person,train,1,40.3709071,0.98439753,0.09730134,1.0054224,0.011752411,0.010584312,0.01936843,0.008776167,0.011549452,0.037050843,0.03873545,0.07212037,0.041681908,0.93335986,0.952834,0.13559504,1.0002317,0.012854622,0.012514874,0.021448787,0.009930407,0.012654864,0.05170633,0.05639839,0.0909397,0.057930216,0.9748997,0.014655486,0.044378586,0.05170633,0.0093532875,0.009930407
S01_stand_left,person,train,1,40.8509071,0.983711,0.098550215,1.0052453,0.0124871405,0.011780254,0.023966199,0.008953556,0.011745254,0.038577825,0.040212393,0.07499677,0.043449093,0.9294236,0.95164514,0.13616079,1.0010878,0.013404904,0.012943884,0.024105519,0.009906859,0.012603226,0.050218415,0.055206478,0.08824563,0.056317206,0.9767238,0.01164059,0.04439812,0.050218415,0.009430207,0.009906859
S01_stand_left,person,train,1,41.3309071,0.9834223,0.10028483,1.0034679,0.012884582,0.013098895,0.024510985,0.009259096,0.012093485,0.039933182,0.042023778,0.07633048,0.045197383,0.9264539,0.94991744,0.1382544,1.0019177,0.013835161,0.013630822,0.024602883,0.009907829,0.012645405,0.04765521,0.052704334,0.082514584,0.053456485,0.97866905,0.0077220276,0.043794196,0.04765521,0.009583462,0.009907829
S01_stand_left,person,train,1,41.8109071,0.9825437,0.102160074,1.0037249,0.012890349,0.013186512,0.022390343,0.009482559,0.012293253,0.04258015,0.044988155,0.08167702,0.04807384,0.9187241,0.9487792,0.13946101,1.002471,0.013154437,0.012693066,0.020320397,0.009758896,0.012415716,0.04641654,0.05046153,0.081145704,0.05209505,0.9790119,0.0038363896,0.044498347,0.04641654,0.009620728,0.009758896
S01_stand_left,person,train,1,42.290907100000005,0.9815236,0.103801005,1.0029907,0.012499798,0.012998055,0.019911807,0.009643743,0.012493492,0.044366837,0.048249483,0.08583313,0.050242126,0.9146402,0.94788384,0.14082842,1.0030334,0.012955365,0.012925944,0.020415448,0.009731439,0.012369978,0.045147415,0.049215734,0.07854164,0.05055731,0.97974813,0.0007805787,0.044757128,0.045147415,0.009687591,0.009731439
S01_stand_left,person,train,1,42.7709071,0.9808088,0.10420229,1.0047699,0.01279879,0.013692293,0.021282004,0.009661565,0.012548151,0.044784028,0.0478971,0.086827874,0.050884396,0.9141472,0.9485947,0.14068972,1.0027875,0.012855772,0.012801816,0.021691121,0.009698726,0.012274013,0.0456546,0.04976648,0.07851046,0.050973963,0.9796549,0.00087057054,0.045219313,0.0456546,0.009680145,0.009698726
S01_stand_left,person,train,1,43.250907100000006,0.98059815,0.10449761,1.003202,0.01292937,0.013703615,0.020396648,0.009629751,0.012518115,0.045205608,0.0476709,0.08946508,0.051495027,0.91206807,0.9478149,0.14082104,1.0016114,0.013186188,0.012830019,0.02149873,0.0100565115,0.012760946,0.04532412,0.048261702,0.07790756,0.050477166,0.9798652,0.00011851266,0.045264862,0.04532412,0.0098431315,0.0100565115
S01_stand_left,person,train,1,43.7309071,0.9806671,0.10475781,1.0040892,0.012890627,0.013804759,0.020773461,0.009470784,0.012395633,0.045715667,0.04796785,0.089057565,0.051964466,0.90998715,0.94735384,0.14181219,1.000788,0.013553596,0.013125846,0.019811986,0.010375136,0.013103839,0.04444431,0.047409475,0.07514763,0.04948135,0.9803066,0.0012713559,0.04507999,0.045715667,0.00992296,0.010375136
S01_stand_left,person,train,1,44.21090710000001,0.9801545,0.105190314,1.003438,0.012525076,0.01279519,0.019826671,0.009401599,0.012312087,0.04661095,0.04847932,0.08852619,0.05292725,0.90698373,0.9466992,0.14189631,1.0011761,0.013712292,0.013435316,0.020232467,0.01041431,0.013142528,0.04355161,0.045874357,0.07493931,0.04846423,0.9817041,0.0030593425,0.04508128,0.04661095,0.009907954,0.01041431
S01_stand_left,person,train,1,44.690907100000004,0.9802908,0.10557405,1.0035843,0.012413012,0.012562506,0.019409068,0.009284663,0.0121535715,0.047252808,0.049921393,0.08972412,0.053487085,0.9046427,0.9446637,0.14383608,1.0035481,0.013502074,0.013266652,0.019974299,0.010555361,0.01338303,0.041432593,0.04553157,0.07687169,0.04615084,0.9823851,0.0058202147,0.0443427,0.047252808,0.009920012,0.010555361
S01_stand_left,person,train,1,45.1709071,0.98034406,0.10517819,1.0041121,0.011992784,0.012186329,0.019934662,0.009231782,0.01199276,0.047277432,0.05032623,0.0881477,0.05324028,0.90434694,0.9446411,0.14366463,1.0026101,0.013179798,0.0128743155,0.019434536,0.0101103475,0.012815699,0.041761823,0.04546106,0.075911224,0.04651436,0.9818893,0.005515609,0.044519626,0.047277432,0.009671064,0.0101103475
S01_stand_left,person,train,1,45.650907100000005,0.98052245,0.10474903,1.0040532,0.012370053,0.012092225,0.019937146,0.009400333,0.012227198,0.046867613,0.04929298,0.08584547,0.052664302,0.9057517,0.9446262,0.14269857,1.003208,0.013482164,0.013232205,0.020490984,0.010130172,0.012914591,0.042767406,0.046427548,0.07520437,0.047498535,0.98112386,0.0041002072,0.044817507,0.046867613,0.0097652525,0.010130172
S01_stand_left,person,train,1,46.1309071,0.9806116,0.10376814,1.0036962,0.012487736,0.012708235,0.020213753,0.00942979,0.01221245,0.045732245,0.04780221,0.08488977,0.05143212,0.9092555,0.9447134,0.14222935,1.0030265,0.013168125,0.0128596695,0.020117195,0.009947667,0.012713587,0.04392361,0.047958195,0.07765734,0.048704743,0.979396,0.0018086359,0.044827927,0.045732245,0.0096887285,0.009947667
S01_stand_left,person,train,1,46.610907100000006,0.9812489,0.10264789,1.0034935,0.012128362,0.011594168,0.018826861,0.009293367,0.012052839,0.0445885,0.048392117,0.082542896,0.05002583,0.91181695,0.94508094,0.14175269,1.0014415,0.013012924,0.013005232,0.019046605,0.009937124,0.012684909,0.044535767,0.048931837,0.07837045,0.049413342,0.9788094,5.2731484e-05,0.04456213,0.0445885,0.009615246,0.009937124
S01_stand_left,person,train,1,47.0909071,0.9815611,0.10232901,1.0037239,0.01206049,0.011949568,0.019929908,0.009313093,0.012096303,0.044061515,0.04813707,0.07992774,0.04949989,0.91300505,0.9434994,0.14304624,1.0005034,0.013464077,0.013250268,0.021544026,0.009980572,0.012709997,0.042971183,0.04678929,0.0769763,0.04774877,0.97950983,0.0010903329,0.04351635,0.044061515,0.009646833,0.009980572
S01_stand_left,person,train,1,47.57090710000001,0.9819373,0.10171016,1.0036287,0.011918318,0.011428967,0.020671139,0.009277133,0.011992508,0.04337919,0.045517206,0.07850605,0.048719984,0.9143823,0.9412463,0.14579631,1.0029819,0.014228621,0.01411648,0.01967411,0.009984579,0.012618062,0.039870165,0.042084336,0.070032,0.04439111,0.9813932,0.003509026,0.04162468,0.04337919,0.009630856,0.009984579
S01_stand_left,person,train,1,48.0509071,0.98269886,0.10168935,1.0022563,0.011620171,0.011279263,0.02042767,0.009178769,0.011784633,0.04293412,0.04464501,0.07783294,0.048265718,0.9152145,0.9382402,0.15000659,1.0066701,0.015024808,0.0149934115,0.02336503,0.0101559535,0.0128293475,0.03551363,0.03598368,0.07122749,0.040024973,0.9832485,0.0074204914,0.039223872,0.04293412,0.009667361,0.0101559535
S01_stand_left,person,train,1,48.53090710000001,0.98253596,0.102522135,1.0015489,0.012833903,0.013063153,0.021587197,0.009651474,0.012499476,0.043474983,0.0447762,0.07915449,0.04901416,0.9144,0.936243,0.1528727,1.0046134,0.013895273,0.013805883,0.021928377,0.010165139,0.012797704,0.032296393,0.031970143,0.06525004,0.036728557,0.98508126,0.01117859,0.03788569,0.043474983,0.009908306,0.010165139
S01_stand_left,person,train,1,49.010907100000004,0.9830732,0.10305767,1.0050462,0.013045645,0.013653505,0.022395618,0.009766137,0.012680403,0.043438386,0.04549849,0.07981855,0.049029753,0.91524917,0.93552536,0.15440191,1.0046383,0.013447959,0.012948439,0.020573145,0.010186078,0.01291955,0.031354364,0.033494115,0.0642792,0.035984606,0.9848165,0.012084022,0.037396375,0.043438386,0.009976108,0.010186078
S01_stand_left,person,train,1,49.4909071,0.9824005,0.103411846,1.0050037,0.013046351,0.013070838,0.0218264,0.009615741,0.012504124,0.04388993,0.046335578,0.08188337,0.049614184,0.9147291,0.93537,0.15483436,1.0024189,0.0136216935,0.013198469,0.021907525,0.010242079,0.012971562,0.031139517,0.03356242,0.06725848,0.035935827,0.9845574,0.012750411,0.037514724,0.04388993,0.00992891,0.010242079
S01_stand_left,person,train,1,49.9709071,0.98113513,0.10409777,1.005758,0.013024493,0.013078075,0.021003617,0.0096647795,0.012589486,0.0449884,0.046703696,0.08511853,0.050924655,0.9125758,0.9354266,0.15416121,1.0042042,0.013465647,0.013218159,0.019720042,0.010074757,0.012794316,0.03180197,0.03349805,0.06659889,0.03663704,0.98406744,0.013186432,0.038395185,0.0449884,0.009869768,0.010074757
S01_stand_left,person,train,1,50.450907099999995,0.9806325,0.103551075,1.0036446,0.012668267,0.012347237,0.021500926,0.009419307,0.01215462,0.04467777,0.046917737,0.08665508,0.05056266,0.91387033,0.9352356,0.15368147,1.003879,0.01336149,0.013190024,0.019716091,0.009788769,0.012555792,0.032941647,0.03522396,0.070757926,0.038063787,0.9823505,0.011736125,0.03880971,0.04467777,0.009604039,0.009788769
S01_stand_left,person,train,1,50.93090709999999,0.97920525,0.103319526,1.0030355,0.01201376,0.011516321,0.021546561,0.009213211,0.011954907,0.04497316,0.046687186,0.086613774,0.051020924,0.91390586,0.93470824,0.15469624,1.0035976,0.013317708,0.013035766,0.0202383,0.009601438,0.012300482,0.032111056,0.03426802,0.073470175,0.037144367,0.98283106,0.012862105,0.038542107,0.04497316,0.009407325,0.009601438
S01_stand_left,person,train,1,51.410907099999996,0.9790129,0.10339815,1.0025184,0.012134836,0.011534631,0.021199929,0.009174113,0.011871593,0.04490299,0.046402097,0.08823854,0.051032368,0.91472334,0.93405217,0.15557891,1.0027584,0.0124594355,0.012340812,0.017922135,0.009320624,0.011977322,0.03194144,0.03269899,0.07565457,0.037122678,0.98215926,0.012961552,0.038422216,0.04490299,0.009247368,0.009320624
S01_stand_left,person,train,1,51.89090709999999,0.9798943,0.10273657,1.0036292,0.01200819,0.011563789,0.019864714,0.009240596,0.011951263,0.043931253,0.045587003,0.084287286,0.049862668,0.91691804,0.93425703,0.15554376,1.001916,0.012145191,0.0121482145,0.018428514,0.0092686815,0.011925743,0.032380078,0.032914042,0.07782918,0.03782194,0.98126495,0.011551175,0.038155667,0.043931253,0.009254638,0.0092686815
S01_stand_left,person,train,1,52.370907100000004,0.98057026,0.10317664,1.0045236,0.0122291,0.012226113,0.020037929,0.009312226,0.011989198,0.04416226,0.04530126,0.085596025,0.050011963,0.91595644,0.93501467,0.15539545,1.0011941,0.012759673,0.012124327,0.02192387,0.009537453,0.0121967215,0.032830108,0.033650994,0.07810819,0.03815785,0.9810773,0.011332151,0.03849618,0.04416226,0.009424839,0.009537453
S01_stand_left,person,train,1,52.85090709999999,0.9812588,0.10351968,1.0038385,0.012064611,0.0119134635,0.019237122,0.009146358,0.011861753,0.044285774,0.04616666,0.08798289,0.050075337,0.9151797,0.9355331,0.15463479,1.002247,0.012978065,0.012318911,0.02252095,0.009769409,0.012434971,0.033486594,0.034658015,0.0788368,0.038806226,0.98076236,0.010799181,0.038886182,0.044285774,0.009457883,0.009769409
S01_stand_left,person,train,1,53.330907100000005,0.98193187,0.10358741,1.0043395,0.012142688,0.011982297,0.019112373,0.00923944,0.012061171,0.043915514,0.045175374,0.08499819,0.049689036,0.9161785,0.9355055,0.15473592,1.0037646,0.014166447,0.014105284,0.023605121,0.010068659,0.0128372125,0.032657728,0.034937263,0.07511425,0.037833855,0.98207,0.011257786,0.03828662,0.043915514,0.009654049,0.010068659
S01_stand_left,person,train,1,53.8109071,0.9842049,0.10161911,1.005666,0.014536076,0.014436187,0.024707485,0.009339524,0.012256488,0.041011337,0.04352224,0.077964604,0.046328694,0.9231619,0.93484235,0.15711318,1.0017451,0.01695165,0.017790493,0.027083369,0.010198277,0.012980137,0.028993024,0.030644834,0.06658113,0.033708453,0.9859057,0.012018314,0.03500218,0.041011337,0.009768901,0.010198277
S01_stand_left,person,train,1,54.290907100000005,0.985895,0.099224724,1.00598,0.0145990355,0.015211031,0.02260484,0.009502172,0.012477963,0.037751555,0.040039003,0.07142049,0.04272051,0.93113405,0.9324062,0.1591832,1.0071466,0.016735915,0.01687121,0.02548705,0.010269631,0.012999754,0.025589265,0.025942981,0.06019485,0.029970806,0.98860943,0.0121622905,0.03167041,0.037751555,0.009885902,0.010269631
S01_stand_left,person,train,1,54.7709071,0.98628587,0.098201424,1.0059408,0.014315292,0.014253116,0.022622777,0.009681354,0.012672536,0.036200203,0.037724018,0.07226145,0.041121285,0.9354765,0.9341555,0.15767,1.0070323,0.018149974,0.018140534,0.027810756,0.010317774,0.013083093,0.02681046,0.027263522,0.05887294,0.031133622,0.9884641,0.009389743,0.03150533,0.036200203,0.009999564,0.010317774
S01_stand_left,person,train,1,55.250907100000006,0.9864308,0.097104706,1.0056423,0.0136452,0.013687849,0.023082204,0.009438171,0.0123633165,0.034639426,0.035439014,0.0725767,0.039536953,0.93990505,0.9353232,0.15746103,1.0056157,0.021060502,0.02127392,0.03405601,0.010808127,0.0137469685,0.026781885,0.026972651,0.057450533,0.030885147,0.9891602,0.007857541,0.030710656,0.034639426,0.010123149,0.010808127
S01_stand_left,person,train,1,55.7309071,0.986254,0.0967238,1.0054462,0.012985801,0.012927603,0.02292989,0.0092319045,0.01208454,0.03372779,0.033881187,0.0712806,0.038752068,0.9431403,0.9315555,0.16147698,1.0036914,0.023709979,0.02305865,0.043167084,0.0105856,0.013540794,0.023532934,0.023750782,0.055463195,0.027536416,0.9899501,0.010194857,0.028630363,0.03372779,0.0099087525,0.0105856
S01_stand_left,person,train,1,56.21090710000001,0.98600596,0.09687454,1.0053678,0.012488348,0.012452095,0.021227371,0.008876985,0.011637571,0.034249805,0.03479594,0.068437934,0.039151955,0.94206846,0.92815536,0.16716439,1.0051541,0.02879598,0.027164537,0.051858645,0.011231357,0.0145073235,0.02084651,0.020437002,0.050675035,0.024077438,0.9910628,0.013403295,0.027548157,0.034249805,0.010054171,0.011231357
S01_stand_left,person,train,1,56.690907100000004,0.985696,0.09800308,1.0065765,0.013240659,0.013407057,0.01998003,0.008774215,0.011525215,0.03565624,0.0360654,0.068624675,0.040626675,0.93872637,0.9279738,0.16761266,1.0050141,0.028385358,0.026444001,0.04944727,0.011271487,0.014526083,0.021138001,0.021815121,0.052358508,0.024390126,0.99071294,0.014518239,0.02839712,0.03565624,0.010022851,0.011271487
S01_stand_left,person,train,1,57.1709071,0.98412806,0.09947227,1.0046695,0.014176881,0.014494772,0.023291793,0.009159443,0.011909732,0.037721705,0.039232492,0.07346666,0.043101083,0.9338377,0.9270325,0.16820176,1.0038958,0.026902521,0.025274057,0.047155023,0.010701384,0.013751751,0.02143628,0.022329688,0.052671194,0.024726829,0.9903318,0.016285425,0.029578991,0.037721705,0.009930413,0.010701384
S01_stand_left,person,train,1,57.650907100000005,0.9827099,0.10242083,1.0032429,0.013861244,0.013486715,0.022339437,0.009243323,0.011978933,0.041659415,0.043269634,0.0806365,0.047417555,0.92340076,0.9327646,0.16084048,1.0066991,0.026691414,0.024684953,0.047676068,0.0107861245,0.013794571,0.026335238,0.027162671,0.06138563,0.030754877,0.9870743,0.015324177,0.033997327,0.041659415,0.010014724,0.0107861245
S01_stand_left,person,train,1,58.1309071,0.98144895,0.10431223,1.004338,0.012816082,0.012874351,0.021007111,0.00944095,0.012249582,0.044653274,0.047527134,0.086909354,0.050588813,0.9148382,0.9420642,0.14813492,1.0028895,0.014508662,0.014761205,0.022941953,0.010154773,0.012896157,0.03915712,0.041662812,0.07685137,0.044489913,0.9794509,0.0054961555,0.041905195,0.044653274,0.009797862,0.010154773
S01_stand_left,person,train,1,58.610907100000006,0.9800921,0.104568616,1.0031127,0.012623965,0.01262375,0.020916173,0.009723847,0.012629533,0.045919035,0.047965705,0.090164006,0.05187673,0.91127324,0.944773,0.14516129,1.0028749,0.0152076585,0.015787099,0.025483731,0.009958221,0.012674834,0.042409845,0.046655774,0.07815915,0.04760729,0.9783477,0.00350919,0.04416444,0.045919035,0.009841034,0.009958221
S01_stand_right,person,train,1,1.0200587,0.9932621,0.09082636,1.0070636,0.015556964,0.016162097,0.02515056,0.009798918,0.012728283,0.026862215,0.028625011,0.05052823,0.029406901,0.9582452,0.9088255,0.19187748,1.0058546,0.016278537,0.016095549,0.025793267,0.010771939,0.013762759,0.023881601,0.012344837,0.08331752,0.034055397,0.992369,0.002980614,0.02537191,0.026862215,0.010285428,0.010771939
S01_stand_right,person,train,1,1.5000587,0.99577636,0.08847188,1.0022717,0.013249311,0.0132211065,0.020547353,0.009573836,0.012334936,0.021766288,0.02275312,0.0419842,0.024033418,0.97099686,0.9100148,0.18980877,1.0072211,0.014513614,0.014759928,0.021617236,0.01014857,0.0129243955,0.0228683,0.011256576,0.08007163,0.03243881,0.9922482,0.0011020117,0.022317294,0.0228683,0.009861203,0.01014857
S01_stand_right,person,train,1,1.9800587000000005,0.99740696,0.087695286,1.0026163,0.012866828,0.012672857,0.018920874,0.00954713,0.012241859,0.018711818,0.01813668,0.03956878,0.020889362,0.9786337,0.91167486,0.18640478,1.0074104,0.01509744,0.01491514,0.024013491,0.009785676,0.012567218,0.02175153,0.011425674,0.07189053,0.029998647,0.9921918,0.003039712,0.020231675,0.02175153,0.009666404,0.009785676
S01_stand_right,person,train,1,2.4600587000000003,0.9975913,0.08734785,1.0001311,0.013491056,0.012826588,0.021447692,0.009776066,0.012559079,0.016361848,0.015611887,0.0390808,0.018763393,0.9841671,0.91372836,0.18439913,1.0078319,0.016627315,0.016189089,0.026282892,0.010001717,0.01281824,0.020746036,0.012674451,0.06792545,0.028139144,0.9921681,0.004384188,0.018553942,0.020746036,0.009888891,0.010001717
S01_stand_right,person,train,1,2.9400587000000007,0.9978402,0.087005064,0.9986234,0.0135946125,0.013080962,0.021445671,0.010191203,0.0131121045,0.015155574,0.01440382,0.038989544,0.017522728,0.9867767,0.9151661,0.18197612,1.0058506,0.015521407,0.015317045,0.022655232,0.009923317,0.012689451,0.02048336,0.014197469,0.062010348,0.02696667,0.99183905,0.0053277854,0.017819468,0.02048336,0.010057259,0.010191203
S01_stand_right,person,train,1,3.4200587000000002,0.9982003,0.08708489,1.0022902,0.014037653,0.013588474,0.02299713,0.010359575,0.013296958,0.015300171,0.01444304,0.041083574,0.017734362,0.98614657,0.91688216,0.17945743,1.0047895,0.013862103,0.013427769,0.021407574,0.009864949,0.012552654,0.021353958,0.016473293,0.06599009,0.026969133,0.99060607,0.0060537867,0.018327065,0.021353958,0.010112261,0.010359575
S01_stand_right,person,train,1,3.900058700000001,0.99628,0.08779535,1.00094,0.014356175,0.013493104,0.023805311,0.0101018725,0.013061518,0.01735318,0.01632911,0.046179175,0.019952958,0.98253506,0.9184406,0.17849481,1.006753,0.014511854,0.0144497715,0.023024216,0.010112341,0.012784398,0.021976836,0.01788795,0.06599772,0.027025005,0.98987716,0.004623655,0.019665008,0.021976836,0.0101071065,0.010112341
S01_stand_right,person,train,1,4.380058700000001,0.994831,0.088737674,1.0031633,0.013849575,0.013756154,0.022091854,0.009939435,0.012862585,0.020096766,0.01995802,0.045891464,0.022603562,0.9774143,0.91959995,0.17765772,1.0078067,0.015199447,0.015539743,0.021451129,0.00966169,0.012250697,0.023244848,0.021028161,0.07018608,0.028368985,0.9882182,0.0031480826,0.021670807,0.023244848,0.009800563,0.009939435
S01_stand_right,person,train,1,4.8600587000000015,0.9948319,0.08955024,1.0022544,0.013673583,0.012852311,0.021944135,0.009963704,0.012828696,0.020692268,0.020652711,0.045892477,0.023494624,0.9761421,0.9227672,0.17434315,1.0046515,0.014797314,0.014752175,0.021926459,0.0095795365,0.012185929,0.024817757,0.0230155,0.075644016,0.029592067,0.98602116,0.004125489,0.022755012,0.024817757,0.009771621,0.009963704
S01_stand_right,person,train,1,5.340058700000002,0.99452823,0.08946124,1.0019819,0.013172852,0.012731127,0.022430431,0.009417787,0.012268107,0.020074798,0.0193699,0.046277106,0.023131471,0.97750765,0.9246014,0.17180821,1.0053397,0.013484614,0.013334972,0.019158497,0.0095307985,0.012133532,0.025903769,0.02580142,0.07892215,0.030864084,0.98443234,0.005828971,0.022989284,0.025903769,0.009474292,0.0095307985
S01_stand_right,person,train,1,5.820058700000003,0.9948106,0.08857365,1.003655,0.013024979,0.012563411,0.021292645,0.009563656,0.012443711,0.01857658,0.017229378,0.042885065,0.021575673,0.9804541,0.9253482,0.17127073,1.0048038,0.013113733,0.012981979,0.01906256,0.009602138,0.012257846,0.025507744,0.024614751,0.07930142,0.030287687,0.98496306,0.0069311652,0.022042163,0.025507744,0.009582897,0.009602138
S01_stand_right,person,train,1,6.300058700000002,0.9962239,0.0880987,0.99884516,0.012906401,0.012617569,0.021104125,0.009587634,0.012477126,0.017133998,0.015898347,0.04184413,0.019956032,0.98316,0.9230231,0.17417091,1.0081489,0.015035301,0.015080147,0.022085374,0.009999572,0.012747654,0.023929289,0.022253513,0.07594901,0.02869553,0.9868286,0.006795291,0.020531643,0.023929289,0.009793604,0.009999572
S01_stand_right,person,train,1,6.7800587000000005,0.9961438,0.087476194,0.997628,0.01261551,0.012441507,0.020257283,0.009405981,0.012247746,0.016530188,0.015182972,0.0434978,0.019341627,0.98384416,0.919322,0.1782764,1.0092837,0.015470533,0.015128359,0.02613328,0.009935063,0.0126749,0.023088751,0.018668592,0.073298514,0.02845029,0.9883221,0.0065585636,0.01980947,0.023088751,0.009670522,0.009935063
S01_stand_right,person,train,1,7.260058700000001,0.99655247,0.0871703,0.9976014,0.012756135,0.012205262,0.020345898,0.009741376,0.012631336,0.015933454,0.014023364,0.041626334,0.018669363,0.98486,0.9168905,0.18115973,1.0096952,0.014075994,0.013903622,0.022483509,0.009940429,0.012683815,0.022413343,0.017292023,0.07148123,0.028609391,0.9895511,0.006479889,0.019173399,0.022413343,0.009840902,0.009940429
S01_stand_right,person,train,1,7.7400587000000005,0.9972979,0.08724043,0.9981997,0.013038642,0.012275113,0.022154616,0.009819611,0.01268343,0.015372302,0.014468253,0.03920585,0.018124256,0.9859375,0.91646785,0.18129525,1.0090252,0.014018696,0.013564902,0.020341678,0.009941046,0.01263976,0.022859119,0.017725646,0.071186185,0.028994141,0.9893832,0.0074868165,0.01911571,0.022859119,0.009880329,0.009941046
S01_stand_right,person,train,1,8.220058700000001,0.9973834,0.087579004,0.99976784,0.013170584,0.012417538,0.022112606,0.009861556,0.012741337,0.015529773,0.014548123,0.038175106,0.018260526,0.98612666,0.9166633,0.18051165,1.0084251,0.013810396,0.013588542,0.020762092,0.009707829,0.012342592,0.023589455,0.017471194,0.071496785,0.029396908,0.98874253,0.008059681,0.019559614,0.023589455,0.009784693,0.009861556
S01_stand_right,person,train,1,8.700058700000001,0.9983194,0.08710478,1.0004609,0.0130883865,0.012400727,0.021262338,0.009897883,0.012745473,0.01493917,0.013680458,0.034149766,0.017422495,0.98694205,0.91758823,0.17977692,1.0065675,0.013446841,0.013203444,0.018838063,0.009740925,0.012345405,0.02362274,0.01903528,0.07301694,0.029257407,0.98839045,0.00868357,0.019280955,0.02362274,0.009819404,0.009897883
S01_stand_right,person,train,1,9.180058700000002,0.9977387,0.087577656,1.0003524,0.013393303,0.012804957,0.020597156,0.009959439,0.012801361,0.01625616,0.014978766,0.03779894,0.01875176,0.9845328,0.9163103,0.18153775,1.003992,0.014520093,0.014322978,0.022882644,0.009819385,0.012465997,0.024012713,0.018354893,0.07280797,0.030001158,0.98856795,0.0077565536,0.020134436,0.024012713,0.009889412,0.009959439
S01_stand_right,person,train,1,9.6600587,0.9970573,0.08735762,1.0007312,0.013293344,0.012716958,0.020534802,0.009993974,0.012888441,0.017253982,0.016851425,0.038523912,0.019756062,0.98168224,0.9131193,0.18419763,1.0064121,0.0147604365,0.014621176,0.021092039,0.0098864,0.012599064,0.023726497,0.016200542,0.074377656,0.031128412,0.98961663,0.006472515,0.02049024,0.023726497,0.0099401865,0.009993974
S01_stand_right,person,train,1,10.1400587,0.99616325,0.08750919,1.0023011,0.01336717,0.012601506,0.022047356,0.010043863,0.012942403,0.01896011,0.018573523,0.041435897,0.021364804,0.9777199,0.9112114,0.18594824,1.0074613,0.01402407,0.014015291,0.020275189,0.01007209,0.012772768,0.024096228,0.01520431,0.07868242,0.032154907,0.9901808,0.0051361173,0.02152817,0.024096228,0.0100579765,0.01007209
S01_stand_right,person,train,1,10.6200587,0.9949588,0.08805279,1.0014075,0.013071755,0.012311627,0.020791754,0.009894671,0.012736801,0.020486612,0.020983577,0.043546498,0.022924742,0.9747811,0.9108334,0.1863548,1.0072563,0.013867922,0.013625709,0.018739961,0.010161354,0.012945948,0.0243485,0.01557827,0.07664698,0.032418318,0.99027646,0.0038618874,0.022417556,0.0243485,0.010028012,0.010161354
S01_stand_right,person,train,1,11.100058700000002,0.9956839,0.08809781,1.0022118,0.013282774,0.012374351,0.021751804,0.009725733,0.012571823,0.020044567,0.021315932,0.042907476,0.022375334,0.97601557,0.91224205,0.18327658,1.0065432,0.014085406,0.013864778,0.021387842,0.010010788,0.012779347,0.023592502,0.014597654,0.0719285,0.03106894,0.9897734,0.0035479348,0.021818534,0.023592502,0.0098682605,0.010010788
S01_stand_right,person,train,1,11.580058700000004,0.9961599,0.0881832,1.003004,0.013698517,0.012939918,0.023901664,0.009939259,0.012812912,0.01850256,0.018734753,0.043218732,0.020990856,0.9802296,0.9152824,0.18058607,1.0062327,0.013991269,0.013630421,0.02238796,0.010031551,0.012755893,0.023511717,0.018450856,0.074186504,0.029775392,0.9889169,0.0050091576,0.02100714,0.023511717,0.009985405,0.010031551
S01_stand_right,person,train,1,12.060058700000003,0.99656266,0.08782603,1.0005134,0.013708436,0.013363739,0.02264425,0.009902564,0.012747127,0.016679427,0.015612721,0.03998995,0.019308306,0.984252,0.9177765,0.17839055,1.0066947,0.01369851,0.013780343,0.021762557,0.009853434,0.012549473,0.023395939,0.019265294,0.07445973,0.029106533,0.98818797,0.006716512,0.020037683,0.023395939,0.009877998,0.009902564
S01_stand_right,person,train,1,12.540058700000001,0.997743,0.087433726,1.0012219,0.013478602,0.013439014,0.021575022,0.010205835,0.013109929,0.015022495,0.013982773,0.03822422,0.017549776,0.9875336,0.9190133,0.1769655,1.0060915,0.013033027,0.01291517,0.018381594,0.009764638,0.01244236,0.023518384,0.021191835,0.074189484,0.028769815,0.9879024,0.008495889,0.019270439,0.023518384,0.009985236,0.010205835
S01_stand_right,person,train,1,13.0200587,0.9974765,0.087726906,1.0014461,0.013404524,0.013236434,0.021845626,0.010372845,0.013304255,0.015003613,0.013606429,0.040209413,0.017844005,0.9874631,0.9174373,0.17959425,1.0068585,0.015012509,0.01461443,0.023192475,0.009984761,0.012679365,0.023276662,0.018820882,0.07160282,0.0289054,0.98872477,0.008273049,0.019140137,0.023276662,0.010178803,0.010372845
S01_stand_right,person,train,1,13.500058700000002,0.99727064,0.08784395,1.0015974,0.013415415,0.013094695,0.021263512,0.010348749,0.013267081,0.015273021,0.012894034,0.043738544,0.018229872,0.9867809,0.91527444,0.18210877,1.0073403,0.015375258,0.015103238,0.024504026,0.010058753,0.012843815,0.023161246,0.01633501,0.06899333,0.029562464,0.98952746,0.007888225,0.019217134,0.023161246,0.010203751,0.010348749
S01_stand_right,person,train,1,13.980058700000003,0.9975496,0.0884098,1.0019236,0.01373231,0.0136051625,0.020149961,0.010425081,0.013353035,0.015767975,0.015271723,0.04444909,0.018721456,0.9863276,0.91336226,0.1835724,1.0083886,0.014734308,0.014194134,0.023441521,0.010259807,0.013102936,0.023255868,0.015912533,0.072331965,0.030468052,0.98992795,0.007487893,0.019511921,0.023255868,0.010342443,0.010425081
S01_stand_right,person,train,1,14.460058700000005,0.9980225,0.087829165,0.9994172,0.013657436,0.013545205,0.021866987,0.010348753,0.013333684,0.014629198,0.013491511,0.04458505,0.017585963,0.9879977,0.9135717,0.18384038,1.0082184,0.014616794,0.014520724,0.022892216,0.010341615,0.013127891,0.023204178,0.01596117,0.07150632,0.030421287,0.9899693,0.008574979,0.018916689,0.023204178,0.010345184,0.010348753
S01_stand_right,person,train,1,14.940058700000002,0.99776596,0.087330975,0.99941766,0.01365362,0.013516126,0.022576509,0.010481427,0.013475609,0.0138324145,0.013129592,0.042593002,0.016744617,0.98940593,0.915471,0.1820241,1.0054655,0.01448896,0.014378386,0.022576993,0.010132214,0.012883665,0.023232408,0.01666665,0.067643225,0.029785244,0.98921937,0.009399993,0.01853241,0.023232408,0.01030682,0.010481427
S01_stand_right,person,train,1,15.420058700000002,0.9987525,0.08715806,1.0005153,0.01324928,0.013215139,0.02088476,0.010253193,0.013148537,0.013517696,0.012459874,0.041440487,0.016184075,0.98994833,0.91786766,0.17921384,1.0049473,0.013030744,0.012925966,0.019150103,0.00970055,0.012271434,0.02330313,0.019006968,0.071352184,0.028926456,0.98848736,0.009785434,0.018410414,0.02330313,0.009976871,0.010253193
S01_stand_right,person,train,1,15.900058699999999,0.998922,0.086369164,0.9999704,0.013146047,0.013200724,0.021769514,0.010071563,0.012952688,0.0125045,0.011173248,0.036280632,0.015077396,0.9911478,0.91873074,0.17730911,1.006442,0.012587226,0.012561749,0.018606963,0.009657716,0.012268802,0.023638682,0.019959986,0.07437563,0.028946731,0.9878677,0.011134182,0.018071592,0.023638682,0.0098646395,0.010071563
S01_stand_right,person,train,1,16.380058700000003,0.99845004,0.086940624,0.99766135,0.013215122,0.0123078395,0.025111383,0.010089154,0.012938908,0.013045773,0.011493444,0.039275408,0.01577866,0.99069726,0.9190696,0.17774968,1.0058595,0.012829569,0.012667044,0.01899542,0.009663056,0.012380702,0.023294996,0.020072877,0.07428092,0.028708093,0.98806345,0.010249224,0.018170385,0.023294996,0.009876105,0.010089154
S01_stand_right,person,train,1,16.860058700000003,0.9981354,0.08749727,0.9989787,0.012934792,0.012439976,0.023223829,0.009708121,0.012434732,0.013159228,0.011470914,0.04289645,0.016259793,0.99068403,0.9177061,0.17845735,1.0056213,0.013242815,0.012884476,0.019458745,0.009815516,0.012584891,0.022847041,0.018804133,0.073854804,0.028677277,0.9886204,0.009687814,0.018003134,0.022847041,0.009761819,0.009815516
S01_stand_right,person,train,1,17.340058700000004,0.9970202,0.08848922,1.0008923,0.013125319,0.011942821,0.022190692,0.009695153,0.012438912,0.013737828,0.010873556,0.047827184,0.017439155,0.99027956,0.9153246,0.1819833,1.0086055,0.015571101,0.015838342,0.023257365,0.010236321,0.01305967,0.02218775,0.0148983,0.07051051,0.029160501,0.9898431,0.008449923,0.01796279,0.02218775,0.009965736,0.010236321
S01_stand_right,person,train,1,17.8200587,0.99677736,0.09003707,1.0031472,0.013568313,0.0127891395,0.021904834,0.010030108,0.012805091,0.015160407,0.012098134,0.054238915,0.019149149,0.9889951,0.91353744,0.18637258,1.008003,0.016036363,0.01613359,0.026334688,0.010507831,0.013391593,0.021858754,0.012786865,0.078725815,0.030246079,0.9910899,0.0066983467,0.01850958,0.021858754,0.010268969,0.010507831
S01_stand_right,person,train,1,18.3000587,0.99662465,0.09084842,1.0039726,0.013483027,0.013156793,0.023082491,0.010242863,0.013143601,0.016137326,0.012617052,0.05402422,0.020158282,0.98800445,0.91194785,0.18798587,1.0078615,0.0151620135,0.014876717,0.023961898,0.010784518,0.013647816,0.021844704,0.011714041,0.08209741,0.031277563,0.9915327,0.0057073776,0.018991016,0.021844704,0.01051369,0.010784518
S01_stand_right,person,train,1,18.780058700000005,0.9962488,0.09124962,1.0029263,0.013714052,0.013310388,0.02291943,0.010526153,0.013586258,0.01664639,0.014150858,0.054350495,0.020805998,0.98729724,0.9116529,0.1876739,1.0089949,0.015230086,0.015075238,0.025305573,0.010728427,0.013596128,0.022125566,0.012769461,0.08153844,0.031448606,0.99137294,0.0054791756,0.019385979,0.022125566,0.01062729,0.010728427
S01_stand_right,person,train,1,19.260058700000002,0.99659646,0.090906925,1.0034863,0.013409838,0.01314969,0.022928772,0.010444695,0.013489524,0.016113533,0.014045835,0.052815616,0.02024692,0.98789847,0.9144894,0.18440403,1.0073448,0.015938304,0.015299831,0.028321106,0.0103232935,0.0131343985,0.021822449,0.014825702,0.07572454,0.029359812,0.990761,0.005708916,0.01896799,0.021822449,0.010383994,0.010444695
S01_stand_right,person,train,1,19.740058700000006,0.9964815,0.090340674,1.0018212,0.013019205,0.013234065,0.022681434,0.010130935,0.013088817,0.015403307,0.012329936,0.047748804,0.019481163,0.98894054,0.91767144,0.17904474,1.0068163,0.014822137,0.014139985,0.02759357,0.0099367825,0.012531117,0.022308314,0.01705873,0.06807852,0.028036732,0.9893247,0.006905007,0.01885581,0.022308314,0.010033859,0.010130935
S01_stand_right,person,train,1,20.220058700000003,0.99611515,0.09014888,1.0014657,0.012891194,0.012414677,0.020734703,0.009819631,0.0126864435,0.015837887,0.012384415,0.04804802,0.019797763,0.98792136,0.9214104,0.17459086,1.004788,0.0142241595,0.014121299,0.02365289,0.00959489,0.012124602,0.02386545,0.022273302,0.071692646,0.02848566,0.9873392,0.008027563,0.01985167,0.02386545,0.009707261,0.009819631
S01_stand_right,person,train,1,20.700058700000003,0.99550253,0.090405025,0.9999683,0.013924428,0.0141827725,0.020659167,0.009835132,0.012680073,0.017563125,0.014504492,0.04927689,0.021390546,0.9842595,0.92339444,0.17330417,1.0044247,0.013714962,0.013249916,0.02104523,0.009554451,0.012058704,0.025252141,0.024692535,0.07558787,0.029658249,0.9858094,0.007689016,0.021407634,0.025252141,0.009694792,0.009835132
S01_stand_right,person,train,1,21.180058700000004,0.99489015,0.08931428,0.9997704,0.014659316,0.014620772,0.021794321,0.010063446,0.012930841,0.019720966,0.018553555,0.046333373,0.022705602,0.9782387,0.9225063,0.17424777,1.0055969,0.014610296,0.013986001,0.025146523,0.009942151,0.012560885,0.025417456,0.024159133,0.080292046,0.03016525,0.9854954,0.0056964904,0.022569211,0.025417456,0.010002798,0.010063446
S01_stand_right,person,train,1,21.660058700000004,0.9950668,0.08798955,1.0016713,0.014700322,0.014290254,0.024423579,0.010047404,0.012949092,0.020921012,0.021591187,0.04172474,0.023172533,0.9736905,0.92176104,0.17552128,1.0044843,0.014882543,0.013903184,0.025250515,0.010176864,0.01285984,0.025306625,0.022968471,0.07924521,0.030285385,0.98562235,0.004385613,0.023113819,0.025306625,0.010112135,0.010176864
S01_stand_right,person,train,1,22.140058700000008,0.99442184,0.087835245,1.0046775,0.014283362,0.014122758,0.022934666,0.010064966,0.0129678715,0.02253942,0.023480356,0.043169916,0.024629705,0.9688664,0.91965264,0.17785203,1.0040287,0.014218533,0.013778895,0.023067009,0.01038035,0.013136747,0.024969878,0.021720946,0.08131927,0.030625744,0.9860943,0.0024304576,0.023754649,0.024969878,0.0102226585,0.01038035
S01_stand_right,person,train,1,22.620058700000005,0.99452,0.08735938,1.0041852,0.0138063785,0.013248032,0.02334286,0.009826476,0.012682501,0.022114707,0.024114788,0.043168843,0.024211816,0.96931046,0.92015886,0.1778547,1.0056783,0.0146944355,0.01441486,0.024201404,0.01044334,0.013184135,0.02516006,0.022021055,0.08244735,0.030685652,0.9859095,0.0030453522,0.023637384,0.02516006,0.010134907,0.01044334
S01_stand_right,person,train,1,23.100058700000005,0.9951858,0.08806026,1.0016596,0.013904356,0.0138527,0.023212207,0.009721397,0.012573349,0.020800248,0.021758676,0.042553484,0.023078984,0.9740375,0.9207639,0.17767516,1.0052842,0.014712075,0.014599587,0.023034213,0.010509203,0.013218484,0.025265725,0.023171186,0.08084154,0.030711334,0.98571235,0.0044654775,0.023032986,0.025265725,0.0101153,0.010509203
S01_stand_right,person,train,1,23.5800587,0.99551296,0.08906166,1.0009696,0.013875423,0.013457733,0.023054708,0.00976108,0.012637367,0.019538745,0.019493818,0.04631394,0.022215836,0.9787026,0.9199804,0.17780322,1.0051302,0.014861437,0.014528417,0.023552643,0.010425362,0.013159253,0.025545508,0.022116244,0.08187407,0.030954327,0.98567736,0.0060067624,0.022542126,0.025545508,0.010093221,0.010425362
S01_stand_right,person,train,1,24.0600587,0.99608636,0.08907387,0.9986967,0.013849959,0.0133796325,0.021825312,0.009806297,0.012665374,0.017354878,0.015769243,0.044683695,0.02043606,0.9838004,0.9198194,0.17856002,1.0056325,0.015001229,0.01476805,0.023553446,0.010418192,0.013157107,0.024799354,0.021768808,0.075265944,0.03010105,0.9866964,0.0074444767,0.021077115,0.024799354,0.010112245,0.010418192
S01_stand_right,person,train,1,24.540058700000003,0.9971644,0.088416286,1.0032016,0.013524813,0.012812028,0.022533303,0.010125927,0.013072135,0.014651379,0.012086809,0.041977227,0.017991474,0.9885863,0.9172828,0.18158588,1.0057666,0.014801116,0.014796965,0.023085972,0.010531261,0.013289621,0.023127919,0.017941415,0.06921345,0.029136669,0.9890543,0.00847654,0.018889649,0.023127919,0.010328594,0.010531261
S01_stand_right,person,train,1,25.020058700000003,0.99699104,0.08818659,1.0037311,0.012755653,0.012435078,0.02107106,0.009818806,0.012681066,0.013450845,0.010990679,0.041841745,0.017228741,0.990267,0.9166242,0.18291064,1.0061833,0.014042639,0.013803803,0.02119869,0.010276272,0.013042361,0.021562692,0.015891492,0.06875914,0.028014356,0.9906687,0.008111847,0.017506769,0.021562692,0.010047539,0.010276272
S01_stand_right,person,train,1,25.500058700000004,0.99692404,0.08862756,1.0037361,0.013217222,0.0131173525,0.02124016,0.010102398,0.013047994,0.013012757,0.0097670555,0.042835295,0.016896697,0.9919936,0.91747326,0.18110254,1.0068154,0.014484513,0.014115366,0.022849884,0.010123498,0.012832719,0.020839646,0.016638517,0.063759804,0.02670885,0.99100465,0.00782689,0.016926201,0.020839646,0.010112948,0.010123498
S01_stand_right,person,train,1,25.980058700000004,0.9976959,0.08822468,1.0023558,0.013501844,0.013173083,0.02207519,0.010193832,0.013177328,0.012531906,0.008958578,0.042134643,0.016147906,0.99254227,0.91798663,0.179748,1.0058547,0.014616616,0.014639967,0.02180044,0.009972236,0.012653403,0.020859672,0.016029477,0.061632752,0.026397841,0.9907924,0.008327765,0.01669579,0.020859672,0.010083035,0.010193832
S01_stand_right,person,train,1,26.46005870000001,0.9976207,0.08795695,1.0033085,0.013546457,0.013635252,0.020876177,0.009986655,0.0129055455,0.012343833,0.009390652,0.04051578,0.015921377,0.99263704,0.92078143,0.17596683,1.0037627,0.01475653,0.014907515,0.021271996,0.009818498,0.012482312,0.02145564,0.019272327,0.06456351,0.026254566,0.9895824,0.009111807,0.016899737,0.02145564,0.009902576,0.009986655
S01_stand_right,person,train,1,26.94005870000001,0.9983249,0.08730456,1.0014977,0.013799601,0.014302555,0.021841062,0.010155706,0.013115395,0.011992018,0.009625196,0.038244486,0.015078641,0.9930165,0.92446077,0.17020833,1.0044509,0.015607682,0.01585688,0.023698913,0.009878798,0.012547648,0.023216754,0.022623539,0.0700236,0.027697807,0.98761857,0.011224736,0.017604386,0.023216754,0.010017252,0.010155706
S01_stand_right,person,train,1,27.42005870000001,0.99876004,0.086527325,0.9999543,0.013502126,0.01380829,0.019772574,0.009904955,0.012786441,0.011808121,0.010398626,0.03606093,0.014532771,0.9927044,0.92889345,0.1659153,1.0048169,0.015931554,0.016131172,0.02842083,0.009834145,0.0125520015,0.025263822,0.02437222,0.07588035,0.029915245,0.98593503,0.013455701,0.018535972,0.025263822,0.009869549,0.009904955
S01_stand_right,person,train,1,27.90005870000001,0.9977688,0.08609723,0.9971052,0.013267282,0.013678041,0.02030654,0.009824711,0.012654052,0.012355494,0.010871053,0.036298096,0.014857922,0.99183124,0.93218887,0.16235094,1.0038064,0.014839437,0.014801221,0.02469595,0.009992717,0.012777733,0.026820432,0.025068998,0.0773235,0.03218686,0.98480827,0.014464938,0.019587964,0.026820432,0.009908713,0.009992717
S01_stand_right,person,train,1,28.38005870000001,0.99801856,0.0858878,0.99520147,0.013154923,0.01385812,0.021485021,0.009891312,0.0126886135,0.012567141,0.011734843,0.03389764,0.014859393,0.9913447,0.93434477,0.16020554,1.0031506,0.013229048,0.0130110895,0.02164891,0.00980267,0.012561359,0.02812799,0.02757293,0.07865894,0.0335696,0.9844451,0.01556085,0.020347565,0.02812799,0.009846991,0.009891312
S01_stand_right,person,train,1,28.860058700000003,0.99870557,0.08554905,0.994966,0.013093801,0.013187872,0.020878075,0.009993845,0.012791986,0.01245051,0.012869716,0.032028496,0.014501073,0.9912545,0.9340632,0.16062585,1.0054231,0.013282707,0.012872864,0.021108702,0.009925754,0.012678158,0.027637724,0.028247952,0.079277515,0.033079766,0.9847871,0.015187214,0.020044116,0.027637724,0.009959799,0.009993845
S01_stand_right,person,train,1,29.3400587,0.99813646,0.08540739,0.99604857,0.013188103,0.012674861,0.020564776,0.010072346,0.012902519,0.012581872,0.012825668,0.030464113,0.014713622,0.99086684,0.9324391,0.16174005,1.004965,0.013249356,0.0128821675,0.021856647,0.010263452,0.013088875,0.026948411,0.025482237,0.07914984,0.031993955,0.9852856,0.014366539,0.019765142,0.026948411,0.010167899,0.010263452
S01_stand_right,person,train,1,29.820058700000004,0.9989933,0.08537629,0.997586,0.013336885,0.013283585,0.01969015,0.010213243,0.013064837,0.0125800185,0.013032675,0.029685497,0.014566302,0.99071294,0.93120146,0.16291977,1.0058818,0.013116288,0.012737718,0.022286242,0.010119447,0.01287659,0.026207095,0.024528027,0.078226805,0.031002901,0.9857931,0.0136270765,0.019393556,0.026207095,0.010166345,0.010213243
S01_stand_right,person,train,1,30.300058700000005,0.998804,0.085148,1.0023674,0.013321986,0.012846933,0.02239122,0.010131465,0.012992699,0.011973048,0.011624932,0.029828548,0.013830331,0.99206847,0.9307833,0.16392061,1.0064747,0.013151205,0.012788733,0.02177221,0.010394163,0.013203513,0.025828056,0.02357459,0.07799578,0.030605953,0.9858625,0.013855008,0.01890055,0.025828056,0.010262814,0.010394163
S01_stand_right,person,train,1,30.780058700000005,0.9978456,0.084680006,1.0002216,0.013637408,0.01307306,0.023523003,0.00998492,0.012813298,0.012169533,0.012184262,0.031475544,0.014060105,0.99143255,0.925308,0.17514776,1.0067441,0.028262919,0.029542385,0.044841222,0.010968245,0.014033177,0.019673113,0.020061791,0.061064005,0.023442585,0.991114,0.0075035794,0.015921323,0.019673113,0.010476582,0.010968245
S01_stand_right,person,train,1,31.260058700000005,0.9977889,0.08493217,1.0026144,0.013933732,0.013779322,0.024094703,0.009946644,0.012847314,0.013260111,0.013437808,0.030705452,0.014969174,0.9897889,0.917066,0.19248456,1.0124195,0.03781293,0.037960265,0.06688301,0.01092059,0.013923686,0.017856413,0.009563804,0.07917088,0.027667254,0.9949673,0.0045963023,0.015558262,0.017856413,0.010433617,0.01092059
S01_stand_right,person,train,1,31.740058700000006,0.9970196,0.085998446,1.0010527,0.013613087,0.013063584,0.023053888,0.009567306,0.012421323,0.014767254,0.014934182,0.037077904,0.016782722,0.98754656,0.9067013,0.20995037,1.0134349,0.036859743,0.03551084,0.0670477,0.010917984,0.013953063,0.028447423,0.011954069,0.11753562,0.044287797,0.9961469,0.013680169,0.02160734,0.028447423,0.010242645,0.010917984
S01_stand_right,person,train,1,32.22005870000001,0.9953464,0.08809229,1.0038816,0.013826647,0.013730864,0.023955043,0.009674529,0.012699518,0.018309053,0.01792705,0.045116663,0.020702172,0.981688,0.89507663,0.2280414,1.0130286,0.026603019,0.02526569,0.04740835,0.010594494,0.013576176,0.046004202,0.025829554,0.15307635,0.06476736,0.9963282,0.02769515,0.032156628,0.046004202,0.010134511,0.010594494
S01_stand_right,person,train,1,32.70005870000001,0.99428874,0.08919939,1.0044307,0.01394652,0.013484585,0.02573895,0.009583093,0.012661453,0.02003832,0.019002676,0.047089756,0.02262368,0.9789102,0.8881227,0.23659511,1.0122474,0.014357245,0.013568621,0.023640646,0.009793405,0.012473079,0.0546743,0.031154037,0.16972929,0.07564577,0.9959643,0.034635983,0.03735631,0.0546743,0.009688249,0.009793405
S01_stand_right,person,train,1,33.18005870000001,0.99319214,0.08962512,1.005477,0.012971891,0.012054122,0.023959965,0.009335567,0.0123392325,0.021021424,0.019636154,0.04994154,0.023879362,0.9768657,0.886717,0.23685789,1.0132132,0.013124745,0.0129094245,0.021406207,0.009607407,0.01227563,0.055001527,0.031441808,0.17276296,0.07673026,0.99573225,0.0339801,0.038011476,0.055001527,0.009471487,0.009607407
S01_stand_right,person,train,1,33.660058700000015,0.99435604,0.08727269,1.0004478,0.015092516,0.014826352,0.026076464,0.009540291,0.012559668,0.017843096,0.01672405,0.044149995,0.020323556,0.98232645,0.8866574,0.23792042,1.012301,0.013864394,0.013654789,0.022251064,0.009835355,0.012547675,0.05607119,0.031018496,0.17512089,0.077538535,0.9959117,0.038228095,0.03695714,0.05607119,0.009687822,0.009835355
S01_stand_right,person,train,1,34.14005870000002,0.99640185,0.083433874,0.99724215,0.016023366,0.015659362,0.025091726,0.00990992,0.0128855305,0.01319414,0.013055682,0.033267975,0.0149631025,0.98880476,0.88886946,0.23820616,1.0131028,0.014732565,0.014545397,0.023275236,0.010518183,0.013357236,0.05632384,0.034284472,0.1711188,0.07647008,0.99620837,0.0431297,0.034758992,0.05632384,0.010214051,0.010518183
S01_stand_right,person,train,1,34.620058700000016,0.9978945,0.08018759,0.99951625,0.01505144,0.01453386,0.023827743,0.010212521,0.01316365,0.009231275,0.009562194,0.023264885,0.01040699,0.99370503,0.8901474,0.24013115,1.0160774,0.014849664,0.014505969,0.022844788,0.010994896,0.013909103,0.058132857,0.03803575,0.16913718,0.0773341,0.9964495,0.04890158,0.033682067,0.058132857,0.010603709,0.010994896
S01_stand_right,person,train,1,35.10005870000001,0.99951637,0.078871384,1.0013436,0.0140333185,0.013851,0.022724982,0.010418963,0.013451432,0.0066310824,0.0063218474,0.01776421,0.0076405513,0.9961779,0.8912407,0.24269682,1.0158665,0.01478348,0.014794451,0.024041193,0.011129259,0.014082972,0.06064169,0.043371916,0.16989964,0.078962654,0.99656713,0.054010607,0.033636387,0.06064169,0.010774111,0.011129259
S01_stand_right,person,train,1,35.58005870000001,0.9992615,0.079346284,1.000623,0.014114067,0.014204787,0.022566844,0.01046681,0.013554673,0.0068378467,0.006539941,0.015219808,0.00792376,0.9961644,0.8908918,0.24634402,1.0169765,0.015878832,0.015527235,0.025075253,0.0112183215,0.014191411,0.06487161,0.05065763,0.1702156,0.08230555,0.99656504,0.058033764,0.035854727,0.06487161,0.010842565,0.0112183215
S01_stand_right,person,train,1,36.060058700000006,0.9983855,0.08183069,1.0012323,0.014395547,0.014052479,0.022521628,0.010179912,0.013219894,0.009318879,0.008453727,0.02350986,0.010732124,0.9942311,0.89028054,0.25001976,1.0192045,0.015745707,0.015503487,0.02392025,0.01132299,0.014348473,0.06898023,0.057061255,0.17255959,0.0859236,0.9963474,0.05966135,0.039149556,0.06898023,0.01075145,0.01132299
S01_stand_right,person,train,1,36.54005870000001,0.99847764,0.08422954,1.0017643,0.014347904,0.013964894,0.022525236,0.010254274,0.013368816,0.011898427,0.011814058,0.029716969,0.013640907,0.9913498,0.8885754,0.25514305,1.0202013,0.01642774,0.01629196,0.027216332,0.0114446385,0.014483972,0.07417633,0.061650157,0.17912433,0.0914225,0.9958911,0.0622779,0.043037377,0.07417633,0.010849456,0.0114446385
S01_stand_right,person,train,1,37.02005870000001,0.9975808,0.08540584,1.0039401,0.013797654,0.013693722,0.02144884,0.010217148,0.013200449,0.014029351,0.013557494,0.035877705,0.01588159,0.9884661,0.8861915,0.2568695,1.0222496,0.016743436,0.016218977,0.027874932,0.0116241705,0.014737005,0.076176405,0.061564207,0.18372622,0.094044395,0.99576616,0.062147055,0.04510288,0.076176405,0.010920659,0.0116241705
S01_stand_right,person,train,1,37.50005870000001,0.99818444,0.08520075,1.0020835,0.013620406,0.013243995,0.020803574,0.010160864,0.01310445,0.014168198,0.014039993,0.0324983,0.015900994,0.98773336,0.88591075,0.25529674,1.0217854,0.017433634,0.01733458,0.028184477,0.011645845,0.01474776,0.074100055,0.057467103,0.18561146,0.09277294,0.9957962,0.059931856,0.044134125,0.074100055,0.010903355,0.011645845
S01_stand_right,person,train,1,37.98005870000001,0.9984822,0.08320979,1.0023034,0.013940376,0.013451138,0.021559041,0.009841567,0.012686662,0.012241102,0.012503803,0.027531981,0.013614648,0.9901019,0.8853904,0.25251904,1.0181566,0.018437905,0.017920587,0.03005001,0.011861209,0.014972595,0.070985846,0.051168263,0.18554863,0.09051897,0.9959428,0.058744743,0.041613474,0.070985846,0.010851388,0.011861209
S01_stand_right,person,train,1,38.46005870000001,0.99872595,0.080745384,1.0009769,0.014024775,0.013503511,0.023630122,0.009722383,0.012588348,0.009279675,0.009338021,0.02334869,0.0104773315,0.9935246,0.8872021,0.24908344,1.0182415,0.017172316,0.016727073,0.02747554,0.011536075,0.014633879,0.0672126,0.04936254,0.18071026,0.086632885,0.99607015,0.05793292,0.038246136,0.0672126,0.010629229,0.011536075
S01_stand_right,person,train,1,38.940058700000016,0.9987277,0.07938444,0.99948883,0.0137207275,0.012788039,0.021575525,0.00957838,0.012397637,0.00828855,0.008143067,0.018355072,0.009332542,0.99443406,0.88961434,0.24843957,1.0187428,0.01610898,0.015560012,0.025263216,0.011562775,0.014674104,0.066148296,0.049515843,0.17944792,0.08503198,0.9959468,0.057859745,0.03721842,0.066148296,0.010570577,0.011562775
S01_stand_right,person,train,1,39.420058700000006,0.99862903,0.07823293,0.9999899,0.013446468,0.013016214,0.021534547,0.009611875,0.0124288,0.0069187465,0.0072643757,0.015999973,0.007952343,0.9959157,0.89048994,0.25086477,1.0185614,0.016205044,0.01609623,0.023883678,0.011310639,0.014399248,0.06884289,0.05536914,0.17979118,0.086908296,0.9956999,0.06192414,0.037880816,0.06884289,0.010461257,0.011310639
S01_stand_right,person,train,1,39.90005870000002,0.9984078,0.078705065,1.0025519,0.013747414,0.013292594,0.02155689,0.009762521,0.012664631,0.0075610573,0.0075932145,0.019007504,0.00891113,0.9948904,0.8904223,0.25032002,1.0163414,0.016160235,0.015885603,0.026668483,0.010931906,0.013966321,0.06851404,0.05445969,0.17871574,0.0864588,0.9956942,0.060952984,0.03803755,0.06851404,0.010347214,0.010931906
S01_stand_right,person,train,1,40.38005870000002,0.9985076,0.08063204,0.99923605,0.014154513,0.013976328,0.022568917,0.010053725,0.013011996,0.009374804,0.008611679,0.021521986,0.010959159,0.99271095,0.8887524,0.2493236,1.0165479,0.016510831,0.016019281,0.028583102,0.011364484,0.0144538265,0.06761261,0.050629497,0.18070334,0.08635569,0.995623,0.058237806,0.038493708,0.06761261,0.010709105,0.011364484
S01_stand_right,person,train,1,40.86005870000001,0.9981303,0.082720034,1.000626,0.014392249,0.014045979,0.02276069,0.010366608,0.0133864265,0.010590031,0.009503245,0.026402831,0.012505374,0.99202037,0.8869258,0.2505218,1.0157763,0.017293975,0.016693719,0.027451148,0.011511288,0.014588952,0.06869396,0.05098462,0.18620583,0.08824113,0.9956029,0.058103926,0.039641995,0.06869396,0.010938948,0.011511288
S01_stand_right,person,train,1,41.34005870000001,0.99761087,0.08488743,1.0016614,0.014093552,0.0135614155,0.024344556,0.010411449,0.01353815,0.013188692,0.011942327,0.03232199,0.015284503,0.98910254,0.88581526,0.24899128,1.0165551,0.01692428,0.016435653,0.025842382,0.011739408,0.014861767,0.06713224,0.04623139,0.18957946,0.08742978,0.9956286,0.053943552,0.040160466,0.06713224,0.011075428,0.011739408
S01_stand_right,person,train,1,41.82005870000002,0.9966869,0.08561253,1.0011232,0.013869188,0.013134687,0.024533179,0.010332789,0.013395551,0.014503219,0.0133805275,0.03500545,0.016695375,0.9874081,0.885958,0.24944595,1.0197009,0.016611129,0.016414562,0.02465139,0.011997665,0.015092699,0.067589186,0.046891093,0.18991935,0.0878931,0.99534494,0.053085968,0.041046202,0.067589186,0.011165228,0.011997665
S01_stand_right,person,train,1,42.300058700000015,0.9949907,0.08643289,1.0030075,0.013729963,0.012836961,0.023413742,0.010076836,0.013156937,0.017209757,0.016579509,0.040166855,0.019437136,0.98278534,0.88599366,0.25434694,1.0211685,0.016322484,0.015870484,0.02621517,0.0120035475,0.015117044,0.07221235,0.052162766,0.19244558,0.09220294,0.99517745,0.055002596,0.044711053,0.07221235,0.011040192,0.0120035475
S01_stand_right,person,train,1,42.78005870000002,0.99425626,0.087287426,1.0027795,0.013246231,0.01265397,0.02242522,0.009833752,0.012868686,0.019231502,0.01820767,0.04259497,0.021527765,0.9786829,0.8848068,0.25536025,1.0208524,0.016497225,0.016382933,0.023937939,0.011829408,0.014949436,0.07356145,0.052903056,0.1955455,0.09357995,0.99527293,0.05432995,0.04639648,0.07356145,0.01083158,0.011829408
S01_stand_right,person,train,1,43.26005870000003,0.99392474,0.08758282,1.0038171,0.012810308,0.012663246,0.021958299,0.00971843,0.012670748,0.020286243,0.019212544,0.043902457,0.022569414,0.97619754,0.8844215,0.25637943,1.0200717,0.01638968,0.016537312,0.023843177,0.011496196,0.01450841,0.07428148,0.054988027,0.19515973,0.09459143,0.99538344,0.053995233,0.047283858,0.07428148,0.010607313,0.011496196
S01_stand_right,person,train,1,43.74005870000002,0.99403405,0.08800272,1.0040187,0.012550376,0.01200011,0.021590406,0.009608164,0.012544152,0.0207155,0.020237684,0.045312762,0.022962924,0.975568,0.8833232,0.25719982,1.0211918,0.015901493,0.015994651,0.024479987,0.011388205,0.014455895,0.07460506,0.05387777,0.19716522,0.095657565,0.9957092,0.053889565,0.04766028,0.07460506,0.010498185,0.011388205
S01_stand_right,person,train,1,44.22005870000002,0.9954795,0.087318,1.0010464,0.012424428,0.012077244,0.020803975,0.009264371,0.012002475,0.018425563,0.018124938,0.040537834,0.020609623,0.9803546,0.88499403,0.2505327,1.0184339,0.0198778,0.019759813,0.03322379,0.011088684,0.014067216,0.06782253,0.04400134,0.18849692,0.08894202,0.9960432,0.04939697,0.043124046,0.06782253,0.010176528,0.011088684
S01_stand_right,person,train,1,44.70005870000001,0.995464,0.08672898,1.0012438,0.01243851,0.011898918,0.021707742,0.009315023,0.01204876,0.01658886,0.016405225,0.04079604,0.018928345,0.9843036,0.88804543,0.24238299,1.0171587,0.020403888,0.020364733,0.03036505,0.011076784,0.01409657,0.059275165,0.0336442,0.17791733,0.08045924,0.99611086,0.042686306,0.037932012,0.059275165,0.0101959035,0.011076784
S01_stand_right,person,train,1,45.18005870000001,0.99620724,0.08706835,1.0043377,0.012541375,0.012307926,0.020671735,0.009400051,0.012082754,0.016043246,0.015533507,0.042239964,0.018425716,0.9856429,0.8903972,0.23376474,1.0130986,0.020840941,0.021354796,0.029699968,0.01127634,0.014352742,0.05065625,0.025372148,0.1683591,0.0721769,0.99586654,0.034613006,0.03334975,0.05065625,0.010338196,0.01127634
S01_stand_right,person,train,1,45.66005870000001,0.9972742,0.087096676,1.0012809,0.012424136,0.012105644,0.020174896,0.009488804,0.012148811,0.015575132,0.015639424,0.04026532,0.017840281,0.9864636,0.89283025,0.22307092,1.010252,0.01766043,0.017842177,0.026910612,0.011038142,0.014004956,0.04083458,0.0142502785,0.15444502,0.06268503,0.99511236,0.025259446,0.028204856,0.04083458,0.010263473,0.011038142
S01_stand_right,person,train,1,46.14005870000001,0.9969118,0.08753712,1.0003673,0.012904629,0.012255783,0.021320611,0.009766297,0.01253221,0.015760552,0.015065789,0.040219188,0.018256672,0.9863951,0.89670134,0.21490668,1.008391,0.018606689,0.018597372,0.02901042,0.010771336,0.013678546,0.03435973,0.011204183,0.14179915,0.054794773,0.9942584,0.018599179,0.025060141,0.03435973,0.010268817,0.010771336
S01_stand_right,person,train,1,46.62005870000001,0.9973577,0.08716026,1.0039996,0.013161801,0.012660135,0.022148846,0.009878781,0.012615689,0.015409734,0.014100254,0.041286826,0.017768092,0.98671305,0.899594,0.20699677,1.0079086,0.018340243,0.017913457,0.029644514,0.010619502,0.013447259,0.029673006,0.010858774,0.12587306,0.047987226,0.99343246,0.014263272,0.02254137,0.029673006,0.010249142,0.010619502
S01_stand_right,person,train,1,47.100058700000005,0.99730814,0.086209044,1.0047911,0.013100182,0.01297308,0.021553217,0.00989316,0.012695913,0.014437925,0.013574243,0.03790766,0.016675912,0.9879559,0.9020389,0.20225415,1.0122061,0.016005076,0.01598016,0.025329955,0.01048787,0.013321424,0.026924802,0.009642124,0.119035274,0.04359966,0.99309677,0.012486877,0.020681363,0.026924802,0.010190515,0.01048787
S01_stand_right,person,train,1,47.58005870000001,0.9974728,0.08529208,1.0046585,0.013384338,0.013128347,0.021018868,0.010223882,0.013086052,0.013107661,0.0122208595,0.03283626,0.015326367,0.9896963,0.90428454,0.20081395,1.0093632,0.0149126295,0.014663826,0.02156452,0.010763665,0.013729686,0.025021784,0.0077433586,0.11520657,0.04110179,0.9933951,0.011914123,0.019064723,0.025021784,0.010493774,0.010763665
S01_stand_right,person,train,1,48.060058700000006,0.9986111,0.08405247,1.0045631,0.0134515185,0.012598455,0.020235999,0.010121653,0.012986232,0.011653366,0.011424184,0.027559578,0.013574808,0.99118495,0.9033549,0.20428662,1.0097456,0.016723864,0.016238933,0.02738098,0.010977932,0.014008837,0.025779042,0.006853223,0.11813328,0.043146968,0.9944202,0.014125677,0.018716205,0.025779042,0.010549793,0.010977932
S01_stand_right,person,train,1,48.54005870000001,0.99985766,0.083517015,1.0050588,0.013701348,0.013015248,0.021819964,0.010230225,0.013194944,0.01148106,0.0122074485,0.02408421,0.013091693,0.99098784,0.90080273,0.21158437,1.0067927,0.018476363,0.018536573,0.028072413,0.011100267,0.014235855,0.030163579,0.009107411,0.12775436,0.04908982,0.99551743,0.018682519,0.02082232,0.030163579,0.010665245,0.011100267
S01_stand_right,person,train,1,49.02005870000001,1.0004473,0.08218331,1.005249,0.01352024,0.013020918,0.020781266,0.010146906,0.01313094,0.010438287,0.010733843,0.020995975,0.011844414,0.9917599,0.8980651,0.22025785,1.0084541,0.019277291,0.019528959,0.030432172,0.011268318,0.0144216,0.038051136,0.017648458,0.13966998,0.0569622,0.99613565,0.02761285,0.02424471,0.038051136,0.010707611,0.011268318
S01_stand_right,person,train,1,49.50005870000001,1.0001075,0.081583835,1.0007699,0.013149515,0.012602267,0.021175835,0.009948893,0.012924411,0.010179929,0.010127306,0.024035394,0.011552149,0.99179703,0.8949763,0.23069869,1.0076509,0.020032542,0.020248113,0.032865632,0.011093125,0.014214653,0.048489403,0.029384494,0.15551245,0.06705864,0.9963065,0.038309474,0.029334666,0.048489403,0.01052101,0.011093125
S01_stand_right,person,train,1,49.98005870000001,0.9997011,0.08143168,1.0021586,0.012706525,0.012268245,0.021129671,0.009668228,0.012579708,0.010433555,0.010495901,0.023134053,0.011802462,0.9913132,0.89088076,0.24018103,1.0086831,0.01937244,0.019086054,0.03304026,0.010933251,0.0139670735,0.058165353,0.03858435,0.16604176,0.07721794,0.99609303,0.0477318,0.034299456,0.058165353,0.01030074,0.010933251
S01_stand_right,person,train,1,50.46005870000001,0.9993263,0.082295485,1.000357,0.012615015,0.012264826,0.022068895,0.009384693,0.012206161,0.011670817,0.011716843,0.025909066,0.0131340595,0.98967046,0.8884308,0.24877141,1.0153874,0.01843715,0.018184261,0.029799964,0.011070573,0.014069675,0.06661616,0.047961593,0.17750958,0.08592383,0.9958142,0.054945346,0.039143488,0.06661616,0.010227633,0.011070573
S01_stand_right,person,train,1,50.94005870000001,0.99832886,0.08431727,1.0002942,0.013209451,0.01246792,0.02211716,0.009394724,0.0121058235,0.014189731,0.013793826,0.0314669,0.015861211,0.9864562,0.8880181,0.2566856,1.0210286,0.016911598,0.01657143,0.028029986,0.011336195,0.014297018,0.07426498,0.056840897,0.18928948,0.09323924,0.9954566,0.06007525,0.044227354,0.07426498,0.01036546,0.011336195
S01_stand_right,person,train,1,51.42005870000002,0.9990717,0.08544517,0.9999882,0.013182357,0.012793429,0.023151034,0.009353127,0.01202543,0.015515766,0.015405953,0.031733572,0.017191645,0.98438627,0.8874967,0.26109728,1.0251567,0.015306943,0.014895603,0.02687696,0.011183807,0.014101191,0.07889828,0.0632993,0.19292644,0.09750749,0.99520415,0.063382514,0.047207024,0.07889828,0.010268467,0.011183807
S01_stand_right,person,train,1,51.90005870000001,0.9989762,0.08653635,0.9987945,0.013064293,0.012433185,0.024193931,0.009836721,0.012682747,0.017264014,0.017926633,0.034435034,0.019047711,0.98113537,0.8876615,0.26356247,1.0248218,0.014807718,0.014393182,0.02411178,0.01105252,0.013942585,0.08153472,0.06751108,0.19491878,0.09966112,0.9951842,0.064270705,0.04939937,0.08153472,0.010444621,0.01105252
S01_stand_right,person,train,1,52.38005870000002,0.9990656,0.08710326,1.0003037,0.013227975,0.01210499,0.023959035,0.010024648,0.012857348,0.017702436,0.01826024,0.033970952,0.019575711,0.9805844,0.887773,0.2633823,1.0228771,0.014609956,0.014249161,0.022716096,0.010968275,0.013818191,0.08187325,0.069423795,0.19175068,0.09949241,0.99510187,0.064170815,0.049787845,0.08187325,0.010496462,0.010968275
S01_stand_right,person,train,1,52.860058700000025,1.0000851,0.085760936,0.9999842,0.013309128,0.012417418,0.02365862,0.010247234,0.013192585,0.016277777,0.017614841,0.03344482,0.017882321,0.98268336,0.88708436,0.26293775,1.0226823,0.0141734285,0.014067364,0.022449542,0.010653589,0.013415638,0.08184056,0.07062483,0.18910915,0.09937244,0.9951005,0.065562785,0.049059168,0.08184056,0.010450412,0.010653589
S01_stand_right,person,train,1,53.340058700000014,0.99970347,0.085411176,0.99766576,0.013667591,0.0129364515,0.024225567,0.010448464,0.013423125,0.015627883,0.016617894,0.031900764,0.017237818,0.98396707,0.88664037,0.26217127,1.0212266,0.013838503,0.013761086,0.021351041,0.010379069,0.01307281,0.08148428,0.068642735,0.18790406,0.098886095,0.99506444,0.0658564,0.048556082,0.08148428,0.010413766,0.010448464
S01_stand_right,person,train,1,53.820058700000025,0.99876666,0.087847166,1.0010434,0.015358594,0.01553948,0.026423726,0.010554451,0.013523572,0.017710678,0.018045187,0.038324177,0.019763509,0.9815736,0.8869248,0.25963116,1.0167577,0.015857164,0.015341464,0.024478912,0.010921709,0.013726834,0.07906013,0.06941581,0.186798,0.09641439,0.9952559,0.06134945,0.048385404,0.07906013,0.01073808,0.010921709
S01_stand_right,person,train,1,54.30005870000003,0.99387246,0.09282216,1.0001605,0.021321803,0.01926706,0.0367739,0.0105308015,0.013471673,0.025279826,0.025108695,0.05653608,0.028298216,0.9673256,0.8898494,0.24905804,1.0154161,0.024514377,0.025676925,0.039709765,0.010889454,0.013702931,0.06832577,0.055240512,0.17369738,0.085320294,0.9962396,0.043045945,0.0468028,0.06832577,0.010710128,0.010889454
S01_stand_right,person,train,1,54.780058700000026,0.9882973,0.10025808,1.0056235,0.023732983,0.021231806,0.043008603,0.010484715,0.013519541,0.03520027,0.033049107,0.07570237,0.039851382,0.94585484,0.89326084,0.23819438,1.0140346,0.027129926,0.027866123,0.04366889,0.010923168,0.013833827,0.057240553,0.042823195,0.15496993,0.07390187,0.99696964,0.022040281,0.046220414,0.057240553,0.010703942,0.010923168
S01_stand_right,person,train,1,55.26005870000003,0.9821931,0.1074457,1.0061717,0.020627007,0.020018902,0.03315619,0.010613761,0.013713364,0.044531234,0.04176259,0.091781855,0.05089931,0.9248943,0.8961246,0.22676626,1.0112416,0.024094649,0.024387809,0.036015596,0.011289269,0.014275178,0.045529388,0.02853787,0.14287683,0.06253983,0.9973435,0.0009981543,0.04503031,0.045529388,0.010951515,0.011289269
S01_stand_right,person,train,1,55.74005870000002,0.97984344,0.109839186,1.0131526,0.016723724,0.01619785,0.02698121,0.010425652,0.01344803,0.04857023,0.046249986,0.09548634,0.055271685,0.91392833,0.9016748,0.21370177,1.008641,0.016971238,0.016687462,0.027596334,0.01113079,0.014104962,0.032673944,0.014851689,0.1209034,0.049090184,0.997094,0.015896287,0.040622085,0.04857023,0.010778221,0.01113079
S01_stand_right,person,train,1,56.22005870000002,0.98284996,0.10679007,1.0123974,0.019343747,0.017084261,0.036741614,0.010538197,0.013563632,0.045032725,0.04504621,0.08643544,0.050631385,0.9220585,0.90611804,0.20615466,1.006568,0.019088475,0.018073946,0.032898307,0.011023862,0.0139412815,0.025816087,0.008743405,0.10494959,0.04086244,0.9969579,0.019216638,0.035424404,0.045032725,0.010781029,0.011023862
S01_stand_right,person,train,1,56.70005870000001,0.9883517,0.09914385,1.0064236,0.021372342,0.01918767,0.040323257,0.010561554,0.013446956,0.03519161,0.036535025,0.065558255,0.03918311,0.94518965,0.90989226,0.19829251,1.0065538,0.019610984,0.01901975,0.03427823,0.010926578,0.013804809,0.020012977,0.005506754,0.09128153,0.03339054,0.996467,0.015178634,0.027602293,0.03519161,0.010744066,0.010926578
S01_stand_right,person,train,1,57.18005870000001,0.9942514,0.092007935,0.9973733,0.020106006,0.019403636,0.034318183,0.010466438,0.013352507,0.024695147,0.026564837,0.04483694,0.027334422,0.9685613,0.912969,0.19109371,1.0075699,0.01732194,0.01726571,0.026084244,0.010667922,0.013466344,0.018292453,0.0075787306,0.07772696,0.028323928,0.9952196,0.0064026937,0.0214938,0.024695147,0.01056718,0.010667922
S01_stand_right,person,train,1,57.66005870000001,0.9981278,0.087039836,0.9983333,0.017227225,0.017311845,0.024716318,0.010544123,0.013459115,0.01648862,0.01766926,0.030448198,0.018549157,0.98388046,0.91485363,0.18529506,1.0082809,0.014807771,0.014685945,0.021113995,0.010318585,0.013059582,0.019004233,0.012625337,0.069188,0.026276557,0.9935867,0.002515614,0.017746426,0.019004233,0.010431354,0.010544123
S01_stand_right,person,train,1,58.14005870000001,0.99911386,0.08459237,1.0029883,0.014829163,0.014400657,0.022922054,0.010548928,0.0134595,0.0126502495,0.0130726695,0.025343955,0.014249828,0.9902226,0.9150257,0.18220939,1.0056181,0.013858509,0.014105161,0.019333746,0.010319291,0.013084589,0.02029387,0.016699553,0.06411731,0.026509272,0.9923428,0.0076436196,0.01647206,0.02029387,0.01043411,0.010548928
S01_stand_right,person,train,1,58.62005870000001,0.9979133,0.08564431,1.0029668,0.015303613,0.015047602,0.026400963,0.010149341,0.013088561,0.014103692,0.014207602,0.029675066,0.015738998,0.98896974,0.91564715,0.18196096,1.0064327,0.014146521,0.014011142,0.01975583,0.010322363,0.013082603,0.019753536,0.015662432,0.06193769,0.025740974,0.99266565,0.005649844,0.016928613,0.019753536,0.010235852,0.010322363
S01_normal_walk,person,train,1,1.0883481000000002,0.99003404,0.09538746,1.0039461,0.017144019,0.017039908,0.028273266,0.010125246,0.013002195,0.025940819,0.02175343,0.06731391,0.031647168,0.96593916,0.91338676,0.20887357,1.0251578,0.09221454,0.09852888,0.15328082,0.022489524,0.040459596,0.030253718,0.020907521,0.10151619,0.042104967,0.9944629,0.004312899,0.028097268,0.030253718,0.016307384,0.022489524
S01_normal_walk,person,train,1,1.5683481000000004,0.99358815,0.093145885,0.99783564,0.016348595,0.016349567,0.025392402,0.010272547,0.013070265,0.021432132,0.018056095,0.059287965,0.02617442,0.97666866,0.91271794,0.2088268,1.0239781,0.0924986,0.09955115,0.15516864,0.023127904,0.04072337,0.030894417,0.021835446,0.09989846,0.042778526,0.99390197,0.009462286,0.026163274,0.030894417,0.016700225,0.023127904
S01_normal_walk,person,train,1,2.0483481,0.9956469,0.09009629,1.0019503,0.016726559,0.016523456,0.027938237,0.010119897,0.012897047,0.015881773,0.0128698945,0.048943043,0.02013736,0.98723143,0.90061456,0.23105171,1.0264612,0.097845,0.10112498,0.1627049,0.027898712,0.045050383,0.047749773,0.02934587,0.14593631,0.066014394,0.99435484,0.031868,0.031815775,0.047749773,0.019009305,0.027898712
S01_normal_walk,person,train,1,2.528348100000001,0.9975181,0.08621046,1.0017308,0.019075153,0.018516311,0.03378716,0.009722228,0.012515254,0.00962561,0.0060224533,0.037737668,0.013430146,0.99524504,0.9069853,0.21195391,1.0250211,0.08076916,0.08096123,0.14254779,0.026635693,0.04137048,0.03412474,0.01859337,0.12400839,0.050344247,0.9902454,0.02449913,0.021875175,0.03412474,0.01817896,0.026635693
S01_normal_walk,person,train,1,3.0083481000000005,0.99928516,0.08337601,0.9999547,0.018109318,0.017820109,0.028719572,0.009685506,0.012463798,0.008090663,0.0063761473,0.028073668,0.010305827,0.99614745,0.9260508,0.17942785,1.0172615,0.08108195,0.07640234,0.15849477,0.023368672,0.033815186,0.030170877,0.028956413,0.0697248,0.03443847,0.98147756,0.022080213,0.01913077,0.030170877,0.016527088,0.023368672
S01_normal_walk,person,train,1,3.4883481000000014,0.99904424,0.07672844,0.99619734,0.021420022,0.021851644,0.03290622,0.01040898,0.0134575805,0.007893171,0.0075936317,0.01868081,0.009079366,0.9936693,0.9321517,0.17446658,1.0142359,0.08417351,0.08051228,0.16396469,0.023271652,0.033718966,0.034328137,0.0349738,0.07663715,0.039109603,0.97524744,0.026434965,0.021110654,0.034328137,0.016840316,0.023271652
S01_normal_walk,person,train,1,3.9683481000000014,0.9949527,0.082468696,1.0032021,0.08499764,0.08895417,0.14113806,0.019071607,0.03173112,0.025017237,0.025914073,0.056010544,0.027630143,0.94619745,0.9449429,0.15960199,1.0119652,0.0670121,0.0682353,0.12272809,0.021847572,0.031186061,0.04501329,0.044921994,0.09375912,0.05265649,0.95975924,0.019996053,0.035015263,0.04501329,0.020459589,0.021847572
S01_normal_walk,person,train,1,4.4483481000000005,0.9853436,0.09914538,1.0102893,0.09300136,0.10137326,0.13946648,0.022860255,0.035453517,0.0464861,0.052685022,0.076191545,0.050525635,0.8839066,0.95125765,0.14732729,1.007785,0.053743087,0.055175457,0.09039901,0.016192017,0.021196615,0.05354159,0.05467969,0.10890889,0.06108357,0.95295024,0.007055491,0.050013844,0.05354159,0.019526135,0.022860255
S01_normal_walk,person,train,1,4.928348100000001,0.97913474,0.111846134,1.0170503,0.08977526,0.09610092,0.13364084,0.023480877,0.035753783,0.06061383,0.069290996,0.09916669,0.06620408,0.84763306,0.93875426,0.16230491,1.0081587,0.043759394,0.044255596,0.0746935,0.015048005,0.019701503,0.0381509,0.03673446,0.0905785,0.04447316,0.9700301,0.02246293,0.049382366,0.06061383,0.019264441,0.023480877
S01_normal_walk,person,train,1,5.4083481,0.97399515,0.12473021,1.0230894,0.08198378,0.08745351,0.12951238,0.023962222,0.0360331,0.073289156,0.079947054,0.12340951,0.080547154,0.8233289,0.9288397,0.17257959,1.0064797,0.044457104,0.043921363,0.08088356,0.015618705,0.020397296,0.029582536,0.029009819,0.07572782,0.03396247,0.98097616,0.04370662,0.051435847,0.073289156,0.019790463,0.023962222
S01_normal_walk,person,train,1,5.888348100000001,0.9711619,0.121310286,1.005219,0.053520318,0.055667017,0.091823265,0.016837746,0.023252659,0.058873978,0.04443562,0.12710387,0.06953715,0.899339,0.9223143,0.17762837,1.0058451,0.03876158,0.03643446,0.07204445,0.014705445,0.019098457,0.025247717,0.023562193,0.06857371,0.029781787,0.9863049,0.03362626,0.04206085,0.058873978,0.015771596,0.016837746
S01_normal_walk,person,train,1,6.3683481,0.98063827,0.10936408,1.0062197,0.030986233,0.030711485,0.051098656,0.014614854,0.01869146,0.040125094,0.029020667,0.09464598,0.049211405,0.94754547,0.92570555,0.17218168,1.0066134,0.038477734,0.032949433,0.074518,0.013689628,0.017453995,0.029127931,0.028445244,0.082164526,0.03370381,0.9812934,0.010997163,0.034626514,0.040125094,0.014152241,0.014614854
S01_normal_walk,person,train,1,6.848348100000002,0.9779106,0.11302935,1.0017121,0.029330932,0.029679893,0.047802117,0.014182474,0.018272204,0.04454538,0.03139794,0.106411815,0.054682955,0.93828094,0.92209655,0.18127692,1.010484,0.04578052,0.044589754,0.080455765,0.017907018,0.027169513,0.02316159,0.021884978,0.067038774,0.027760725,0.98899674,0.021383788,0.033853486,0.04454538,0.016044747,0.017907018
S01_normal_walk,person,train,1,7.3283481,0.9781097,0.11334056,1.0009781,0.027463183,0.028563503,0.04406397,0.013149373,0.017208142,0.044408463,0.031864226,0.10986352,0.054683443,0.93922555,0.9311752,0.17137893,1.0121821,0.045922764,0.045237225,0.080027856,0.016923526,0.026454587,0.025516884,0.025564551,0.073842525,0.029469678,0.98589575,0.018891579,0.034962673,0.044408463,0.01503645,0.016923526
S01_normal_walk,person,train,1,7.808348100000002,0.9820338,0.10842183,1.0044825,0.030534258,0.028388768,0.053443134,0.0140577685,0.018520916,0.03976025,0.031696916,0.09609139,0.048057724,0.94668895,0.9370197,0.16461775,1.0140185,0.0433209,0.045510426,0.07035563,0.017562283,0.027293324,0.026133312,0.025684476,0.073966205,0.030950181,0.9866561,0.013626939,0.03294678,0.03976025,0.015810026,0.017562283
S01_normal_walk,person,train,1,8.288348100000002,0.9836956,0.099901535,1.0014626,0.034472857,0.031698897,0.06698965,0.012858072,0.01691189,0.03302478,0.02724719,0.07802689,0.039454278,0.95621514,0.9381729,0.16296494,1.0128533,0.045052942,0.048967563,0.07180794,0.017785978,0.027465796,0.027619112,0.02763772,0.07343143,0.032711454,0.9855902,0.005405668,0.030321946,0.03302478,0.015322025,0.017785978
S01_normal_walk,person,train,1,8.768348100000003,0.9891371,0.091713846,0.99495906,0.0331727,0.029807374,0.062866375,0.013049338,0.01708058,0.022583708,0.018570364,0.057944417,0.027297793,0.975406,0.94561833,0.15059543,1.0065467,0.03172529,0.033795692,0.050671414,0.0130110625,0.017278992,0.04146733,0.043495774,0.08936411,0.04711773,0.9750273,0.018883623,0.03202552,0.04146733,0.0130302,0.013049338
S01_normal_walk,person,train,1,9.248348100000001,0.99374884,0.087367244,1.0022795,0.028516665,0.027925087,0.04995803,0.013532842,0.017457899,0.014141581,0.010222614,0.045138657,0.018531363,0.98844165,0.95023215,0.14420404,1.0045975,0.036075614,0.03884034,0.060146466,0.013577761,0.017791351,0.04936998,0.050727665,0.10233772,0.0553093,0.9679185,0.035228398,0.03175578,0.04936998,0.013555301,0.013577761
S01_normal_walk,person,train,1,9.728348100000003,0.9947579,0.084921144,0.9993704,0.023942618,0.022200031,0.044466283,0.011315983,0.014422727,0.009659958,0.005492866,0.04101485,0.014474581,0.9935277,0.96411395,0.12787428,1.0098078,0.028714735,0.027410056,0.05357549,0.011782435,0.015119809,0.07265324,0.079841614,0.12648451,0.08051465,0.9338388,0.06299328,0.0411566,0.07265324,0.011549208,0.011782435
S01_normal_walk,person,train,1,10.208348100000002,0.99535084,0.087660745,0.99860054,0.022658177,0.020575948,0.04054721,0.011191197,0.014402674,0.011011839,0.005522251,0.048561394,0.0168798,0.99158686,0.9645857,0.12693587,1.005641,0.029011095,0.028682964,0.04825959,0.011483237,0.0145684285,0.07197785,0.08250618,0.12510574,0.0799652,0.93812084,0.060966007,0.041494843,0.07197785,0.011337217,0.011483237
S01_normal_walk,person,train,1,10.688348100000002,0.9952172,0.09024973,1.0017159,0.01882217,0.018076245,0.032540876,0.01063285,0.0137767745,0.013182709,0.007229328,0.056046724,0.019248195,0.9905098,0.95948803,0.1312677,1.0078589,0.036220998,0.03570263,0.06312869,0.011883619,0.015158977,0.064402066,0.07155162,0.11914617,0.07159054,0.9515688,0.05121936,0.038792387,0.064402066,0.011258235,0.011883619
S01_normal_walk,person,train,1,11.168348100000003,0.9974383,0.0886401,1.0037941,0.01691446,0.016792791,0.027596029,0.010279958,0.013393626,0.012050361,0.008573592,0.046394885,0.016446052,0.99277025,0.95516074,0.1362781,1.003046,0.039257806,0.036702003,0.07274855,0.01369266,0.018062638,0.05865271,0.06360674,0.11516017,0.06491241,0.9584779,0.04660235,0.035351537,0.05865271,0.01198631,0.01369266
S01_normal_walk,person,train,1,11.648348100000003,0.99531215,0.09109447,1.0046467,0.019294048,0.01966357,0.029867887,0.01052031,0.013726334,0.016101249,0.011846006,0.05626571,0.020853428,0.9876252,0.95434207,0.13612373,1.0040196,0.040513474,0.041142173,0.06733813,0.014073077,0.018427238,0.05937202,0.065208375,0.11961347,0.0655558,0.9559832,0.04327077,0.037736632,0.05937202,0.012296693,0.014073077
S01_normal_walk,person,train,1,12.128348100000004,0.9930937,0.0939745,1.0028692,0.019651586,0.02025108,0.030857716,0.009766874,0.012643684,0.021021161,0.016124606,0.06548333,0.026093893,0.97975576,0.9611911,0.12825304,1.0067371,0.043789916,0.041242648,0.08176799,0.013696751,0.018033639,0.068806194,0.078498244,0.12835675,0.07602202,0.9443704,0.047785033,0.04491368,0.068806194,0.011731813,0.013696751
S01_normal_walk,person,train,1,12.608348100000002,0.99249226,0.094861984,1.0006127,0.017622167,0.017805459,0.028534008,0.009688591,0.012534704,0.023150025,0.01928997,0.06540769,0.028229909,0.97490877,0.9734613,0.115179576,1.0035576,0.038174562,0.033523392,0.070792146,0.013674896,0.018119339,0.0875073,0.100292444,0.14464378,0.09687326,0.9071258,0.06435727,0.055328663,0.0875073,0.011681743,0.013674896
S01_normal_walk,person,train,1,13.088348100000003,0.991737,0.0949738,1.0014516,0.017243639,0.017466398,0.02930615,0.009740871,0.012609377,0.023742951,0.019826293,0.0695014,0.02912632,0.9726971,0.97783875,0.11043746,1.0031265,0.02914476,0.029479038,0.052909702,0.012731956,0.016496222,0.09230722,0.10770786,0.15560317,0.102739766,0.8989036,0.068564266,0.058025084,0.09230722,0.011236414,0.012731956
S01_normal_walk,person,train,1,13.568348100000003,0.99214065,0.0946023,1.0008739,0.016376795,0.016248176,0.026391953,0.009560508,0.012365279,0.02271236,0.01832366,0.067290485,0.028286627,0.9744205,0.96799225,0.11922367,1.0041332,0.034457203,0.03304102,0.07139762,0.01238234,0.01607136,0.07589331,0.08880681,0.12999153,0.084757596,0.94061327,0.053180955,0.049302835,0.07589331,0.010971423,0.01238234
S01_normal_walk,person,train,1,14.048348100000004,0.99254036,0.089036845,1.0018691,0.024724934,0.023851138,0.040693916,0.012626879,0.018200943,0.015814506,0.011976838,0.05521071,0.021423053,0.984641,0.95830005,0.13039342,1.0033746,0.035369717,0.0316736,0.068833396,0.0143196415,0.018848196,0.061800975,0.0713256,0.10734069,0.068674035,0.9602767,0.04598647,0.038807742,0.061800975,0.01347326,0.0143196415
S01_normal_walk,person,train,1,14.528348100000002,0.99075943,0.08439372,0.9938019,0.031526152,0.032431446,0.051552754,0.014873969,0.020727051,0.017646646,0.018253684,0.04271543,0.020787701,0.9811848,0.9423702,0.1515487,1.0088458,0.03526217,0.034754496,0.06392254,0.016105004,0.02152921,0.035718273,0.035302103,0.07817668,0.040511984,0.98325706,0.018071627,0.026682459,0.035718273,0.015489487,0.016105004
S01_normal_walk,person,train,1,15.008348100000005,0.98920417,0.08401089,0.9999747,0.03617399,0.038533963,0.0573431,0.018145403,0.024793154,0.022590699,0.025476038,0.04161644,0.025244692,0.96750855,0.93881685,0.1560184,1.0102515,0.03648634,0.035103247,0.0667587,0.016486187,0.022766521,0.030483633,0.029249191,0.074988544,0.035397753,0.985734,0.007892935,0.026537165,0.030483633,0.017315794,0.018145403
S01_normal_walk,person,train,1,15.488348100000003,0.98964465,0.08392149,1.0019882,0.03709467,0.03869659,0.055860434,0.018786684,0.025208764,0.022846574,0.025010943,0.043206155,0.025458422,0.96566206,0.93051136,0.16977897,1.0132096,0.043512467,0.043655492,0.08020015,0.017202705,0.023500133,0.01840507,0.017775059,0.055872917,0.021635955,0.992663,0.0044415034,0.020625822,0.022846574,0.017994694,0.018786684
S01_normal_walk,person,train,1,15.968348100000004,0.9914269,0.086904906,1.002775,0.0323295,0.035035614,0.047789447,0.016275048,0.02179362,0.026108092,0.026628077,0.045465708,0.028308474,0.9563401,0.9257597,0.17637469,1.0115849,0.040355723,0.039018493,0.07385385,0.016100338,0.022075152,0.014577041,0.012801111,0.04946935,0.017519455,0.9951218,0.01153105,0.020342566,0.026108092,0.016187694,0.016275048
S01_normal_walk,person,train,1,16.448348100000004,0.99302864,0.089305796,1.0022134,0.02690756,0.027671006,0.044213206,0.015756566,0.021198919,0.026025955,0.027266264,0.045408607,0.028047333,0.9604898,0.9295756,0.17357805,1.0124121,0.04947581,0.05017807,0.08494821,0.020578185,0.033131324,0.015389376,0.014570951,0.055261016,0.018409282,0.99449664,0.010636578,0.020707665,0.026025955,0.018167377,0.020578185
S01_normal_walk,person,train,1,16.928348100000004,0.9850466,0.09904289,1.003414,0.032748986,0.03313457,0.050795734,0.013184528,0.017149486,0.038319025,0.037576437,0.069842935,0.04239884,0.93411404,0.92711633,0.17553207,1.0119466,0.046039872,0.04818213,0.07912619,0.019317027,0.031621423,0.014696602,0.012835503,0.053781986,0.017800184,0.99484986,0.023622423,0.026507813,0.038319025,0.016250778,0.019317027
S01_normal_walk,person,train,1,17.408348100000005,0.9826718,0.10133482,1.0011486,0.034662504,0.035859786,0.053043157,0.015207553,0.020620137,0.04180018,0.03788221,0.07685685,0.046532433,0.92445636,0.92595977,0.17904484,1.012735,0.05005364,0.05050162,0.08705046,0.02065306,0.032884564,0.015247801,0.012706757,0.048710108,0.019055277,0.994539,0.026552377,0.028523989,0.04180018,0.017930306,0.02065306
S01_normal_walk,person,train,1,17.888348100000005,0.9729888,0.115745865,0.99890035,0.045145143,0.043291997,0.082574725,0.018429996,0.024587927,0.05343988,0.041659236,0.113862336,0.063050956,0.9104035,0.92898875,0.17558075,1.0135628,0.05004563,0.05148154,0.08560255,0.020788807,0.032981984,0.016539073,0.015397668,0.048696995,0.020010442,0.99351525,0.03690081,0.034989476,0.05343988,0.019609403,0.020788807
S01_normal_walk,person,train,1,18.368348100000002,0.95950586,0.13925093,1.0029798,0.059301436,0.056557346,0.107337765,0.023469623,0.032234136,0.07554609,0.04966867,0.17405057,0.09184709,0.87415737,0.93388796,0.16680227,1.0119731,0.045454524,0.047094755,0.079450615,0.015405685,0.020110486,0.024351967,0.022052526,0.064750195,0.029030912,0.9872904,0.051194124,0.04994903,0.07554609,0.019437654,0.023469623
S01_normal_walk,person,train,1,18.848348100000003,0.9580377,0.14033012,1.0046704,0.061139546,0.055519745,0.11446543,0.028787652,0.039097864,0.07634598,0.04913163,0.17887509,0.09354977,0.8726977,0.9335229,0.16765437,1.0138597,0.04798777,0.049300246,0.08172123,0.016417177,0.02117902,0.026342789,0.026687741,0.06805408,0.030795777,0.98525894,0.050003193,0.051344384,0.07634598,0.022602415,0.028787652
S01_normal_walk,person,train,1,19.328348100000007,0.9424438,0.15728945,1.0000322,0.073761515,0.066991,0.13992654,0.036973927,0.052515708,0.092797466,0.055637002,0.22126466,0.11725766,0.84780836,0.94081104,0.15497938,1.0043722,0.030362273,0.030479642,0.047349013,0.015070486,0.019502124,0.03894345,0.03825891,0.093283534,0.04576738,0.9717327,0.053854015,0.06587046,0.092797466,0.026022207,0.036973927
S01_normal_walk,person,train,1,19.808348100000003,0.94687486,0.14143007,0.994385,0.08303183,0.06699705,0.16833663,0.037539203,0.05303224,0.084352225,0.061774313,0.1855846,0.103738174,0.8382699,0.9461658,0.14854531,1.0046507,0.027380345,0.026329398,0.047563303,0.013540049,0.017295433,0.04733487,0.04768169,0.106582224,0.054189645,0.96325445,0.037017357,0.065843545,0.084352225,0.025539625,0.037539203
S01_normal_walk,person,train,1,20.288348100000004,0.9620554,0.105532356,0.99289304,0.08274059,0.0619282,0.16977215,0.034309145,0.049683247,0.05382863,0.058818817,0.111364186,0.06513158,0.8882551,0.94912946,0.14259997,1.0042338,0.026744336,0.022263115,0.05881737,0.012831987,0.016462654,0.050786722,0.052383542,0.10711789,0.05688919,0.9650429,0.0030419081,0.052307677,0.05382863,0.023570566,0.034309145
S01_normal_walk,person,train,1,20.768348100000004,0.9697806,0.09465018,0.99154747,0.08283057,0.06535943,0.16806063,0.028534597,0.044194125,0.03841299,0.038592696,0.082909286,0.047230147,0.9403183,0.95383275,0.136317,1.0054644,0.028901713,0.022570716,0.06382277,0.012749923,0.01636576,0.056655142,0.06335467,0.10850459,0.062930495,0.96224844,0.018242154,0.047534063,0.056655142,0.02064226,0.028534597
S01_normal_walk,person,train,1,21.2483481,0.9887458,0.07603808,0.986315,0.056352623,0.051356196,0.10672834,0.017688362,0.023769489,0.0150276655,0.015456855,0.029857874,0.016931005,0.990199,0.95321226,0.13484825,1.005211,0.030391674,0.027608074,0.061145734,0.01315988,0.017163174,0.055186883,0.062171996,0.10576987,0.061452888,0.9674965,0.040159218,0.035107274,0.055186883,0.015424121,0.017688362
S01_normal_walk,person,train,1,21.7283481,0.9985141,0.07539465,0.9963136,0.02434516,0.023568274,0.042294018,0.013933395,0.01855356,0.009285034,0.009185374,0.022871256,0.010823392,0.9908767,0.94695455,0.14261924,1.0048484,0.039561387,0.03858005,0.07096414,0.013710079,0.017735276,0.04305847,0.04877472,0.086088896,0.048001125,0.98194754,0.033773437,0.026171751,0.04305847,0.013821737,0.013933395
S01_normal_walk,person,train,1,22.208348100000002,0.99638474,0.08480489,0.99699545,0.021955429,0.022046218,0.03722449,0.011237896,0.014358662,0.008023534,0.0041515827,0.03969741,0.012613793,0.99567014,0.93591213,0.15921353,1.0074593,0.044849057,0.044032313,0.08062718,0.014844442,0.019406484,0.023696126,0.022660613,0.06567955,0.027396351,0.9920695,0.015672592,0.015859831,0.023696126,0.013041168,0.014844442
S01_normal_walk,person,train,1,22.688348100000002,0.9952096,0.08814589,0.99591994,0.022851117,0.022719814,0.037393384,0.011213206,0.014352244,0.012514473,0.008402467,0.045340538,0.017736683,0.99040526,0.92659247,0.16699047,1.0066112,0.061256774,0.06825473,0.09486021,0.017913124,0.024454921,0.023839157,0.023015916,0.08185023,0.02847489,0.98715395,0.011324684,0.018176815,0.023839157,0.014563165,0.017913124
S01_normal_walk,person,train,1,23.168348100000006,0.9926811,0.09050289,0.9994276,0.0232496,0.023733817,0.03544758,0.011519499,0.014692309,0.017381215,0.013091683,0.05166173,0.022612445,0.9837726,0.93751884,0.11932185,0.97448975,0.19607617,0.19270007,0.35257402,0.05596479,0.118047625,0.059431843,0.059892416,0.10576141,0.06433535,0.97672224,0.04205063,0.03840653,0.059431843,0.033742145,0.05596479
S01_normal_walk,person,train,1,23.648348100000007,0.9916203,0.09310292,0.9968935,0.01991736,0.020342585,0.031677026,0.011265129,0.014476443,0.023598373,0.020412326,0.060711384,0.028470889,0.9702952,0.9436785,0.14171411,0.9851764,0.23057659,0.21791314,0.45124456,0.07467892,0.14497657,0.0355376,0.028092146,0.086606205,0.043106325,0.98968977,0.011939228,0.029567987,0.0355376,0.042972025,0.07467892
S01_normal_walk,person,train,1,24.128348100000007,0.9901736,0.09514892,1.0035385,0.01772624,0.017422758,0.028388629,0.01115239,0.014352649,0.027832419,0.026180089,0.06425303,0.032758795,0.9600705,0.9505091,0.13082463,0.98594415,0.2290102,0.21262282,0.4522405,0.07428658,0.14487484,0.04699028,0.034163952,0.10807121,0.055877108,0.9853178,0.01915786,0.037411347,0.04699028,0.042719483,0.07428658
S01_normal_walk,person,train,1,24.608348100000008,0.9895925,0.096137986,1.0062134,0.016386488,0.016857412,0.024412861,0.010597524,0.013538053,0.028394168,0.027436614,0.067468464,0.033652656,0.9599975,0.9532591,0.1275645,0.98072916,0.22372764,0.20849016,0.4490375,0.070984505,0.14410725,0.04969644,0.033169746,0.11668372,0.060456887,0.9826427,0.021302273,0.039045304,0.04969644,0.040791016,0.070984505
S01_normal_walk,person,train,1,25.088348100000008,0.98797053,0.09751153,1.0067011,0.016149484,0.01635,0.027772715,0.010340257,0.013313217,0.030330082,0.027737796,0.07360542,0.036096316,0.9557576,0.94817,0.18337257,1.0202765,0.13772005,0.10188318,0.3416114,0.038298026,0.10355245,0.021755919,0.018918037,0.055060267,0.026815817,0.99651426,0.008574164,0.026043002,0.030330082,0.024319142,0.038298026
S01_normal_walk,person,train,1,25.5683481,0.98872805,0.09790626,1.005032,0.01706653,0.017302066,0.028018318,0.010681954,0.013677953,0.029586129,0.02506113,0.07462257,0.035465103,0.9587191,0.93215084,0.16136828,1.0054568,0.028377594,0.02577831,0.05682698,0.0137929795,0.017727701,0.025934776,0.024716437,0.07564467,0.031107709,0.98636967,0.0036513526,0.027760454,0.029586129,0.012237467,0.0137929795
S01_normal_walk,person,train,1,26.048348100000002,0.99117565,0.096008986,1.0030074,0.018115629,0.017688857,0.030220155,0.010659106,0.013766061,0.02623685,0.022824407,0.069450974,0.031462412,0.9668437,0.9211868,0.17891641,1.0105802,0.033767052,0.034840357,0.05490552,0.013308135,0.016971746,0.01807462,0.015010357,0.056039453,0.022567755,0.9928016,0.00816223,0.022155736,0.02623685,0.01198362,0.013308135
S01_normal_walk,person,train,1,26.528348100000002,0.99414474,0.09271561,1.0013394,0.018925076,0.018042376,0.0323004,0.010159737,0.013224871,0.020578654,0.015934467,0.060792208,0.025058914,0.97895586,0.90503067,0.22522773,1.0235777,0.08749984,0.0870661,0.1600876,0.020096997,0.030450398,0.04373258,0.028600395,0.1279816,0.0576308,0.9966902,0.023153925,0.032155618,0.04373258,0.015128367,0.020096997
S01_normal_walk,person,train,1,27.008348100000003,0.9968789,0.08776417,1.0031489,0.018889198,0.019412676,0.031147076,0.009779676,0.012692392,0.012370948,0.008277059,0.047438502,0.016291454,0.99191165,0.8904407,0.26500988,1.036894,0.10043024,0.10592228,0.17696342,0.027076239,0.04045839,0.08197704,0.06601262,0.19322869,0.10004889,0.99485683,0.069606096,0.04717399,0.08197704,0.018427957,0.027076239
S01_normal_walk,person,train,1,27.488348100000003,0.99808633,0.08416799,0.9997905,0.018761178,0.019096866,0.028796464,0.0103699,0.013799756,0.0074887243,0.0038081408,0.036990047,0.011192543,0.996223,0.90579,0.24411973,1.036191,0.12709671,0.1351958,0.22022462,0.027910762,0.041161638,0.0602916,0.044575214,0.1560905,0.0756587,0.9949293,0.052802876,0.03389016,0.0602916,0.019140331,0.027910762
S01_normal_walk,person,train,1,27.968348100000004,0.98768294,0.09305293,0.9953598,0.059336387,0.06296141,0.09681186,0.020104788,0.03676993,0.02166003,0.016653538,0.0647257,0.028927745,0.97510576,0.91077244,0.23463073,1.0380731,0.13154694,0.14121997,0.2289456,0.029352799,0.0422493,0.051187847,0.03465295,0.14429766,0.06650721,0.99327725,0.029527817,0.036423936,0.051187847,0.024728794,0.029352799
S01_normal_walk,person,train,1,28.448348100000008,0.98138595,0.083070494,0.97763747,0.125009,0.121977955,0.18551329,0.03915966,0.07765077,0.021235595,0.01981908,0.06839079,0.026387738,0.9818882,0.9267179,0.19369417,1.0277718,0.11276902,0.119642116,0.20063,0.022514408,0.03386522,0.029363386,0.027263284,0.077571034,0.035286747,0.9869268,0.008127792,0.02529949,0.029363386,0.030837033,0.03915966
S01_normal_walk,person,train,1,28.928348100000008,0.9808367,0.081364855,0.986839,0.15708409,0.15878798,0.25054345,0.057778552,0.09997675,0.036621694,0.040398598,0.07323623,0.04034954,0.9066485,0.9454444,0.14733209,1.0050328,0.040185742,0.042269725,0.06670159,0.014508681,0.019661093,0.04873464,0.048828006,0.10662216,0.056500338,0.9587385,0.012112945,0.042678166,0.04873464,0.036143616,0.057778552
S01_normal_walk,person,train,1,29.40834810000001,0.976916,0.08389556,0.99326247,0.15741631,0.15959787,0.24759719,0.062114388,0.10154083,0.046140235,0.052066624,0.09733993,0.05158139,0.84540266,0.944435,0.14734194,1.0055833,0.030730894,0.026504526,0.062284585,0.013719933,0.018236905,0.043184847,0.04527986,0.093767285,0.049296033,0.97285485,0.0029553883,0.044662543,0.046140235,0.03791716,0.062114388
S01_normal_walk,person,train,1,29.88834810000001,0.98632294,0.065461315,0.9838649,0.1493441,0.14626436,0.24463971,0.05534062,0.09662468,0.02951129,0.027289152,0.067604244,0.03495757,0.9136274,0.9513957,0.13783905,1.0046475,0.023476405,0.022530084,0.041567784,0.011859126,0.015219456,0.050451577,0.05466801,0.09699339,0.056679137,0.97328156,0.020940287,0.039981432,0.050451577,0.033599876,0.05534062
S01_normal_walk,person,train,1,30.368348100000013,0.9940484,0.0636433,0.9922185,0.12121812,0.11597311,0.19679861,0.044684887,0.08429649,0.042191613,0.04155749,0.090333104,0.049375694,0.77167964,0.9489219,0.14044835,1.0055854,0.02968066,0.026836392,0.05293099,0.0120650465,0.015652865,0.047601663,0.051033497,0.09587455,0.05333694,0.9752157,0.005410049,0.04489664,0.047601663,0.028374966,0.044684887
S01_normal_walk,person,train,1,30.848348100000006,0.99451333,0.06286325,0.9901973,0.046323504,0.049810298,0.066663206,0.021034572,0.029174203,0.017189015,0.017080545,0.03640783,0.01955969,0.98455095,0.94469947,0.14522782,1.0056554,0.033332273,0.02994275,0.05947818,0.012119791,0.01566091,0.041681167,0.04389453,0.09149289,0.046748962,0.9798264,0.024492152,0.02943509,0.041681167,0.01657718,0.021034572
S01_normal_walk,person,train,1,31.328348100000007,0.998893,0.061437618,0.99908614,0.03165282,0.032387324,0.04770438,0.017785711,0.024053978,0.018947816,0.018175602,0.044136524,0.021270191,0.976186,0.94090927,0.14909594,1.0066482,0.030244023,0.026821952,0.055679593,0.011722049,0.015046417,0.035367973,0.0352211,0.08411121,0.040022127,0.9852528,0.016420158,0.027157895,0.035367973,0.01475388,0.017785711
S01_normal_walk,person,train,1,31.808348100000003,0.99793,0.065369084,0.9983576,0.033977784,0.03442089,0.06371845,0.015863433,0.02065072,0.014944486,0.015680075,0.029022515,0.016356928,0.98667896,0.93636745,0.15396856,1.0052392,0.02675388,0.025076007,0.049015343,0.0122165615,0.015443492,0.028555416,0.02955544,0.076283395,0.032892883,0.9893221,0.013610929,0.021749951,0.028555416,0.014039997,0.015863433
S01_normal_walk,person,train,1,32.2883481,0.9981044,0.07274804,0.99492675,0.027096296,0.024543477,0.056745328,0.012799982,0.016593399,0.005455266,0.0045544505,0.014168382,0.006603742,0.99848765,0.9366254,0.1529332,1.003902,0.022204982,0.020561041,0.04027632,0.012019256,0.015082235,0.027209284,0.027232349,0.070500016,0.03123758,0.9921462,0.021754017,0.016332274,0.027209284,0.012409619,0.012799982
S01_normal_walk,person,train,1,32.768348100000004,0.9968379,0.07852696,0.99523073,0.024992459,0.02245634,0.05144688,0.012927186,0.016560612,0.005957106,0.004027486,0.025380135,0.007908984,0.9973361,0.94111663,0.14691699,1.0052339,0.018854575,0.0185949,0.03149854,0.012191304,0.0153121585,0.033392992,0.035255015,0.075930774,0.038179968,0.9902166,0.027435886,0.01967505,0.033392992,0.012559244,0.012927186
S01_normal_walk,person,train,1,33.24834810000001,0.99536467,0.081857726,0.99501693,0.023359772,0.022991197,0.04017793,0.0132265445,0.016803924,0.0088669695,0.006290078,0.039849937,0.012471949,0.99345315,0.94734305,0.14028257,1.005495,0.025356947,0.026388638,0.04310706,0.012186403,0.0152863,0.041924093,0.046817124,0.08318114,0.04788974,0.9853468,0.033057123,0.025395531,0.041924093,0.0127064735,0.0132265445
S01_normal_walk,person,train,1,33.728348100000005,0.99360716,0.08039963,0.99396783,0.03324938,0.03334878,0.05619131,0.016565828,0.024825143,0.01125585,0.009959519,0.03298247,0.013433796,0.9922728,0.9481415,0.14065297,1.0052325,0.031649403,0.030783089,0.05503456,0.012846609,0.01631464,0.04343401,0.04823321,0.0865463,0.049200665,0.9829324,0.03217816,0.027344929,0.04343401,0.014706219,0.016565828
S01_normal_walk,person,train,1,34.20834810000001,0.97792584,0.09310214,0.99555826,0.062864706,0.056027323,0.118528694,0.021572579,0.03145727,0.037226383,0.044240355,0.069455266,0.042854145,0.9310817,0.9416641,0.15142153,1.0085158,0.039769318,0.03895351,0.07199494,0.012768146,0.016551131,0.032623716,0.03239155,0.07936615,0.037437435,0.98750013,0.004602667,0.03492505,0.037226383,0.017170362,0.021572579
S01_normal_walk,person,train,1,34.688348100000006,0.972353,0.10079464,1.0004995,0.0648684,0.05590743,0.123284236,0.025689326,0.036219474,0.04631054,0.048392236,0.0892486,0.054197382,0.9048237,0.93778896,0.16584939,1.0160538,0.05530578,0.06049534,0.089607686,0.015444969,0.020860886,0.017421076,0.017151713,0.047700286,0.020999396,0.99552906,0.028889464,0.03186581,0.04631054,0.020567147,0.025689326
S01_normal_walk,person,train,1,35.16834810000001,0.9713697,0.100043684,0.9982133,0.06712004,0.058627285,0.12806016,0.026609257,0.03714213,0.046345588,0.044288933,0.09557706,0.05504461,0.8995394,0.9288075,0.17629372,1.0146092,0.05017592,0.05474589,0.07970573,0.017124074,0.02322044,0.010768368,0.01021862,0.03902161,0.012820939,0.99739313,0.03557722,0.028556978,0.046345588,0.021866664,0.026609257
S01_normal_walk,person,train,1,35.64834810000001,0.9750251,0.094332896,0.99565154,0.0674239,0.05865281,0.12779343,0.024307653,0.03332575,0.04042589,0.0389148,0.085443914,0.04773078,0.9145151,0.9221398,0.18477781,1.0169978,0.04701552,0.05044825,0.07359609,0.01811378,0.024705635,0.012470533,0.008080602,0.046462715,0.01760271,0.9972325,0.027955357,0.02644821,0.04042589,0.021210717,0.024307653
S01_normal_walk,person,train,1,36.12834810000001,0.98761445,0.08017155,0.99352336,0.05111009,0.04266342,0.09211024,0.019588167,0.027520105,0.017324109,0.016128898,0.043634117,0.021096969,0.981524,0.9343215,0.1679269,1.0157747,0.06095052,0.06995447,0.09109004,0.018256476,0.024643095,0.023018166,0.021401107,0.066030145,0.027084773,0.9890492,0.005694058,0.020171138,0.023018166,0.018922321,0.019588167
S01_normal_walk,person,train,1,36.608348100000015,0.994944,0.073892266,0.99299294,0.038306378,0.0350802,0.06590169,0.01464012,0.019653264,0.008931607,0.008119941,0.023448408,0.010639781,0.9947487,0.9472988,0.14505954,1.0037209,0.06019738,0.06259105,0.100807115,0.01609534,0.021668855,0.051737428,0.054447293,0.11487311,0.058666814,0.95709914,0.04280582,0.030334517,0.051737428,0.01536773,0.01609534
S01_normal_walk,person,train,1,37.088348100000005,0.9992418,0.070431724,0.99694324,0.022200722,0.02059359,0.037188016,0.012443273,0.0162933,0.008619196,0.009498596,0.019950867,0.010078524,0.9943816,0.9612388,0.128694,1.0042721,0.0506156,0.048645698,0.08944353,0.015911868,0.020694815,0.07506431,0.08035159,0.14055699,0.08343761,0.9174332,0.06644511,0.041841753,0.07506431,0.01417757,0.015911868
S01_normal_walk,person,train,1,37.56834810000001,0.99656045,0.07788798,0.9911813,0.027265346,0.027703093,0.04138877,0.0124087995,0.016085077,0.0077210967,0.0064765215,0.023879647,0.009269166,0.9953829,0.97182333,0.11886316,0.9979999,0.03303775,0.03175577,0.058086947,0.01584003,0.020334968,0.09051719,0.09588683,0.15385997,0.10039909,0.87947553,0.0827961,0.049119145,0.09051719,0.014124414,0.01584003
S01_normal_walk,person,train,1,38.048348100000005,0.9946954,0.077834815,0.9915219,0.031291865,0.03083847,0.051853437,0.013093496,0.016953873,0.010257833,0.009855628,0.024145424,0.011398967,0.9936271,0.97004163,0.120328315,1.0039828,0.035195347,0.035313945,0.05977366,0.015597334,0.020137468,0.08501351,0.09154183,0.14497745,0.094422765,0.9011203,0.074755676,0.04763567,0.08501351,0.014345415,0.015597334
S01_normal_walk,person,train,1,38.52834810000001,0.99284583,0.07827285,0.9920304,0.032050494,0.031682845,0.054991663,0.014873975,0.019135093,0.013661908,0.014521956,0.027893603,0.01507644,0.9881565,0.9603688,0.1303161,1.0050445,0.03756392,0.033608463,0.06606019,0.016573688,0.021522118,0.06862022,0.074338794,0.1223709,0.076222874,0.93926513,0.054958314,0.041141063,0.06862022,0.015723832,0.016573688
S01_normal_walk,person,train,1,39.008348100000006,0.99222666,0.08331034,0.9963567,0.031043185,0.029777313,0.05233244,0.015045658,0.019352406,0.016391242,0.01662457,0.0420599,0.019150242,0.9823922,0.95553887,0.13633797,1.0043862,0.027988965,0.025819436,0.04814271,0.01468474,0.019633662,0.0596288,0.06387526,0.114411235,0.06642751,0.9546626,0.04323756,0.03801002,0.0596288,0.014865199,0.015045658
S01_normal_walk,person,train,1,39.48834810000001,0.9938878,0.081390835,0.9967095,0.028867846,0.02767532,0.048413422,0.014389064,0.018607762,0.00982203,0.0070856214,0.03450334,0.012732114,0.99421453,0.95702034,0.13505225,1.0036514,0.025723046,0.026170464,0.043070417,0.012458876,0.016412485,0.062281817,0.06782049,0.120547295,0.06923376,0.9500896,0.052459788,0.03605192,0.062281817,0.01342397,0.014389064
S01_normal_walk,person,train,1,39.96834810000001,0.9939419,0.08585568,0.99737084,0.025230223,0.025936976,0.036898438,0.013334607,0.017388847,0.009605584,0.003907144,0.04471433,0.015275181,0.99402004,0.9474617,0.14534374,1.0053968,0.03785487,0.036762763,0.06697094,0.013503723,0.017924266,0.047706142,0.049630404,0.10919082,0.05373013,0.96790296,0.03810056,0.028655862,0.047706142,0.013419164,0.013503723
S01_normal_walk,person,train,1,40.44834810000001,0.9952447,0.089598395,1.0017649,0.020418482,0.020632686,0.030534076,0.012055453,0.01562363,0.012560945,0.00897181,0.057027638,0.018128064,0.9921765,0.95000845,0.14142445,1.0059983,0.038089737,0.036664303,0.06605263,0.013173535,0.017129853,0.049521543,0.052735567,0.103143215,0.055606257,0.9700088,0.036960598,0.031041244,0.049521543,0.012614494,0.013173535
S01_normal_walk,person,train,1,40.928348100000015,0.9957701,0.089236535,1.0010159,0.019301206,0.019578064,0.029770875,0.011697962,0.015132433,0.0130946515,0.009631276,0.05397588,0.017813666,0.991783,0.94183743,0.15102303,1.0054528,0.0406948,0.041626837,0.07092985,0.012638256,0.016422065,0.03677062,0.036640644,0.086981535,0.04204972,0.98096865,0.023675967,0.024932636,0.03677062,0.012168109,0.012638256
S01_normal_walk,person,train,1,41.40834810000001,0.9971665,0.087564416,0.9992337,0.017921194,0.018112062,0.031946264,0.010854888,0.0139248995,0.011229731,0.007681012,0.047344923,0.015594728,0.99300593,0.938726,0.15292247,1.0045729,0.034882735,0.028362928,0.06974013,0.012892441,0.01675932,0.029669242,0.030451894,0.073720396,0.033979453,0.9895968,0.01843951,0.020449486,0.029669242,0.011873664,0.012892441
S01_normal_walk,person,train,1,41.8883481,0.9964021,0.088130675,1.0016056,0.01891448,0.019108964,0.027707528,0.011027593,0.014110023,0.01017122,0.0040465593,0.047825992,0.016269447,0.99300766,0.9428483,0.14710762,1.0058571,0.034020275,0.035107683,0.05888457,0.0147463605,0.023018219,0.034325466,0.037483335,0.070204794,0.038608834,0.9903488,0.024154246,0.022248343,0.034325466,0.012886977,0.0147463605
S01_normal_walk,person,train,1,42.368348100000006,0.99499106,0.08987076,1.0025394,0.019929215,0.020031404,0.031296495,0.010973487,0.014022486,0.015652217,0.011133373,0.049710274,0.020475112,0.98637706,0.95366025,0.13078465,1.0018119,0.0662804,0.0735052,0.10074857,0.02142881,0.03988324,0.056582317,0.06236857,0.09783417,0.062635414,0.97123593,0.0409301,0.036117267,0.056582317,0.01620115,0.02142881
S01_normal_walk,person,train,1,42.8483481,0.993569,0.09054772,1.0012612,0.019223766,0.018003566,0.034793343,0.0107798325,0.013830079,0.019226823,0.016192675,0.052687466,0.02356132,0.9795738,0.9648969,0.11484618,0.9982569,0.070152424,0.07944623,0.10550893,0.02422095,0.04168038,0.082020275,0.091086626,0.13848549,0.090764105,0.91868496,0.06279345,0.05062355,0.082020275,0.017500391,0.02422095
S01_normal_walk,person,train,1,43.3283481,0.9929197,0.09248261,1.0012099,0.019365784,0.019457977,0.030553505,0.010737598,0.013831161,0.01988435,0.014703214,0.05390507,0.024858601,0.9805247,0.9681061,0.11449448,0.99459004,0.068670645,0.07863265,0.10406412,0.02473466,0.04192539,0.09058518,0.09742576,0.1552766,0.09996376,0.88187194,0.07070083,0.055234764,0.09058518,0.01773613,0.02473466
S01_normal_walk,person,train,1,43.8083481,0.99331784,0.08933013,0.9998143,0.023237411,0.024606684,0.034391675,0.01122576,0.014440166,0.014324724,0.0083120465,0.050987005,0.019902222,0.98883575,0.9705582,0.11585497,0.99628943,0.067320205,0.0774238,0.09993607,0.025403986,0.04233683,0.09371771,0.09977132,0.16183269,0.10358954,0.8660772,0.079392985,0.054021217,0.09371771,0.018314872,0.025403986
S01_normal_walk,person,train,1,44.2883481,0.9958208,0.08114586,0.9976593,0.025200307,0.023909785,0.04209667,0.012948772,0.016695395,0.0068659885,0.003744483,0.02860707,0.009934659,0.99692285,0.9499638,0.14558971,1.0086452,0.081489325,0.085813075,0.13380732,0.020019926,0.026091876,0.053880073,0.055707335,0.11027235,0.061858367,0.9512803,0.047014084,0.030373031,0.053880073,0.01648435,0.020019926
S01_normal_walk,person,train,1,44.768348100000004,0.99121755,0.08198709,0.991872,0.042221803,0.04305797,0.06637345,0.015131545,0.019642238,0.0151775405,0.014308214,0.03461528,0.017646825,0.9868245,0.9368239,0.16725162,1.016011,0.06571312,0.070280395,0.10575422,0.01790127,0.02356164,0.02734294,0.026757717,0.07254034,0.03201755,0.9848609,0.012165399,0.02126024,0.02734294,0.016516408,0.01790127
S01_normal_walk,person,train,1,45.2483481,0.98530143,0.08957996,0.99779755,0.055781282,0.050846424,0.08925715,0.020456042,0.028246835,0.031299688,0.03402883,0.05589658,0.03469438,0.945018,0.93255174,0.17183584,1.0189948,0.060800206,0.062195815,0.100745924,0.017201234,0.023025807,0.019363292,0.018311799,0.058318615,0.022495063,0.9921142,0.011936396,0.02533149,0.031299688,0.018828638,0.020456042
S01_normal_walk,person,train,1,45.728348100000005,0.98567206,0.09073984,0.9915423,0.054814756,0.04970147,0.089476444,0.021567333,0.029101536,0.033840273,0.035081327,0.06475067,0.037197303,0.93416965,0.92886275,0.17582865,1.0154511,0.05394081,0.055263005,0.09045446,0.01596723,0.02177378,0.017043004,0.016029835,0.053857565,0.01993047,0.993579,0.016797269,0.02544164,0.033840273,0.018767282,0.021567333
S01_normal_walk,person,train,1,46.20834810000001,0.98473173,0.09293324,0.9896145,0.059015755,0.062141463,0.08957919,0.024064068,0.033352964,0.03317387,0.03102249,0.06932473,0.03774469,0.9398589,0.94439167,0.15089366,1.0087887,0.0399687,0.043590546,0.065673,0.013644605,0.018022489,0.03590372,0.038526535,0.08097136,0.04126397,0.98380864,0.002729848,0.034538794,0.03590372,0.018854337,0.024064068
S01_normal_walk,person,train,1,46.688348100000006,0.99076384,0.081668004,0.9877797,0.05812894,0.06273359,0.08729345,0.025544213,0.034715332,0.01786068,0.013987303,0.04932362,0.022444304,0.97184515,0.94292045,0.15448336,1.0092255,0.049435098,0.0505824,0.084551334,0.015407126,0.023802333,0.033134047,0.034517884,0.08133274,0.03839722,0.98461026,0.015273366,0.025497364,0.033134047,0.02047567,0.025544213
S01_normal_walk,person,train,1,47.16834810000001,0.9968981,0.07241125,0.9968638,0.04077362,0.037843682,0.07290683,0.02379866,0.031670023,0.009085119,0.00780493,0.026758552,0.011360193,0.99193084,0.94004107,0.16065538,1.0104595,0.06706805,0.061635833,0.12500297,0.019696586,0.029810002,0.03197666,0.030002236,0.08378321,0.037765235,0.9808654,0.02289154,0.020530889,0.03197666,0.021747623,0.02379866
S01_normal_walk,person,train,1,47.64834810000002,0.99685705,0.072878934,0.9961718,0.039886583,0.036889356,0.0727208,0.023069263,0.031155309,0.007474308,0.006305754,0.02319777,0.009462792,0.99526775,0.9463905,0.15290716,1.0106386,0.07273435,0.06917104,0.13551535,0.02016542,0.030131409,0.04079757,0.039810777,0.09165096,0.046899896,0.97432977,0.033323262,0.024135938,0.04079757,0.021617342,0.023069263
S01_normal_walk,person,train,1,48.12834810000001,0.9971353,0.07507549,0.9927139,0.034015756,0.031369213,0.059751853,0.018494947,0.025000699,0.005728012,0.005208254,0.013407588,0.0066243354,0.99827296,0.94724125,0.15129498,1.0096157,0.07477642,0.073591664,0.13494799,0.01962735,0.029624397,0.044900138,0.043569326,0.10092682,0.05143518,0.9676187,0.039172128,0.025314074,0.044900138,0.019061148,0.01962735
S01_normal_walk,person,train,1,48.60834810000002,0.9967727,0.08274389,0.99593663,0.026526375,0.02609526,0.040120408,0.015181443,0.02111624,0.0074140667,0.003810525,0.037691295,0.011425501,0.9950502,0.9544668,0.1434074,1.0117114,0.07073333,0.067244954,0.13168035,0.018270507,0.027837802,0.05884459,0.058020175,0.11769116,0.066217035,0.9464485,0.051430523,0.033129327,0.05884459,0.016725976,0.018270507
S01_normal_walk,person,train,1,49.08834810000002,0.99876976,0.085908234,0.9995623,0.016643671,0.016635684,0.026428128,0.011402482,0.014666691,0.009052012,0.0058871508,0.039673686,0.012979054,0.9949696,0.9714903,0.12172827,1.0041374,0.02578693,0.022519302,0.04907711,0.013644038,0.017369566,0.08622605,0.096144855,0.1434837,0.09537624,0.8974052,0.07717404,0.047639035,0.08622605,0.01252326,0.013644038
S01_normal_walk,person,train,1,49.56834810000002,0.9992026,0.08484919,0.9983377,0.01630618,0.016691089,0.024264064,0.010731391,0.013845944,0.007953597,0.0041919947,0.03546369,0.011795505,0.99548817,0.96701944,0.12595804,1.0073965,0.026274586,0.023378806,0.04535063,0.014146073,0.017917916,0.08048232,0.08688474,0.13783634,0.08901492,0.9092647,0.07252872,0.04421796,0.08048232,0.012438731,0.014146073
S01_normal_walk,person,train,1,50.04834810000002,0.99919266,0.08469547,0.9996902,0.017431762,0.018169334,0.027808929,0.010944943,0.014077439,0.008803049,0.005821705,0.03630966,0.012242213,0.9944509,0.9611746,0.13034378,1.00609,0.029852677,0.028429462,0.05374987,0.01450009,0.018430885,0.06996587,0.07613754,0.11895645,0.07752536,0.9359998,0.061162822,0.03938446,0.06996587,0.012722516,0.01450009
S01_normal_walk,person,train,1,50.528348100000024,0.9978503,0.08546729,0.99931467,0.019207004,0.019436125,0.029853692,0.011285227,0.014552267,0.009694762,0.0063619018,0.03952396,0.013529629,0.9936934,0.95829785,0.13183562,0.99936324,0.030105805,0.029691938,0.05402076,0.0147334,0.01872542,0.06493458,0.07047665,0.11263317,0.0720737,0.9475918,0.05523982,0.037314672,0.06493458,0.0130093135,0.0147334
S01_normal_walk,person,train,1,51.00834810000002,0.996427,0.0866133,0.99776685,0.020785514,0.02112771,0.033076018,0.012592999,0.016781919,0.0103163365,0.0062077045,0.042259395,0.0151817035,0.9929054,0.9440675,0.14692739,1.0037421,0.04197531,0.04116325,0.07156157,0.014688356,0.018758917,0.042438008,0.044085383,0.08679283,0.04780051,0.9758142,0.032121673,0.026377171,0.042438008,0.013640678,0.014688356
S01_normal_walk,person,train,1,51.488348100000024,0.9967238,0.084598824,0.9982652,0.022775797,0.023582038,0.03575121,0.012680224,0.016851518,0.008241125,0.0036697388,0.03611201,0.012508889,0.9953142,0.93562096,0.15924597,1.0064416,0.038873333,0.04014337,0.063099764,0.0151931625,0.0195341,0.02377032,0.022781253,0.059351206,0.027854634,0.9915131,0.015529194,0.016005723,0.02377032,0.013936693,0.0151931625
S01_normal_walk,person,train,1,51.968348100000014,0.99735063,0.07257064,0.9969027,0.036816828,0.034168415,0.07097606,0.014129421,0.01856463,0.009889309,0.00887239,0.028052568,0.012155629,0.9897599,0.9338353,0.16153963,1.0069969,0.03495519,0.035704315,0.05874309,0.014338719,0.018588275,0.019149296,0.018928826,0.056901574,0.022971546,0.99441636,0.009259987,0.014519302,0.019149296,0.01423407,0.014338719
S01_normal_walk,person,train,1,52.44834810000001,0.9986642,0.06742612,1.0006871,0.035453588,0.03135277,0.06834247,0.014889218,0.019698976,0.015107503,0.015987158,0.033914804,0.017117895,0.9801438,0.933422,0.161445,1.0104331,0.040846,0.041900676,0.06913257,0.01516884,0.019711575,0.01847387,0.01760757,0.057013035,0.022146832,0.9950294,0.003366366,0.016790686,0.01847387,0.015029029,0.01516884
S01_normal_walk,person,train,1,52.9283481,0.99963117,0.062104676,0.9997507,0.03240123,0.029175352,0.05425715,0.015838256,0.020597197,0.020441448,0.01955378,0.049152374,0.023266932,0.96460253,0.9488925,0.1420294,1.0048568,0.045918602,0.04891448,0.07763223,0.0143787,0.018986603,0.040309403,0.045775175,0.073723614,0.045906354,0.9881893,0.019867955,0.030375425,0.040309403,0.015108478,0.015838256
S01_normal_walk,person,train,1,53.408348100000005,0.99567,0.06151404,0.99156326,0.05858809,0.063400745,0.08702619,0.020146718,0.027444618,0.019721976,0.017554581,0.051466882,0.0229386,0.97128415,0.9562807,0.1313112,1.0045481,0.038918726,0.037783507,0.067867264,0.013907788,0.018531194,0.05581409,0.066502154,0.096526146,0.06269241,0.9733134,0.036092117,0.037768032,0.05581409,0.017027253,0.020146718
S01_normal_walk,person,train,1,53.8883481,0.97859836,0.08975852,0.99527,0.07980369,0.073529445,0.14751099,0.027299525,0.03925081,0.034373675,0.034091115,0.07089108,0.041440554,0.92749447,0.95177436,0.13770296,1.0047874,0.045008272,0.039382942,0.08734578,0.016188307,0.021932133,0.052390467,0.055489242,0.09703964,0.058100265,0.9704514,0.018016793,0.04338207,0.052390467,0.021743916,0.027299525
S01_normal_walk,person,train,1,54.368348100000006,0.9733047,0.09986225,0.9978407,0.07907203,0.073866025,0.14414015,0.03046645,0.042415664,0.045538567,0.049593687,0.08966297,0.053781707,0.90030503,0.95503515,0.13850033,1.0087215,0.042708285,0.036028057,0.087567195,0.016040055,0.021728724,0.061554916,0.06567311,0.11823028,0.06838611,0.9460055,0.01601635,0.05354674,0.061554916,0.023253253,0.03046645
S01_normal_walk,person,train,1,54.8483481,0.96839577,0.090932995,0.9930246,0.1347653,0.13789131,0.21567987,0.059228744,0.09888108,0.050427817,0.05015564,0.095959306,0.059212904,0.8436336,0.9406454,0.15728451,1.0098677,0.042509828,0.04018209,0.075884834,0.017774297,0.02378381,0.045061536,0.047876716,0.11196387,0.052669905,0.95814633,0.0053662807,0.047744676,0.050427817,0.03850152,0.059228744
S01_normal_walk,person,train,1,55.3283481,0.96202695,0.106588386,0.99811625,0.15174456,0.15699218,0.24267474,0.07777538,0.120965205,0.0692963,0.06870413,0.12435037,0.07982526,0.76238084,0.9317622,0.16760343,1.0031674,0.03973911,0.042827055,0.061822377,0.01790203,0.02376945,0.038967453,0.039182186,0.10324061,0.04498654,0.96660656,0.030328847,0.054131877,0.0692963,0.047838707,0.07777538
S01_normal_walk,person,train,1,55.8083481,0.97332597,0.08704861,0.9628083,0.17722309,0.17548792,0.27859178,0.097994916,0.14325403,0.071897656,0.07304251,0.17007273,0.08369363,0.54272914,0.9290387,0.17428818,1.0141227,0.049437333,0.05700575,0.07448138,0.018485215,0.025340462,0.032926403,0.03190255,0.08656585,0.0377315,0.97666156,0.038971253,0.05241203,0.071897656,0.058240063,0.097994916
S01_normal_walk,person,train,1,56.2883481,0.9749097,0.08546207,0.96684873,0.17776473,0.1753549,0.2784644,0.098819286,0.1438896,0.06944837,0.07074684,0.16506273,0.08065986,0.563307,0.9192566,0.18848003,1.0161884,0.046037655,0.051902447,0.06638324,0.020352613,0.027910553,0.020929283,0.015890658,0.06818086,0.02718595,0.9927157,0.048519082,0.045188826,0.06944837,0.05958595,0.098819286
S01_normal_walk,person,train,1,56.76834810000001,0.97808003,0.08158993,0.9785211,0.15074307,0.13919157,0.23395011,0.07106063,0.1130635,0.055913273,0.05877161,0.13033456,0.06472559,0.7112526,0.925408,0.17884195,1.0137528,0.051064152,0.05598843,0.08286723,0.020334091,0.028070822,0.016200993,0.013618171,0.05124998,0.019569054,0.9942227,0.03971228,0.036057133,0.055913273,0.04569736,0.07106063
S01_normal_walk,person,train,1,57.2483481,0.9833006,0.06925937,0.9816499,0.13281916,0.12156521,0.20864905,0.05123725,0.0920645,0.03483249,0.032770514,0.07846141,0.04073119,0.88036704,0.93571776,0.16591354,1.0137159,0.060280547,0.062036525,0.10247487,0.01913451,0.026700683,0.0215725,0.020169735,0.06194973,0.025797801,0.990988,0.013259988,0.028202495,0.03483249,0.03518588,0.05123725
S01_normal_walk,person,train,1,57.72834810000001,0.9881048,0.08919818,0.995999,0.07608269,0.08480211,0.12818559,0.021534622,0.038280033,0.020972617,0.019988298,0.0525223,0.026145106,0.97601104,0.9530523,0.14210582,1.0055009,0.056092963,0.059581462,0.09284244,0.015828714,0.021733424,0.048922352,0.054165125,0.087768555,0.05436565,0.9749225,0.027949736,0.034947485,0.048922352,0.018681668,0.021534622
S01_normal_walk,person,train,1,58.20834810000001,0.9973797,0.08055008,0.99643224,0.031002535,0.03054196,0.049291793,0.014218526,0.0184579,0.0070206122,0.005744815,0.02487266,0.008778843,0.99687356,0.96460074,0.12627615,1.0059428,0.03218792,0.029276105,0.057267874,0.013458881,0.01777394,0.07220944,0.08170724,0.11974609,0.079849534,0.93968046,0.065188825,0.039615028,0.07220944,0.013838703,0.014218526
S01_normal_walk,person,train,1,58.68834810000001,0.9978571,0.08742561,0.99992716,0.020373005,0.020985756,0.0328026,0.012706689,0.01645055,0.011026798,0.0069795847,0.04170233,0.01512773,0.9933831,0.96566874,0.124431275,1.0045407,0.02563088,0.024285108,0.04580765,0.012610326,0.016061816,0.07285312,0.082671285,0.119378924,0.08072868,0.94157135,0.06182632,0.04193996,0.07285312,0.012658507,0.012706689
